"forecast_date","date","point","Sydney","Melbourne","Brisbane","Adelaide","Perth","X"
2025-12-31,2025-07-01,NA,177.3538397,181.7523599,191.4760373,177.7904425,164.1032141,NA
2025-12-31,2025-07-02,NA,178.6456674,183.2735309,196.7313164,173.0236254,193.7044084,NA
2025-12-31,2025-07-03,NA,180.5524932,186.7143209,204.2216408,168.9611121,187.3256491,NA
2025-12-31,2025-07-04,NA,185.3608183,189.4745396,207.6592151,166.062833,178.8921774,NA
2025-12-31,2025-07-05,NA,189.1608259,195.0345567,208.2361204,164.3323955,172.9873726,NA
2025-12-31,2025-07-06,NA,193.0462164,199.4512896,208.3072732,163.7109319,171.5334517,NA
2025-12-31,2025-07-07,NA,196.5510686,200.8407973,208.5100252,163.0951329,168.9998534,NA
2025-12-31,2025-07-08,NA,200.3116956,199.1433979,206.9433487,161.6110121,161.5637433,NA
2025-12-31,2025-07-09,NA,199.5691631,195.1173691,202.8517997,159.8791332,191.6328636,NA
2025-12-31,2025-07-10,NA,197.046269,191.784008,198.6263307,159.0214404,185.849313,NA
2025-12-31,2025-07-11,NA,192.9260687,189.6535468,194.948975,158.2721849,177.1963061,NA
2025-12-31,2025-07-12,NA,189.6609756,187.0768562,191.8043343,157.7781248,171.0998328,NA
2025-12-31,2025-07-13,NA,187.445686,185.9743686,190.7355107,157.5967162,169.9986913,NA
2025-12-31,2025-07-14,NA,184.8597835,184.6788694,188.8863689,157.4681964,167.2103103,NA
2025-12-31,2025-07-15,NA,181.5992177,181.4880295,186.4125975,157.7503889,161.7106486,NA
2025-12-31,2025-07-16,NA,178.1527656,178.9720455,184.2536296,165.5454291,191.6611076,NA
2025-12-31,2025-07-17,NA,175.5108999,177.1888068,182.5373983,172.6751515,184.5950275,NA
2025-12-31,2025-07-18,NA,172.861686,175.472802,180.9520976,182.6929091,175.5980567,NA
2025-12-31,2025-07-19,NA,170.8923473,174.3653007,179.2717647,188.5850645,169.5133689,NA
2025-12-31,2025-07-20,NA,169.78462,174.0576562,178.5760737,189.9426768,168.6261179,NA
2025-12-31,2025-07-21,NA,168.1845792,173.2010178,177.6027861,189.7055116,166.0138392,NA
2025-12-31,2025-07-22,NA,166.5230346,172.0925268,176.2332727,186.2262629,160.123992,NA
2025-12-31,2025-07-23,NA,165.1076721,171.2951961,175.1426755,180.4792277,190.6911144,NA
2025-12-31,2025-07-24,NA,164.184603,170.5000696,174.054493,175.5817718,182.7222474,NA
2025-12-31,2025-07-25,NA,163.199988,170.0045509,173.1628531,171.9115354,174.453411,NA
2025-12-31,2025-07-26,NA,162.3999967,169.5163812,172.1417217,170.0176128,168.4814026,NA
2025-12-31,2025-07-27,NA,162.0923011,169.3953009,171.735428,169.7104296,167.5843924,NA
2025-12-31,2025-07-28,NA,162.5227569,168.9608703,171.1845269,168.4065604,164.6455442,NA
2025-12-31,2025-07-29,NA,164.6764463,167.9811773,169.8912746,164.702832,159.1690253,NA
2025-12-31,2025-07-30,NA,166.5230242,166.3868233,168.9385572,161.7996186,189.5309279,NA
2025-12-31,2025-07-31,NA,168.1236839,164.294626,167.8420266,160.0736798,181.5062141,NA
2025-12-31,2025-08-01,NA,170.7660688,163.3145207,166.3445046,166.9503744,173.6967694,NA
2025-12-31,2025-08-02,NA,173.6610876,165.2817503,165.0499067,173.9510777,168.5029263,NA
2025-12-31,2025-08-03,NA,175.8330303,166.3252568,164.9812723,177.9822154,167.6428282,NA
2025-12-31,2025-08-04,NA,181.7866031,167.6144008,165.390106,184.0261209,165.3837526,NA
2025-12-31,2025-08-05,NA,187.2524799,170.3160522,167.572848,187.1937548,161.8157222,NA
2025-12-31,2025-08-06,NA,190.6448828,172.9520626,171.0493841,186.5301486,193.4609021,NA
2025-12-31,2025-08-07,NA,190.4614637,177.0715311,174.9411851,182.8107849,183.5025265,NA
2025-12-31,2025-08-08,NA,189.0601076,180.1640912,180.7455882,178.5046154,174.55948,NA
2025-12-31,2025-08-09,NA,187.3962692,182.5829515,183.4570258,176.0263068,169.3119147,NA
2025-12-31,2025-08-10,NA,186.4449032,184.9994111,184.6736982,175.4979394,168.3478292,NA
2025-12-31,2025-08-11,NA,184.5430039,186.7836654,187.6673994,172.7595398,165.3253261,NA
2025-12-31,2025-08-12,NA,182.0664883,191.9751688,191.2788593,169.4662299,160.5809429,NA
2025-12-31,2025-08-13,NA,180.5013672,195.6124081,196.8355917,166.6589963,187.8567495,NA
2025-12-31,2025-08-14,NA,179.2173232,199.5039498,201.4682495,165.2876298,183.618549,NA
2025-12-31,2025-08-15,NA,177.6017187,199.5047937,202.2981669,164.4351601,176.2739165,NA
2025-12-31,2025-08-16,NA,176.839854,198.6254533,201.9911069,163.3291184,171.0470618,NA
2025-12-31,2025-08-17,NA,176.7447564,197.6907497,201.8683319,163.0190773,170.4964205,NA
2025-12-31,2025-08-18,NA,176.0315245,196.5358987,201.3157139,163.5556846,167.4662762,NA
2025-12-31,2025-08-19,NA,174.7001226,194.3948842,199.2866324,166.7808355,162.9564439,NA
2025-12-31,2025-08-20,NA,173.1782008,192.5260395,196.8355018,171.1283662,189.0687727,NA
2025-12-31,2025-08-21,NA,171.7994488,190.2180452,194.1268474,171.9202122,182.2418222,NA
2025-12-31,2025-08-22,NA,170.4206736,188.40613,192.4739891,171.526498,174.6458539,NA
2025-12-31,2025-08-23,NA,169.6123039,187.3066734,191.122766,172.9519229,169.1837669,NA
2025-12-31,2025-08-24,NA,169.231915,186.8131421,190.7542796,173.5195939,168.4595678,NA
2025-12-31,2025-08-25,NA,168.5186788,185.164718,189.1579885,173.5710554,165.9288116,NA
2025-12-31,2025-08-26,NA,167.7643997,183.3508303,186.8268517,170.4216488,162.1480367,NA
2025-12-31,2025-08-27,NA,167.3056975,182.088093,184.7963377,167.2567664,188.0992519,NA
2025-12-31,2025-08-28,NA,167.3680068,180.4974005,182.771819,165.5195661,185.603883,NA
2025-12-31,2025-08-29,NA,167.2946727,178.9554746,180.8681942,164.8032658,177.1402568,NA
2025-12-31,2025-08-30,NA,167.5934424,177.7475666,179.5175474,164.9293973,172.802308,NA
2025-12-31,2025-08-31,NA,168.8992023,177.3628426,179.1490977,165.028067,170.9886196,NA
2025-12-31,2025-09-01,NA,170.1830788,176.5380247,178.535069,165.6979887,169.0042454,NA
2025-12-31,2025-09-02,NA,172.2751187,175.3300132,177.7368256,169.333064,165.0503665,NA
2025-12-31,2025-09-03,NA,174.5599833,173.6267717,176.6929547,174.5270792,190.1451136,NA
2025-12-31,2025-09-04,NA,176.9352916,172.3624224,175.7105102,177.6209657,181.8054384,NA
2025-12-31,2025-09-05,NA,178.9793285,171.4291702,175.157884,179.0096471,175.2788709,NA
2025-12-31,2025-09-06,NA,182.0182795,170.6598871,174.3596407,178.4187662,170.7660771,NA
2025-12-31,2025-09-07,NA,183.686964,170.1647427,174.1756711,177.0305047,169.9443129,NA
2025-12-31,2025-09-08,NA,185.8672645,170.1654722,173.4999921,177.1122303,168.409247,NA
2025-12-31,2025-09-09,NA,190.0357404,170.5500128,172.5175598,175.415761,164.1823022,NA
2025-12-31,2025-09-10,NA,194.7069366,171.7580855,174.2979035,173.5578317,185.7068712,NA
2025-12-31,2025-09-11,NA,197.9781412,172.9675919,176.3246952,173.2268371,181.5336144,NA
2025-12-31,2025-09-12,NA,198.2423729,174.5743182,177.1123361,171.8721302,175.6779461,NA
2025-12-31,2025-09-13,NA,197.7635299,177.1443111,179.1899027,171.1540472,172.1235167,NA
2025-12-31,2025-09-14,NA,196.8516632,178.838409,181.1056501,171.058316,171.5913372,NA
2025-12-31,2025-09-15,NA,196.0357327,181.5498651,183.7877765,170.4359574,169.9458631,NA
2025-12-31,2025-09-16,NA,194.5514212,183.7650698,187.1134433,168.6659929,166.1900544,NA
2025-12-31,2025-09-17,NA,192.4392479,186.6679603,191.9734329,166.462329,183.5726317,NA
2025-12-31,2025-09-18,NA,189.6665583,191.0383214,197.3727016,165.4573306,178.402516,NA
2025-12-31,2025-09-19,NA,187.8335567,193.8327995,201.5459211,165.4573599,173.5437824,NA
2025-12-31,2025-09-20,NA,186.5378882,198.5653674,203.9774523,167.4681423,171.2850835,NA
2025-12-31,2025-09-21,NA,185.4347713,202.7897158,204.8504594,169.0477536,170.7034414,NA
2025-12-31,2025-09-22,NA,183.9243041,202.8584181,204.4674402,171.2476241,169.0820088,NA
2025-12-31,2025-09-23,NA,182.2229717,200.0680417,201.9273362,176.7375293,165.755892,NA
2025-12-31,2025-09-24,NA,180.0158325,199.4096125,199.3767706,183.628005,181.5832601,NA
2025-12-31,2025-09-25,NA,177.6155292,197.8791561,197.4648478,189.5472345,181.0353232,NA
2025-12-31,2025-09-26,NA,175.5051581,195.9650085,196.2062235,190.0154318,176.3451779,NA
2025-12-31,2025-09-27,NA,173.6345846,196.3925497,195.1120072,189.8239428,173.7088368,NA
2025-12-31,2025-09-28,NA,172.6277954,195.3759394,194.291354,189.9191227,173.1988883,NA
2025-12-31,2025-09-29,NA,171.4278593,194.0532562,193.0877106,186.4837019,172.3206552,NA
2025-12-31,2025-09-30,NA,169.6055646,191.8124305,191.0081113,179.5963541,168.1138688,NA
2025-12-31,2025-10-01,NA,168.2147605,189.7999552,189.4221193,173.4121184,184.2234925,NA
2025-12-31,2025-10-02,NA,167.8304802,188.2031679,187.780716,168.9672052,178.8153017,NA
2025-12-31,2025-10-03,NA,167.3023138,186.3703126,186.0844085,165.0695085,174.1100551,NA
2025-12-31,2025-10-04,NA,167.5430528,185.0996738,184.2797988,163.8775937,171.3853629,NA
2025-12-31,2025-10-05,NA,167.9261224,183.8858683,183.2945925,164.1883524,171.1820677,NA
2025-12-31,2025-10-06,NA,168.3095303,183.5585934,182.5833679,165.4562403,169.6633673,NA
2025-12-31,2025-10-07,NA,169.5233823,181.6019131,181.7079981,167.8455138,165.7033008,NA
2025-12-31,2025-10-08,NA,172.8172072,180.3193555,180.0119613,171.9459753,180.9866323,NA
2025-12-31,2025-10-09,NA,174.9293071,177.4031241,178.5349498,179.5589758,177.7731185,NA
2025-12-31,2025-10-10,NA,176.3207524,175.6404673,176.2369889,181.8293549,171.8833892,NA
2025-12-31,2025-10-11,NA,177.3277293,173.3336139,174.3221579,182.2602437,168.9545263,NA
2025-12-31,2025-10-12,NA,178.1895828,172.6629034,173.501456,182.342321,168.5837236,NA
2025-12-31,2025-10-13,NA,182.9088107,171.7566921,172.8449755,179.1086782,166.7985987,NA
2025-12-31,2025-10-14,NA,190.2856041,169.9474765,171.2036737,171.5488255,162.9508288,NA
2025-12-31,2025-10-15,NA,193.5407044,168.1099319,170.5471308,166.1556481,183.3318381,NA
2025-12-31,2025-10-16,NA,195.3161259,166.1198852,172.1324815,163.255755,176.3857951,NA
2025-12-31,2025-10-17,NA,194.0226273,165.6282367,175.195309,164.7992486,170.78653,NA
2025-12-31,2025-10-18,NA,192.4383642,166.4334222,177.1124555,165.5531468,167.8628157,NA
2025-12-31,2025-10-19,NA,191.3090752,167.3210336,178.2065984,166.933547,167.3859471,NA
2025-12-31,2025-10-20,NA,189.3524473,169.0212029,180.1197499,171.9666203,166.3650235,NA
2025-12-31,2025-10-21,NA,187.0161216,172.345764,183.6210011,174.1701141,163.0978539,NA
2025-12-31,2025-10-22,NA,185.0543409,176.8085688,187.6161587,173.7384822,183.4739921,NA
2025-12-31,2025-10-23,NA,183.5158198,182.1095211,192.4587977,172.0636184,177.8289206,NA
2025-12-31,2025-10-24,NA,181.6443495,185.613751,196.3698911,170.9625902,170.618791,NA
2025-12-31,2025-10-25,NA,180.2542314,188.8549877,200.2552317,170.1487532,168.4803915,NA
2025-12-31,2025-10-26,NA,179.6,192.6800905,202.3633036,170.0530134,168.0697819,NA
2025-12-31,2025-10-27,NA,179.5345933,197.3935267,203.9485477,168.8052083,167.2098885,NA
2025-12-31,2025-10-28,NA,178.2837868,203.511396,204.4396651,167.1976661,163.7913363,NA
2025-12-31,2025-10-29,NA,177.1914406,204.1600517,204.0713226,166.4170975,184.5040349,NA
2025-12-31,2025-10-30,NA,175.8246427,204.705773,204.0713291,166.0898289,179.4480183,NA
2025-12-31,2025-10-31,NA,174.1839002,203.0138728,203.0277134,166.2102271,173.833935,NA
2025-12-31,2025-11-01,NA,173.3101649,201.2133819,201.4315806,166.0060119,170.7815056,NA
2025-12-31,2025-11-02,NA,172.4352967,200.7222254,200.7272507,165.8842863,170.0023626,NA
2025-12-31,2025-11-03,NA,171.8879817,199.6854206,199.4671185,166.7049095,168.9900481,NA
2025-12-31,2025-11-04,NA,171.396839,199.0308293,198.3008796,169.0515816,165.2590467,NA
2025-12-31,2025-11-05,NA,170.5220501,197.6118822,196.7046048,175.7202307,186.6185046,NA
2025-12-31,2025-11-06,NA,170.1387267,195.7015903,195.1697129,182.1596063,181.2411343,NA
2025-12-31,2025-11-07,NA,170.5210032,193.9011854,193.6964324,182.1765807,176.6504057,NA
2025-12-31,2025-11-08,NA,171.2873808,192.3732088,192.2231185,179.876265,172.0553921,NA
2025-12-31,2025-11-09,NA,172.4347463,191.7729887,191.3022944,177.6523405,171.0886077,NA
2025-12-31,2025-11-10,NA,173.3082728,190.3042983,190.3201224,175.9643376,170.1940522,NA
2025-12-31,2025-11-11,NA,175.9896974,187.3006999,188.231877,173.9495205,166.4258424,NA
2025-12-31,2025-11-12,NA,178.3905589,184.1346309,185.7162848,171.848745,187.1784429,NA
2025-12-31,2025-11-13,NA,181.4001727,181.8984577,183.7512617,170.6568434,181.4600234,NA
2025-12-31,2025-11-14,NA,183.7954336,179.3332995,181.7255266,169.6700297,176.2464818,NA
2025-12-31,2025-11-15,NA,187.7066111,176.6573511,179.945186,168.8447995,173.3097595,NA
2025-12-31,2025-11-16,NA,191.5669537,175.4568767,178.9629097,168.064888,172.9154156,NA
2025-12-31,2025-11-17,NA,193.8615934,174.6383548,178.164224,167.738002,171.904333,NA
2025-12-31,2025-11-18,NA,197.9535634,173.4378379,176.0134754,170.9216855,167.7823063,NA
2025-12-31,2025-11-19,NA,201.5190131,173.1660182,174.7884005,176.6709028,187.3145503,NA
2025-12-31,2025-11-20,NA,202.3325571,175.5653249,175.4037995,182.7679575,183.1723939,NA
2025-12-31,2025-11-21,NA,199.7654264,177.9123189,177.671815,187.9263824,177.3000207,NA
2025-12-31,2025-11-22,NA,196.7594644,179.6586004,180.1913971,188.1855055,174.1219467,NA
2025-12-31,2025-11-23,NA,194.0798098,181.0203959,182.4313639,188.267769,173.3818738,NA
2025-12-31,2025-11-24,NA,192.768463,183.6416733,186.2951298,186.9497373,172.485671,NA
2025-12-31,2025-11-25,NA,191.0770785,186.4866262,190.0857934,184.3615684,168.4775301,NA
2025-12-31,2025-11-26,NA,187.8029148,190.0073921,193.8878917,181.9748611,188.5734818,NA
2025-12-31,2025-11-27,NA,184.5784586,194.0651275,197.8390009,179.956119,182.6366339,NA
2025-12-31,2025-11-28,NA,181.1815691,197.2850446,201.6762456,176.7484727,176.6979131,NA
2025-12-31,2025-11-29,NA,178.5025969,199.8469946,205.1169197,173.8651104,173.5784897,NA
2025-12-31,2025-11-30,NA,176.4802943,202.7410204,206.956708,172.138244,173.0111648,NA
2025-12-31,2025-12-01,NA,175.7146465,205.2509688,209.3507315,170.2511136,172.0967096,NA
2025-12-31,2025-12-02,NA,174.2958869,206.3427488,210.087523,167.5293665,168.2394037,NA
2025-12-31,2025-12-03,NA,171.7244497,206.9976317,209.8419665,165.8429958,188.2836696,NA
2025-12-31,2025-12-04,NA,169.7012626,206.7248099,208.8601157,164.9381605,181.8196329,NA
2025-12-31,2025-12-05,NA,171.2338004,205.6333894,206.8953093,166.1596332,176.518034,NA
2025-12-31,2025-12-06,NA,173.5824323,204.2146267,205.6674613,169.6777491,173.2902246,NA
2025-12-31,2025-12-07,NA,175.7144691,203.7236496,205.1763517,173.5059406,172.6670894,NA
2025-12-31,2025-12-08,NA,178.17379,202.2507334,204.0102184,178.1783997,171.8913849,NA
2025-12-31,2025-12-09,NA,180.9515686,199.8489124,201.8017463,180.6951744,167.738335,NA
2025-12-31,2025-12-10,NA,184.6781627,196.9574769,198.4844476,182.5892849,188.1922738,NA
2025-12-31,2025-12-11,NA,192,194,195,179,180.8196329,NA
2025-12-31,2025-12-12,NA,197,190,192,175,175.518034,NA
2025-12-31,2025-12-13,NA,201,187,189,174,172.2902246,NA
2025-12-31,2025-12-14,NA,202,185,187,172,171.6670894,NA
2025-12-31,2025-12-15,NA,203,182.5,181,168,170.8913849,NA
2025-12-31,2025-12-16,NA,202.5,179,178,165,165.738335,NA
2025-12-31,2025-12-17,NA,202,176,176,162,188.1922738,NA
2025-12-31,2025-12-18,NA,200,174,175.5,161,178.8196329,NA
2025-12-31,2025-12-19,NA,196.5,172.5,174,164,173.018034,NA
2025-12-31,2025-12-20,NA,194.5,171,173.5,167.5,170.2902246,NA
2025-12-31,2025-12-21,NA,192.5,170.5,173,170,169.6670894,NA
2025-12-31,2025-12-22,NA,190.75,168.75,172.5,175,168.8913849,NA
2025-12-31,2025-12-23,NA,189,168,172,175,163.738335,NA
2025-12-31,2025-12-24,NA,187.25,167,171.5,175,186.1922738,NA
2025-12-31,2025-12-25,NA,185.5,167,171,175,176.8196329,NA
2025-12-31,2025-12-26,NA,183.75,167.5,170.5,175,171.018034,NA
2025-12-31,2025-12-27,NA,182,170,170.5,175,168.2902246,NA
2025-12-31,2025-12-28,NA,180.25,170.5,170,175,167.6670894,NA
2025-12-31,2025-12-29,NA,178.5,172.5,169.5,175,166.8913849,NA
2025-12-31,2025-12-30,NA,176.75,174,169,175,161.738335,NA
2025-12-31,2025-12-31,NA,175,176,168.5,175,184.1922738,NA
2025-12-31,2026-01-01,NA,176.2152778,188.2066993,188.8785239,164.2555147,160.0158292,NA
2025-12-31,2026-01-02,NA,176.2152778,188.2066993,188.8785239,164.2555147,160.0158292,NA
2025-12-31,2026-01-03,NA,176.2152778,188.2066993,188.8785239,164.2555147,160.0158292,NA
2025-12-31,2026-01-04,NA,176.2152778,188.2066993,188.8785239,164.2555147,160.0158292,NA
2025-12-31,2026-01-05,NA,176.2152778,188.2066993,188.8785239,164.2555147,160.0158292,NA
2025-12-31,2026-01-06,NA,176.2152778,188.2066993,188.8785239,164.2555147,160.0158292,NA
2025-12-31,2026-01-07,NA,176.2152778,188.2066993,188.8785239,164.2555147,160.0158292,NA
2025-12-31,2026-01-08,NA,176.2152778,188.2066993,188.8785239,164.2555147,160.0158292,NA
2025-12-31,2026-01-09,NA,176.2152778,188.2066993,188.8785239,164.2555147,160.0158292,NA
2025-12-31,2026-01-10,NA,176.2152778,188.2066993,188.8785239,164.2555147,160.0158292,NA
2025-12-31,2026-01-11,NA,176.2152778,188.2066993,188.8785239,164.2555147,160.0158292,NA
2025-12-31,2026-01-12,NA,176.2152778,188.2066993,188.8785239,164.2555147,160.0158292,NA
2025-12-31,2026-01-13,NA,176.2152778,188.2066993,188.8785239,164.2555147,160.0158292,NA
2025-12-31,2026-01-14,NA,176.2152778,188.2066993,188.8785239,164.2555147,160.0158292,NA
2025-12-31,2026-01-15,NA,176.2152778,188.2066993,188.8785239,164.2555147,160.0158292,NA
2025-12-31,2026-01-16,NA,176.2152778,188.2066993,188.8785239,164.2555147,160.0158292,NA
2025-12-31,2026-01-17,NA,176.2152778,188.2066993,188.8785239,164.2555147,160.0158292,NA
2025-12-31,2026-01-18,NA,176.2152778,188.2066993,188.8785239,164.2555147,160.0158292,NA
2025-12-31,2026-01-19,NA,176.2152778,188.2066993,188.8785239,164.2555147,160.0158292,NA
2025-12-31,2026-01-20,NA,176.2152778,188.2066993,188.8785239,164.2555147,160.0158292,NA
2025-12-31,2026-01-21,NA,178.9029988,184.461829,185.2351724,164.5597031,179.3411005,NA
2025-12-31,2026-01-22,NA,182.1664808,181.1638891,181.582858,166.6604241,171.2428889,NA
2025-12-31,2026-01-23,NA,184.567006,177.3590226,177.8389212,166.1086469,166.221758,NA
2025-12-31,2026-01-24,NA,185.8144868,174.3829365,174.7687261,163.3884655,164.1653543,NA
2025-12-31,2026-01-25,NA,186.2946319,172.3668935,172.4642449,163.0824243,163.5912705,NA
2025-12-31,2026-01-26,NA,187.6389081,170.4473553,170.8311389,162.4669587,162.6724462,NA
2025-12-31,2026-01-27,NA,188.7902699,168.1433499,168.144983,161.7844339,159.2615371,NA
2025-12-31,2026-01-28,NA,186.7745935,165.3590343,165.6484644,160.861801,178.481213,NA
2025-12-31,2026-01-29,NA,185.1432394,163.3435923,163.5355398,160.4959095,169.8441229,NA
2026-03-16,2026-01-29,1,181.9,161.6,162.1,160,164.8,NA
2025-12-31,2026-01-30,NA,181.9753533,161.4237779,161.9996153,159.8742698,164.8905776,NA
2026-03-16,2026-01-30,1,180.1,160.6,161.1,159.3,162.8,NA
2025-12-31,2026-01-31,NA,179.9588795,160.4633816,160.9433138,159.2578161,162.6801977,NA
2026-03-16,2026-01-31,2,179.2,160.1,160.3,159,162.2,NA
2025-12-31,2026-02-01,NA,179.2388597,160.0797007,160.2716548,158.8874146,162.2004335,NA
2026-03-16,2026-02-01,3,177.6,159.5,159.6,158.4,161.5,NA
2026-03-18,2026-02-01,1,177.5,159.5,159.6,158.5,161.4,NA
2025-12-31,2026-02-02,NA,177.5595323,159.4078325,159.5997955,158.3928503,161.479639,NA
2026-03-16,2026-02-02,4,175.6,158.9,159.1,158,157.9,NA
2026-03-18,2026-02-02,2,175.6,158.9,159,158,157.9,NA
2026-03-19,2026-02-02,1,175.5,158.9,159,158.1,157.8,NA
2025-12-31,2026-02-03,NA,175.5435946,158.7354572,158.9274138,157.9620032,158.5231211,NA
2026-03-16,2026-02-03,5,172.7,159,159.2,158,178.6,NA
2026-03-18,2026-02-03,3,172.7,159,159.2,158,178.6,NA
2026-03-19,2026-02-03,2,172.7,159,159.2,157.9,178.6,NA
2026-03-20,2026-02-03,1,175.5,158.9,159,158.1,157.8,NA
2025-12-31,2026-02-04,NA,172.5678454,158.8317467,159.1670972,157.8996641,178.1489337,NA
2026-03-16,2026-02-04,6,169.1,159.2,159.3,158.1,169.7,NA
2026-03-18,2026-02-04,4,169.1,159.2,159.4,158.1,169.7,NA
2026-03-19,2026-02-04,3,169.1,159.2,159.4,158.2,169.7,NA
2026-03-20,2026-02-04,2,172.7,159,159.2,157.9,178.6,NA
2026-03-21,2026-02-04,1,172.5,158.9,159.3,157.9,178.6,NA
2025-12-31,2026-02-05,NA,169.0151958,159.1426993,159.2386554,158.0850789,169.7604445,NA
2026-03-16,2026-02-05,7,167,159.6,159.4,157.6,164.8,NA
2026-03-18,2026-02-05,5,167,159.6,159.5,157.5,164.8,NA
2026-03-19,2026-02-05,4,167,159.6,159.5,157.5,164.8,NA
2026-03-20,2026-02-05,3,169.1,159.2,159.4,158.2,169.7,NA
2026-03-21,2026-02-05,2,169,159.3,159.3,158.2,169.7,NA
2026-03-22,2026-02-05,1,168.9,159.3,159.3,158.2,169.6,NA
2025-12-31,2026-02-06,NA,166.9036486,159.5034451,159.4074175,157.4681692,164.6906356,NA
2026-03-16,2026-02-06,8,164.9,159.7,160.1,157.1,162.6,NA
2026-03-18,2026-02-06,6,164.9,159.7,160.1,157.2,162.6,NA
2026-03-19,2026-02-06,5,164.9,159.7,160.1,157.1,162.6,NA
2026-03-20,2026-02-06,4,167,159.6,159.5,157.5,164.8,NA
2026-03-21,2026-02-06,3,167,159.6,159.5,157.5,164.8,NA
2026-03-22,2026-02-06,2,167,159.6,159.5,157.5,164.8,NA
2026-03-23,2026-02-06,1,166.8,159.6,159.5,157.5,164.7,NA
2025-12-31,2026-02-07,NA,164.7917117,159.6957326,159.983676,157.0970432,162.4878226,NA
2026-03-16,2026-02-07,9,163.8,159.7,160.5,157,161.8,NA
2026-03-18,2026-02-07,7,163.8,159.7,160.6,157,161.9,NA
2026-03-19,2026-02-07,6,163.8,159.7,160.6,157.1,161.9,NA
2026-03-20,2026-02-07,5,164.9,159.7,160.1,157.1,162.6,NA
2026-03-21,2026-02-07,4,164.9,159.7,160,157.1,162.6,NA
2026-03-22,2026-02-07,3,164.9,159.7,160,157.1,162.6,NA
2026-03-23,2026-02-07,2,164.9,159.7,160,157.1,162.6,NA
2026-03-24,2026-02-07,1,164.9,159.7,160,157.1,162.6,NA
2025-12-31,2026-02-08,NA,163.6391756,159.6952208,160.4632939,156.9745794,161.7686387,NA
2026-03-16,2026-02-08,10,162.3,160.7,162.4,156.9,160.8,NA
2026-03-18,2026-02-08,8,162.3,160.7,162.3,156.9,160.7,NA
2026-03-19,2026-02-08,7,162.3,160.7,162.3,156.8,160.8,NA
2026-03-20,2026-02-08,6,163.8,159.7,160.6,157.1,161.9,NA
2026-03-21,2026-02-08,5,163.8,159.7,160.5,157.1,161.9,NA
2026-03-22,2026-02-08,4,163.8,159.7,160.5,157.1,161.9,NA
2026-03-23,2026-02-08,3,163.8,159.7,160.5,157.1,161.9,NA
2026-03-24,2026-02-08,2,163.8,159.7,160.5,157.1,161.9,NA
2026-03-25,2026-02-08,1,163.8,159.7,160.5,157.1,161.9,NA
2025-12-31,2026-02-09,NA,162.2957032,160.6125278,162.2873638,156.7890256,160.7518936,NA
2026-03-16,2026-02-09,11,160.1,161.2,164.6,156.7,157.2,NA
2026-03-18,2026-02-09,9,160.1,161.2,164.5,156.7,157.3,NA
2026-03-19,2026-02-09,8,160.1,161.2,164.5,156.7,157.3,NA
2026-03-20,2026-02-09,7,162.3,160.7,162.3,156.8,160.8,NA
2026-03-21,2026-02-09,6,162.3,160.8,162.3,156.8,160.8,NA
2026-03-22,2026-02-09,5,162.3,160.8,162.3,156.8,160.7,NA
2026-03-23,2026-02-09,4,162.3,160.8,162.3,156.8,160.8,NA
2026-03-24,2026-02-09,3,162.3,160.8,162.3,156.8,160.8,NA
2026-03-25,2026-02-09,2,162.3,160.7,162.3,156.8,160.7,NA
2026-03-26,2026-02-09,1,162.2,160.7,162.3,156.9,160.7,NA
2025-12-31,2026-02-10,NA,160.0878795,161.039705,164.5425838,156.6030751,158.0315792,NA
2026-03-16,2026-02-10,12,159.4,162.3,167.1,156.4,178.1,NA
2026-03-18,2026-02-10,10,159.4,162.2,167,156.4,178.1,NA
2026-03-19,2026-02-10,9,159.4,162.3,167,156.3,178.1,NA
2026-03-20,2026-02-10,8,160.1,161.2,164.5,156.7,157.3,NA
2026-03-21,2026-02-10,7,160.1,161.2,164.5,156.7,157.3,NA
2026-03-22,2026-02-10,6,160.1,161.2,164.5,156.7,157.3,NA
2026-03-23,2026-02-10,5,160.1,161.2,164.5,156.7,157.3,NA
2026-03-24,2026-02-10,4,160.1,161.2,164.5,156.7,157.3,NA
2026-03-25,2026-02-10,3,160.1,161.2,164.5,156.7,157.3,NA
2026-03-26,2026-02-10,2,160.2,161.2,164.5,156.6,157.3,NA
2026-03-27,2026-02-10,1,160.2,161.2,164.7,156.6,157.1,NA
2025-12-31,2026-02-11,NA,159.2488592,162.1874248,166.9931142,156.2957174,177.7708738,NA
2026-03-16,2026-02-11,13,159.7,165.9,168,157.3,169.5,NA
2026-03-18,2026-02-11,11,159.7,165.9,168,157.4,169.5,NA
2026-03-19,2026-02-11,10,159.7,165.9,168,157.4,169.5,NA
2026-03-20,2026-02-11,9,159.4,162.3,167,156.3,178.1,NA
2026-03-21,2026-02-11,8,159.3,162.3,167.1,156.3,178.1,NA
2026-03-22,2026-02-11,7,159.3,162.3,167.1,156.3,178.1,NA
2026-03-23,2026-02-11,6,159.3,162.3,167.1,156.3,178.1,NA
2026-03-24,2026-02-11,5,159.3,162.3,167.1,156.3,178.1,NA
2026-03-25,2026-02-11,4,159.3,162.4,167.1,156.3,178.1,NA
2026-03-26,2026-02-11,3,159.4,162.4,167.1,156.4,178,NA
2026-03-27,2026-02-11,2,159.4,162.3,167.1,156.4,178.1,NA
2026-03-28,2026-02-11,1,159.4,162.5,167.1,156.4,178.1,NA
2025-12-31,2026-02-12,NA,159.7036322,165.7799873,167.8561133,157.4091983,169.3096252,NA
2026-03-16,2026-02-12,14,159.9,170.3,170.4,154.1,164.2,NA
2026-03-18,2026-02-12,12,159.9,170.3,170.3,154.1,164.1,NA
2026-03-19,2026-02-12,11,159.9,170.3,170.3,154.1,164.1,NA
2026-03-20,2026-02-12,10,159.7,165.9,168,157.4,169.5,NA
2026-03-21,2026-02-12,9,159.7,165.9,167.9,157.4,169.5,NA
2026-03-22,2026-02-12,8,159.7,165.9,167.9,157.4,169.5,NA
2026-03-23,2026-02-12,7,159.7,165.9,167.9,157.4,169.5,NA
2026-03-24,2026-02-12,6,159.7,165.9,167.9,157.4,169.5,NA
2026-03-25,2026-02-12,5,159.7,165.8,167.9,157.4,169.5,NA
2026-03-26,2026-02-12,4,159.7,165.8,167.9,157.3,169.4,NA
2026-03-27,2026-02-12,3,159.7,165.9,167.9,157.3,169.4,NA
2026-03-28,2026-02-12,2,159.7,165.9,167.9,157.3,169.4,NA
2026-03-29,2026-02-12,1,159.7,166,168.1,157.3,169.3,NA
2025-12-31,2026-02-13,NA,159.7999192,170.2558543,170.2549665,153.9492363,164.0630013,NA
2026-03-16,2026-02-13,15,160,173.2,172,152.8,162,NA
2026-03-18,2026-02-13,13,160,173.3,172.1,152.8,161.9,NA
2026-03-19,2026-02-13,12,160,173.2,172.1,152.9,161.9,NA
2026-03-20,2026-02-13,11,159.9,170.3,170.3,154.1,164.1,NA
2026-03-21,2026-02-13,10,159.9,170.4,170.4,154.1,164.1,NA
2026-03-22,2026-02-13,9,159.9,170.4,170.4,154.1,164.1,NA
2026-03-23,2026-02-13,8,159.9,170.4,170.4,154.1,164.1,NA
2026-03-24,2026-02-13,7,159.9,170.4,170.4,154.1,164.1,NA
2026-03-25,2026-02-13,6,159.9,170.4,170.4,154.1,164.1,NA
2026-03-26,2026-02-13,5,159.9,170.4,170.4,154.1,164.2,NA
2026-03-27,2026-02-13,4,159.9,170.4,170.4,154.1,164.2,NA
2026-03-28,2026-02-13,3,159.9,170.4,170.4,154.1,164.2,NA
2026-03-29,2026-02-13,2,159.9,170.4,170.4,154,164.2,NA
2026-03-30,2026-02-13,1,159.9,170.5,170.4,154,164,NA
2025-12-31,2026-02-14,NA,159.8953715,173.1347472,171.9848596,152.7779014,161.8643326,NA
2026-03-16,2026-02-14,16,159.7,173.7,172.8,152.8,161.3,NA
2026-03-18,2026-02-14,14,159.7,173.7,172.8,152.8,161.4,NA
2026-03-19,2026-02-14,13,159.7,173.7,172.8,152.9,161.4,NA
2026-03-20,2026-02-14,12,160,173.2,172.1,152.9,161.9,NA
2026-03-21,2026-02-14,11,160,173.2,172.1,152.9,161.9,NA
2026-03-22,2026-02-14,10,160,173.3,172.1,152.9,161.9,NA
2026-03-23,2026-02-14,9,160,173.2,172.1,152.9,161.9,NA
2026-03-24,2026-02-14,8,160,173.3,172.1,152.9,161.9,NA
2026-03-25,2026-02-14,7,160,173.2,172.1,152.9,161.9,NA
2026-03-26,2026-02-14,6,160.1,173.2,172.1,152.8,162,NA
2026-03-27,2026-02-14,5,160.1,173.3,172.1,152.8,162,NA
2026-03-28,2026-02-14,4,160.1,173.3,172.1,152.8,162,NA
2026-03-29,2026-02-14,3,160.1,173.2,172.1,152.8,162,NA
2026-03-30,2026-02-14,2,160.1,173.3,172.1,152.8,162,NA
2026-03-31,2026-02-14,1,160.1,173.3,172.1,152.8,162,NA
2025-12-31,2026-02-15,NA,159.7036572,173.7108651,172.6558902,152.7770347,161.2877742,NA
2026-03-16,2026-02-15,17,160.1,171.9,175,153.1,160.5,NA
2026-03-18,2026-02-15,15,160.1,171.9,174.9,153.1,160.3,NA
2026-03-19,2026-02-15,14,160.1,171.9,174.9,153,160.3,NA
2026-03-20,2026-02-15,13,159.7,173.7,172.8,152.9,161.4,NA
2026-03-21,2026-02-15,12,159.7,173.7,172.7,152.9,161.4,NA
2026-03-22,2026-02-15,11,159.7,173.7,172.7,152.9,161.4,NA
2026-03-23,2026-02-15,10,159.7,173.7,172.7,152.9,161.4,NA
2026-03-24,2026-02-15,9,159.7,173.7,172.7,152.9,161.4,NA
2026-03-25,2026-02-15,8,159.7,173.7,172.7,152.9,161.4,NA
2026-03-26,2026-02-15,7,159.7,173.7,172.7,152.8,161.4,NA
2026-03-27,2026-02-15,6,159.7,173.7,172.7,152.8,161.4,NA
2026-03-28,2026-02-15,5,159.7,173.7,172.7,152.8,161.4,NA
2026-03-29,2026-02-15,4,159.7,173.7,172.7,152.8,161.4,NA
2026-03-30,2026-02-15,3,159.7,173.7,172.7,152.8,161.4,NA
2026-03-31,2026-02-15,2,159.7,173.7,172.7,152.8,161.4,NA
2026-04-01,2026-02-15,1,160.1,173.3,172.1,152.8,162,NA
2025-12-31,2026-02-16,NA,159.9919188,171.8873438,174.86299,152.9619121,160.2915735,NA
2026-03-16,2026-02-16,18,160.1,171.3,178.7,154.3,156.2,NA
2026-03-18,2026-02-16,16,160.1,171.3,178.7,154.3,156.2,NA
2026-03-19,2026-02-16,15,160.1,171.3,178.7,154.2,156.2,NA
2026-03-20,2026-02-16,14,160.1,171.9,174.9,153,160.3,NA
2026-03-21,2026-02-16,13,160,171.9,174.9,153,160.3,NA
2026-03-22,2026-02-16,12,160,171.9,174.9,153,160.3,NA
2026-03-23,2026-02-16,11,160,171.9,174.9,153,160.3,NA
2026-03-24,2026-02-16,10,160,171.9,174.9,153,160.3,NA
2026-03-25,2026-02-16,9,160,172.1,174.9,153,160.3,NA
2026-03-26,2026-02-16,8,160.1,172.1,174.9,153.2,160.4,NA
2026-03-27,2026-02-16,7,160.1,171.9,174.9,153.2,160.4,NA
2026-03-28,2026-02-16,6,160.1,171.9,174.9,153.2,160.4,NA
2026-03-29,2026-02-16,5,160.1,171.9,174.9,153,160.4,NA
2026-03-30,2026-02-16,4,160.1,171.9,174.9,153,160.4,NA
2026-03-31,2026-02-16,3,160.1,171.9,174.9,153,160.4,NA
2026-04-01,2026-02-16,2,159.7,173.7,172.7,152.8,161.4,NA
2026-04-02,2026-02-16,1,160.1,171.9,175.1,153,160.4,NA
2025-12-31,2026-02-17,NA,159.991389,171.2148103,178.7026739,154.1904194,156.9569835,NA
2026-03-16,2026-02-17,19,161,172.7,182.1,158.4,177.4,NA
2026-03-18,2026-02-17,17,161,172.7,182.2,158.5,177.4,NA
2026-03-19,2026-02-17,16,161,172.7,182.2,158.5,177.4,NA
2026-03-20,2026-02-17,15,160.1,171.3,178.7,154.2,156.2,NA
2026-03-21,2026-02-17,14,160,171.4,178.8,154.2,156.2,NA
2026-03-22,2026-02-17,13,160,171.4,178.8,154.2,156.2,NA
2026-03-23,2026-02-17,12,160,171.4,178.8,154.2,156.2,NA
2026-03-24,2026-02-17,11,160,171.4,178.8,154.2,156.2,NA
2026-03-25,2026-02-17,10,160,171.4,178.8,154.2,156.2,NA
2026-03-26,2026-02-17,9,160.1,171.4,178.8,154.3,156.3,NA
2026-03-27,2026-02-17,8,160.1,171.4,178.8,154.3,156.3,NA
2026-03-28,2026-02-17,7,160.1,171.4,178.8,154.3,156.3,NA
2026-03-29,2026-02-17,6,160.1,171.4,178.8,154.4,156.3,NA
2026-03-30,2026-02-17,5,160.1,171.4,178.8,154.4,156.3,NA
2026-03-31,2026-02-17,4,160.1,171.3,178.8,154.4,156.3,NA
2026-04-01,2026-02-17,3,160.1,171.9,174.9,153,160.4,NA
2026-04-02,2026-02-17,2,160.1,171.4,178.8,154.4,156.3,NA
2025-12-31,2026-02-18,NA,160.8557516,172.5592047,182.0634135,158.3925724,177.0221766,NA
2026-03-16,2026-02-18,20,163.1,174.5,185.3,160.2,169,NA
2026-03-18,2026-02-18,18,163.1,174.5,185.3,160.1,168.9,NA
2026-03-19,2026-02-18,17,163.1,174.5,185.3,160.1,168.9,NA
2026-03-20,2026-02-18,16,161,172.7,182.2,158.5,177.4,NA
2026-03-21,2026-02-18,15,161,172.6,182.2,158.5,177.4,NA
2026-03-22,2026-02-18,14,161,172.6,182.2,158.5,177.4,NA
2026-03-23,2026-02-18,13,161,172.6,182.2,158.5,177.4,NA
2026-03-24,2026-02-18,12,161,172.6,182.2,158.5,177.4,NA
2026-03-25,2026-02-18,11,161,172.7,182.2,158.5,177.4,NA
2026-03-26,2026-02-18,10,161,172.7,182.2,158.4,177.2,NA
2026-03-27,2026-02-18,9,161,172.6,182.2,158.4,177.2,NA
2026-03-28,2026-02-18,8,161,172.6,182.2,158.4,177.3,NA
2026-03-29,2026-02-18,7,161,172.6,182.2,158.4,177.2,NA
2026-03-30,2026-02-18,6,161,172.6,182.2,158.4,177.2,NA
2026-03-31,2026-02-18,5,161,172.6,182.2,158.4,177.3,NA
2026-04-01,2026-02-18,4,160.1,171.3,178.8,154.4,156.3,NA
2026-04-02,2026-02-18,3,161,172.6,182.2,158.4,177.2,NA
2026-04-04,2026-02-18,1,161,172.6,182.3,158.4,177.3,NA
2025-12-31,2026-02-19,NA,162.9681624,174.4792959,185.2308409,160.0588522,168.7321558,NA
2026-03-16,2026-02-19,21,165.3,176.1,188.9,161.4,163.3,NA
2026-03-18,2026-02-19,19,165.3,176.1,188.8,161.3,163.4,NA
2026-03-19,2026-02-19,18,165.3,176.1,188.8,161.4,163.4,NA
2026-03-20,2026-02-19,17,163.1,174.5,185.3,160.1,168.9,NA
2026-03-21,2026-02-19,16,163,174.5,185.2,160.1,168.9,NA
2026-03-22,2026-02-19,15,163,174.5,185.2,160.1,168.9,NA
2026-03-23,2026-02-19,14,163,174.5,185.2,160.1,168.9,NA
2026-03-24,2026-02-19,13,163,174.5,185.2,160.1,168.9,NA
2026-03-25,2026-02-19,12,163,174.5,185.2,160.1,168.9,NA
2026-03-26,2026-02-19,11,163,174.5,185.2,160.2,168.9,NA
2026-03-27,2026-02-19,10,163,174.5,185.2,160.2,168.9,NA
2026-03-28,2026-02-19,9,163,174.5,185.2,160.2,168.9,NA
2026-03-29,2026-02-19,8,163,174.5,185.2,160.1,168.9,NA
2026-03-30,2026-02-19,7,163,174.5,185.2,160.1,168.9,NA
2026-03-31,2026-02-19,6,163,174.5,185.3,160.1,168.9,NA
2026-04-01,2026-02-19,5,161,172.6,182.2,158.4,177.3,NA
2026-04-02,2026-02-19,4,163,174.5,185.3,160.1,168.9,NA
2026-04-04,2026-02-19,2,163,174.5,185.3,160.1,168.9,NA
2026-04-05,2026-02-19,1,16.3,174.5,185.4,160.1,168.8,NA
2025-12-31,2026-02-20,NA,165.1751914,176.1106696,188.7839322,161.2916321,163.3035883,NA
2026-03-16,2026-02-20,22,166.4,176.4,192.3,164.9,161.2,NA
2026-03-18,2026-02-20,20,166.4,176.4,192.3,164.9,161.2,NA
2026-03-19,2026-02-20,19,166.4,176.4,192.3,164.9,161.2,NA
2026-03-20,2026-02-20,18,165.3,176.1,188.8,161.4,163.4,NA
2026-03-21,2026-02-20,17,165.2,176.2,188.9,161.4,163.4,NA
2026-03-22,2026-02-20,16,165.2,176.2,188.9,161.4,163.4,NA
2026-03-23,2026-02-20,15,165.2,176.2,188.9,161.4,163.4,NA
2026-03-24,2026-02-20,14,165.2,176.2,188.9,161.4,163.4,NA
2026-03-25,2026-02-20,13,165.2,176.2,188.9,161.4,163.4,NA
2026-03-26,2026-02-20,12,165.3,176.2,188.9,161.4,163.3,NA
2026-03-27,2026-02-20,11,165.3,176.2,188.9,161.4,163.3,NA
2026-03-28,2026-02-20,10,165.3,176.2,188.9,161.4,163.3,NA
2026-03-29,2026-02-20,9,165.3,176.2,188.9,161.5,163.3,NA
2026-03-30,2026-02-20,8,165.3,176.2,188.9,161.5,163.3,NA
2026-03-31,2026-02-20,7,165.3,176.2,188.9,161.5,163.3,NA
2026-04-01,2026-02-20,6,163,174.5,185.3,160.1,168.9,NA
2026-04-02,2026-02-20,5,165.3,176.2,188.9,161.5,163.3,NA
2026-04-04,2026-02-20,3,165.3,176.2,188.9,161.5,163.3,NA
2026-04-05,2026-02-20,2,16.5,176.2,188.9,161.5,163.3,NA
2026-04-06,2026-02-20,1,16.5,176.2,189,161.4,163.2,NA
2025-12-31,2026-02-21,NA,166.2314751,176.3029185,192.2394007,164.9099017,161.0956603,NA
2026-03-16,2026-02-21,23,167.3,178.1,196.2,170.2,160.7,NA
2026-03-18,2026-02-21,21,167.3,178.1,196.2,170.2,160.8,NA
2026-03-19,2026-02-21,20,167.3,178.1,196.2,170.1,160.8,NA
2026-03-20,2026-02-21,19,166.4,176.4,192.3,164.9,161.2,NA
2026-03-21,2026-02-21,18,166.3,176.3,192.3,164.9,161.2,NA
2026-03-22,2026-02-21,17,166.3,176.3,192.3,164.9,161.2,NA
2026-03-23,2026-02-21,16,166.3,176.3,192.3,164.9,161.2,NA
2026-03-24,2026-02-21,15,166.3,176.3,192.3,164.9,161.2,NA
2026-03-25,2026-02-21,14,166.3,176.3,192.3,164.9,161.2,NA
2026-03-26,2026-02-21,13,166.3,176.3,192.3,164.8,161.2,NA
2026-03-27,2026-02-21,12,166.3,176.3,192.3,164.8,161.2,NA
2026-03-28,2026-02-21,11,166.3,176.3,192.3,164.8,161.2,NA
2026-03-29,2026-02-21,10,166.3,176.3,192.3,164.9,161.2,NA
2026-03-30,2026-02-21,9,166.3,176.3,192.3,164.9,161.2,NA
2026-03-31,2026-02-21,8,166.3,176.3,192.3,164.9,161.2,NA
2026-04-01,2026-02-21,7,165.3,176.2,188.9,161.5,163.3,NA
2026-04-02,2026-02-21,6,166.3,176.3,192.3,164.9,161.2,NA
2026-04-04,2026-02-21,4,166.3,176.3,192.3,164.9,161.2,NA
2026-04-05,2026-02-21,3,16.6,176.3,192.3,164.9,161.2,NA
2026-04-06,2026-02-21,2,16.6,176.3,192.3,164.9,161.2,NA
2026-04-07,2026-02-21,1,166.3,176.3,192.3,165.1,161.2,NA
2025-12-31,2026-02-22,NA,167.1920619,177.934169,196.1740364,170.303529,160.6636263,NA
2026-03-16,2026-02-22,24,169.8,181.2,198.8,176.2,159.8,NA
2026-03-18,2026-02-22,22,169.8,181.2,198.8,176.1,159.8,NA
2026-03-19,2026-02-22,21,169.8,181.2,198.8,176.2,159.8,NA
2026-03-20,2026-02-22,20,167.3,178.1,196.2,170.1,160.8,NA
2026-03-21,2026-02-22,19,167.3,178.1,196.3,170.1,160.8,NA
2026-03-22,2026-02-22,18,167.3,178.1,196.3,170.1,160.8,NA
2026-03-23,2026-02-22,17,167.3,178.1,196.3,170.1,160.8,NA
2026-03-24,2026-02-22,16,167.3,178.1,196.3,170.1,160.8,NA
2026-03-25,2026-02-22,15,167.3,178.1,196.3,170.1,160.8,NA
2026-03-26,2026-02-22,14,167.3,178.1,196.3,170.2,160.7,NA
2026-03-27,2026-02-22,13,167.3,178.1,196.3,170.2,160.7,NA
2026-03-28,2026-02-22,12,167.3,178.1,196.3,170.2,160.7,NA
2026-03-29,2026-02-22,11,167.3,178.1,196.3,170.1,160.7,NA
2026-03-30,2026-02-22,10,167.3,178.1,196.3,170.1,160.7,NA
2026-03-31,2026-02-22,9,167.3,178.1,196.3,170.1,160.7,NA
2026-04-01,2026-02-22,8,166.3,176.3,192.3,164.9,161.2,NA
2026-04-02,2026-02-22,7,167.3,178.1,196.3,170.1,160.7,NA
2026-04-04,2026-02-22,5,167.3,178.1,196.2,170.1,160.7,NA
2026-04-05,2026-02-22,4,16.7,178.1,196.2,170.1,160.7,NA
2026-04-06,2026-02-22,3,16.7,178.1,196.2,170.2,160.7,NA
2026-04-07,2026-02-22,2,167.3,178.1,196.2,170.2,160.7,NA
2026-04-08,2026-02-22,1,167.4,178.2,196.3,170.4,160.7,NA
2025-12-31,2026-02-23,NA,169.7789048,181.1189607,198.6639949,176.1033119,159.7711134,NA
2026-03-16,2026-02-23,25,173.3,186,199.3,177.3,156.7,NA
2026-03-18,2026-02-23,23,173.3,186,199.3,177.2,156.7,NA
2026-03-19,2026-02-23,22,173.3,186,199.3,177.3,156.7,NA
2026-03-20,2026-02-23,21,169.8,181.2,198.8,176.2,159.8,NA
2026-03-21,2026-02-23,20,169.9,181.2,198.8,176.2,159.7,NA
2026-03-22,2026-02-23,19,169.9,181.2,198.8,176.2,159.8,NA
2026-03-23,2026-02-23,18,169.9,181.2,198.8,176.2,159.8,NA
2026-03-24,2026-02-23,17,169.9,181.2,198.8,176.2,159.7,NA
2026-03-25,2026-02-23,16,169.9,181.3,198.8,176.2,159.8,NA
2026-03-26,2026-02-23,15,169.9,181.3,198.8,176.2,159.9,NA
2026-03-27,2026-02-23,14,169.9,181.2,198.8,176.2,159.9,NA
2026-03-28,2026-02-23,13,169.9,181.2,198.8,176.2,159.8,NA
2026-03-29,2026-02-23,12,169.9,181.2,198.8,176.2,159.9,NA
2026-03-30,2026-02-23,11,169.9,181.2,198.8,176.1,159.9,NA
2026-03-31,2026-02-23,10,169.9,181.2,198.7,176.1,159.8,NA
2026-04-01,2026-02-23,9,167.3,178.1,196.3,170.1,160.7,NA
2026-04-02,2026-02-23,8,169.9,181.2,198.7,176.1,159.7,NA
2026-04-04,2026-02-23,6,169.9,181.2,198.7,176.2,159.9,NA
2026-04-05,2026-02-23,5,17,181.2,198.7,176.1,159.7,NA
2026-04-06,2026-02-23,4,17,181.2,198.7,176.1,159.8,NA
2026-04-07,2026-02-23,3,169.9,181.2,198.7,176.1,159.9,NA
2026-04-08,2026-02-23,2,169.9,181.2,198.7,176,159.7,NA
2026-04-09,2026-02-23,1,170,181.2,198.7,176.2,159.7,NA
2025-12-31,2026-02-24,NA,173.2371874,186.3563819,199.337729,177.2764956,156.6541613,NA
2026-03-16,2026-02-24,26,177,195.1,201.3,177.1,179.1,NA
2026-03-18,2026-02-24,24,177,195.1,201.3,177,179.2,NA
2026-03-19,2026-02-24,23,177,195.1,201.3,177.1,179.2,NA
2026-03-20,2026-02-24,22,173.3,186,199.3,177.3,156.7,NA
2026-03-21,2026-02-24,21,173.4,186,199.3,177.4,156.7,NA
2026-03-22,2026-02-24,20,173.4,186,199.3,177.4,156.7,NA
2026-03-23,2026-02-24,19,173.4,186,199.3,177.3,156.7,NA
2026-03-24,2026-02-24,18,173.4,186,199.3,177.4,156.7,NA
2026-03-25,2026-02-24,17,173.4,186,199.3,177.4,156.7,NA
2026-03-26,2026-02-24,16,173.4,186,199.3,177.3,156.8,NA
2026-03-27,2026-02-24,15,173.4,186,199.3,177.3,156.8,NA
2026-03-28,2026-02-24,14,173.4,186,199.3,177.3,156.8,NA
2026-03-29,2026-02-24,13,173.4,186,199.3,177.4,156.8,NA
2026-03-30,2026-02-24,12,173.4,186,199.3,177.4,156.8,NA
2026-03-31,2026-02-24,11,173.4,186,199.3,177.4,156.8,NA
2026-04-01,2026-02-24,10,169.9,181.2,198.7,176.1,159.8,NA
2026-04-02,2026-02-24,9,173.4,186,199.3,177.4,156.8,NA
2026-04-04,2026-02-24,7,173.4,186,199.4,177.4,156.8,NA
2026-04-05,2026-02-24,6,17.3,186,199.4,177.4,156.8,NA
2026-04-06,2026-02-24,5,17.3,186,199.4,177.4,156.8,NA
2026-04-07,2026-02-24,4,173.4,186,199.3,177.4,156.8,NA
2026-04-08,2026-02-24,3,173.4,186,199.3,177.4,156.8,NA
2026-04-09,2026-02-24,2,173.4,186,199.3,177.4,156.8,NA
2026-04-10,2026-02-24,1,173.5,186.2,199.4,177.4,156.6,NA
2025-12-31,2026-02-25,NA,176.8867301,195.1310809,201.1673959,176.9681379,178.7628335,NA
2026-03-16,2026-02-25,27,180.8,199.6,201.6,176.5,171,NA
2026-03-18,2026-02-25,25,180.8,199.6,201.7,176.5,171,NA
2026-03-19,2026-02-25,24,180.8,199.6,201.7,176.6,171,NA
2026-03-20,2026-02-25,23,177,195.1,201.3,177.1,179.2,NA
2026-03-21,2026-02-25,22,177,195.2,201.2,177.1,179.2,NA
2026-03-22,2026-02-25,21,177,195.2,201.2,177.1,179.2,NA
2026-03-23,2026-02-25,20,177,195.2,201.2,177.1,179.2,NA
2026-03-24,2026-02-25,19,177,195.2,201.2,177.1,179.2,NA
2026-03-25,2026-02-25,18,177,195.2,201.2,177.1,179.2,NA
2026-03-26,2026-02-25,17,177,195.2,201.2,177.2,179.1,NA
2026-03-27,2026-02-25,16,177,195.2,201.2,177.2,179.1,NA
2026-03-28,2026-02-25,15,177,195.2,201.2,177.2,179.1,NA
2026-03-29,2026-02-25,14,177,195.2,201.2,177,179.1,NA
2026-03-30,2026-02-25,13,177,195.2,201.2,177,179.1,NA
2026-03-31,2026-02-25,12,177,195.2,201.3,177,179.1,NA
2026-04-01,2026-02-25,11,173.4,186,199.3,177.4,156.8,NA
2026-04-02,2026-02-25,10,177,195.2,201.3,177,179.1,NA
2026-04-04,2026-02-25,8,177,195.2,201.3,177,179.1,NA
2026-04-05,2026-02-25,7,17.7,195.2,201.3,177,179.1,NA
2026-04-06,2026-02-25,6,17.7,195.2,201.3,177.1,179.1,NA
2026-04-07,2026-02-25,5,177,195.2,201.2,177.1,179.1,NA
2026-04-08,2026-02-25,4,177,195.2,201.2,177.1,179.1,NA
2026-04-09,2026-02-25,3,177,195.2,201.2,177.1,179.1,NA
2026-04-10,2026-02-25,2,176.9,195.2,201.2,177.1,179.1,NA
2026-04-11,2026-02-25,1,177,195.3,201.2,177.1,179.1,NA
2025-12-31,2026-02-26,NA,180.8389172,199.5341324,201.6401103,176.4742681,170.6842856,NA
2026-03-16,2026-02-26,28,185.5,201,201.7,175.9,164.9,NA
2026-03-18,2026-02-26,26,185.5,201,201.8,175.9,164.9,NA
2026-03-19,2026-02-26,25,185.5,201,201.8,175.9,164.9,NA
2026-03-20,2026-02-26,24,180.8,199.6,201.7,176.6,171,NA
2026-03-21,2026-02-26,23,180.8,199.6,201.6,176.6,171,NA
2026-03-22,2026-02-26,22,180.8,199.6,201.6,176.6,171,NA
2026-03-23,2026-02-26,21,180.8,199.6,201.6,176.6,171,NA
2026-03-24,2026-02-26,20,180.8,199.6,201.6,176.6,171,NA
2026-03-25,2026-02-26,19,180.8,199.3,201.6,176.6,171,NA
2026-03-26,2026-02-26,18,180.9,199.5,201.6,176.7,170.9,NA
2026-03-27,2026-02-26,17,180.9,199.6,201.6,176.7,170.9,NA
2026-03-28,2026-02-26,16,180.9,199.6,201.6,176.7,170.9,NA
2026-03-29,2026-02-26,15,180.9,199.6,201.6,176.6,170.9,NA
2026-03-30,2026-02-26,14,180.9,199.6,201.6,176.6,170.9,NA
2026-03-31,2026-02-26,13,180.9,199.6,201.7,176.6,170.9,NA
2026-04-01,2026-02-26,12,177,195.2,201.3,177,179.1,NA
2026-04-02,2026-02-26,11,180.9,199.6,201.7,176.6,170.9,NA
2026-04-04,2026-02-26,9,180.9,199.6,201.7,176.6,170.9,NA
2026-04-05,2026-02-26,8,18.1,199.6,201.7,176.6,170.9,NA
2026-04-06,2026-02-26,7,18.1,199.6,201.7,176.6,170.9,NA
2026-04-07,2026-02-26,6,180.8,199.6,201.6,176.6,170.9,NA
2026-04-08,2026-02-26,5,180.8,199.6,201.6,176.6,170.9,NA
2026-04-09,2026-02-26,4,180.8,199.6,201.6,176.6,170.9,NA
2026-04-10,2026-02-26,3,180.8,199.6,201.6,176.6,170.9,NA
2026-04-11,2026-02-26,2,180.8,199.6,201.6,176.6,170.9,NA
2026-04-12,2026-02-26,1,181,199.7,201.6,176.6,170.7,NA
2025-12-31,2026-02-27,NA,185.4292142,200.9741475,201.7403515,175.7954636,164.7738081,NA
2026-03-16,2026-02-27,29,189.6,201.4,201.9,175.3,162.9,NA
2026-03-18,2026-02-27,27,189.6,201.4,201.9,175.4,163,NA
2026-03-19,2026-02-27,26,189.6,201.4,201.9,175.3,163,NA
2026-03-20,2026-02-27,25,185.5,201,201.8,175.9,164.9,NA
2026-03-21,2026-02-27,24,185.5,201.1,201.8,175.9,164.9,NA
2026-03-22,2026-02-27,23,185.5,201.1,201.8,175.9,164.9,NA
2026-03-23,2026-02-27,22,185.5,201.1,201.8,175.9,164.9,NA
2026-03-24,2026-02-27,21,185.5,201.1,201.8,175.9,164.9,NA
2026-03-25,2026-02-27,20,185.5,201.2,201.8,175.9,164.9,NA
2026-03-26,2026-02-27,19,185.5,201.2,201.8,175.8,164.8,NA
2026-03-27,2026-02-27,18,185.5,201.1,201.8,175.8,164.8,NA
2026-03-28,2026-02-27,17,185.5,201.1,201.8,175.8,164.8,NA
2026-03-29,2026-02-27,16,185.5,201.1,201.8,175.9,164.8,NA
2026-03-30,2026-02-27,15,185.5,201.1,201.8,175.9,164.8,NA
2026-03-31,2026-02-27,14,185.5,201.1,201.8,175.9,164.8,NA
2026-04-01,2026-02-27,13,180.9,199.6,201.7,176.6,170.9,NA
2026-04-02,2026-02-27,12,185.5,201.1,201.8,175.9,164.8,NA
2026-04-04,2026-02-27,10,185.5,201.1,201.8,175.9,164.8,NA
2026-04-05,2026-02-27,9,18.5,201.1,201.8,175.9,164.8,NA
2026-04-06,2026-02-27,8,18.5,201.1,201.8,175.9,164.8,NA
2026-04-07,2026-02-27,7,185.5,201.1,201.8,175.9,164.8,NA
2026-04-08,2026-02-27,6,185.5,201.1,201.8,175.9,164.8,NA
2026-04-09,2026-02-27,5,185.5,201.1,201.8,175.9,164.8,NA
2026-04-10,2026-02-27,4,185.4,201.1,201.8,175.9,164.8,NA
2026-04-11,2026-02-27,3,185.4,201,201.7,175.9,164.8,NA
2026-04-12,2026-02-27,2,185.5,201,201.7,175.9,164.8,NA
2026-04-13,2026-02-27,1,185.6,201.1,201.7,175.9,164.8,NA
2025-12-31,2026-02-28,NA,189.4637237,201.2623489,201.9354453,175.3020016,162.8717347,NA
2026-03-16,2026-02-28,30,192.4,201.7,201.7,175.2,162.3,NA
2026-03-18,2026-02-28,28,192.4,201.7,201.8,175.2,162.3,NA
2026-03-19,2026-02-28,27,192.4,201.7,201.8,175.2,162.3,NA
2026-03-20,2026-02-28,26,189.6,201.4,201.9,175.3,163,NA
2026-03-21,2026-02-28,25,189.6,201.4,201.9,175.3,163,NA
2026-03-22,2026-02-28,24,189.6,201.4,201.9,175.3,163,NA
2026-03-23,2026-02-28,23,189.6,201.4,201.9,175.3,163,NA
2026-03-24,2026-02-28,22,189.6,201.4,201.9,175.3,163,NA
2026-03-25,2026-02-28,21,189.6,201.3,201.9,175.3,163,NA
2026-03-26,2026-02-28,20,189.6,201.3,201.9,175.3,163,NA
2026-03-27,2026-02-28,19,189.6,201.4,201.9,175.3,163,NA
2026-03-28,2026-02-28,18,189.6,201.4,201.9,175.3,163,NA
2026-03-29,2026-02-28,17,189.6,201.4,201.9,175.5,163,NA
2026-03-30,2026-02-28,16,189.6,201.4,201.9,175.5,163,NA
2026-03-31,2026-02-28,15,189.6,201.4,201.9,175.5,163,NA
2026-04-01,2026-02-28,14,185.5,201.1,201.8,175.9,164.8,NA
2026-04-02,2026-02-28,13,189.6,201.4,201.9,175.5,163,NA
2026-04-04,2026-02-28,11,189.6,201.4,201.9,175.5,163,NA
2026-04-05,2026-02-28,10,19,201.4,201.9,175.5,163,NA
2026-04-06,2026-02-28,9,19,201.4,201.9,175.5,163,NA
2026-04-07,2026-02-28,8,189.6,201.4,202,175.5,163,NA
2026-04-08,2026-02-28,7,189.6,201.4,202,175.5,163,NA
2026-04-09,2026-02-28,6,189.6,201.3,202,175.3,163,NA
2026-04-10,2026-02-28,5,189.6,201.3,202,175.3,163,NA
2026-04-11,2026-02-28,4,189.6,201.3,202,175.3,163,NA
2026-04-12,2026-02-28,3,189.5,201.3,202,175.3,163,NA
2026-04-13,2026-02-28,2,189.5,201.3,202,175.3,163,NA
2026-04-14,2026-02-28,1,189.6,201.3,202,175.3,163,NA
2025-12-31,2026-03-01,NA,192.5578522,201.6463861,201.7435891,175.1169475,162.2957879,NA
2026-03-16,2026-03-01,31,199.6,201.9,202.2,175.1,161.8,NA
2026-03-18,2026-03-01,29,199.6,201.9,202.2,175,161.8,NA
2026-03-19,2026-03-01,28,199.6,201.9,202.2,175.1,161.9,NA
2026-03-20,2026-03-01,27,192.4,201.7,201.8,175.2,162.3,NA
2026-03-21,2026-03-01,26,192.5,201.6,201.8,175.2,162.3,NA
2026-03-22,2026-03-01,25,192.5,201.6,201.8,175.2,162.3,NA
2026-03-23,2026-03-01,24,192.5,201.6,201.8,175.2,162.3,NA
2026-03-24,2026-03-01,23,192.5,201.6,201.8,175.2,162.3,NA
2026-03-25,2026-03-01,22,192.5,201.6,201.8,175.2,162.3,NA
2026-03-26,2026-03-01,21,192.4,201.6,201.8,175.2,162.4,NA
2026-03-27,2026-03-01,20,192.4,201.6,201.8,175.2,162.4,NA
2026-03-28,2026-03-01,19,192.4,201.6,201.8,175.2,162.4,NA
2026-03-29,2026-03-01,18,192.4,201.6,201.8,175.3,162.4,NA
2026-03-30,2026-03-01,17,192.4,201.6,201.8,175.3,162.4,NA
2026-03-31,2026-03-01,16,192.4,201.6,201.8,175.3,162.4,NA
2026-04-01,2026-03-01,15,189.6,201.4,201.9,175.5,163,NA
2026-04-02,2026-03-01,14,192.4,201.6,201.8,175.3,162.4,NA
2026-04-04,2026-03-01,12,192.4,201.6,201.8,175.3,162.4,NA
2026-04-05,2026-03-01,11,19.2,201.6,201.8,175.3,162.4,NA
2026-04-06,2026-03-01,10,19.2,201.6,201.8,175.1,162.4,NA
2026-04-07,2026-03-01,9,192.5,201.6,201.8,175.1,162.4,NA
2026-04-08,2026-03-01,8,192.5,201.6,201.8,175.1,162.4,NA
2026-04-09,2026-03-01,7,192.5,201.7,201.8,175.2,162.4,NA
2026-04-10,2026-03-01,6,192.4,201.7,201.8,175.2,162.4,NA
2026-04-11,2026-03-01,5,192.4,201.6,201.7,175.2,162.4,NA
2026-04-12,2026-03-01,4,192.5,201.6,201.7,175.2,162.4,NA
2026-04-13,2026-03-01,3,192.5,201.6,201.7,175.2,162.4,NA
2026-04-14,2026-03-01,2,192.5,201.6,201.7,175.2,162.4,NA
2026-04-15,2026-03-01,1,192.5,201.6,201.7,175.2,162.4,NA
2025-12-31,2026-03-02,NA,199.6272087,201.8380037,202.0281618,174.8897352,161.8474771,NA
2026-03-16,2026-03-02,32,204.6,204.5,206.2,177.9,159.7,NA
2026-03-18,2026-03-02,30,204.6,204.5,206.2,178,159.7,NA
2026-03-19,2026-03-02,29,204.6,204.5,206.2,177.9,159.7,NA
2026-03-20,2026-03-02,28,199.6,201.9,202.2,175.1,161.9,NA
2026-03-21,2026-03-02,27,199.6,201.9,202.2,175.1,161.8,NA
2026-03-22,2026-03-02,26,199.6,201.9,202.2,175.1,161.8,NA
2026-03-23,2026-03-02,25,199.6,201.9,202.2,175.1,161.9,NA
2026-03-24,2026-03-02,24,199.6,201.9,202.2,175.1,161.8,NA
2026-03-25,2026-03-02,23,199.6,201.8,202.2,175.1,161.8,NA
2026-03-26,2026-03-02,22,199.5,201.8,202.2,175.2,161.9,NA
2026-03-27,2026-03-02,21,199.5,201.9,202.2,175.2,161.9,NA
2026-03-28,2026-03-02,20,199.5,201.9,202.2,175.2,161.9,NA
2026-03-29,2026-03-02,19,199.5,201.9,202.2,174.9,161.9,NA
2026-03-30,2026-03-02,18,199.5,201.9,202.2,175.1,161.9,NA
2026-03-31,2026-03-02,17,199.5,201.9,202.2,175,161.9,NA
2026-04-01,2026-03-02,16,192.4,201.6,201.8,175.3,162.4,NA
2026-04-02,2026-03-02,15,199.5,201.9,202.1,175.1,161.9,NA
2026-04-04,2026-03-02,13,199.5,201.9,202.1,174.9,161.9,NA
2026-04-05,2026-03-02,12,20,201.9,202.1,175.1,161.9,NA
2026-04-06,2026-03-02,11,20,201.9,202.1,175.1,162,NA
2026-04-07,2026-03-02,10,199.6,201.9,202.1,175.1,161.9,NA
2026-04-08,2026-03-02,9,199.6,201.9,202.1,175.1,161.9,NA
2026-04-09,2026-03-02,8,199.6,201.9,202.1,175.1,161.9,NA
2026-04-10,2026-03-02,7,199.6,201.9,202.1,175.1,161.9,NA
2026-04-11,2026-03-02,6,199.6,202,202.1,175.1,161.9,NA
2026-04-12,2026-03-02,5,199.5,202,202.1,175.1,161.9,NA
2026-04-13,2026-03-02,4,199.5,201.9,202.1,175.1,161.9,NA
2026-04-14,2026-03-02,3,199.5,201.9,202.1,175.1,161.9,NA
2026-04-15,2026-03-02,2,199.6,201.9,202.1,175.1,161.9,NA
2026-04-16,2026-03-02,1,199.7,201.9,202.1,175.1,161.9,NA
2025-12-31,2026-03-03,NA,204.6533931,204.4296093,206.2544009,178.3519026,159.5818346,NA
2026-03-16,2026-03-03,33,210.4,208.3,210.5,186.9,189.2,NA
2026-03-18,2026-03-03,31,210.4,208.3,210.4,187,189.2,NA
2026-03-19,2026-03-03,30,210.4,208.3,210.4,187,189.2,NA
2026-03-20,2026-03-03,29,204.6,204.5,206.2,177.9,159.7,NA
2026-03-21,2026-03-03,28,204.5,204.5,206.3,177.9,159.7,NA
2026-03-22,2026-03-03,27,204.5,204.5,206.3,177.9,159.7,NA
2026-03-23,2026-03-03,26,204.5,204.5,206.3,177.9,159.7,NA
2026-03-24,2026-03-03,25,204.5,204.5,206.3,177.9,159.7,NA
2026-03-25,2026-03-03,24,204.5,204.4,206.3,177.9,159.7,NA
2026-03-26,2026-03-03,23,204.6,204.4,206.3,178,159.7,NA
2026-03-27,2026-03-03,22,204.6,204.5,206.3,178,159.7,NA
2026-03-28,2026-03-03,21,204.6,204.5,206.3,178,159.7,NA
2026-03-29,2026-03-03,20,204.6,204.5,206.3,178,159.7,NA
2026-03-30,2026-03-03,19,204.6,204.5,206.3,178,159.7,NA
2026-03-31,2026-03-03,18,204.6,204.5,206.2,178,159.7,NA
2026-04-01,2026-03-03,17,199.5,201.9,202.2,175,161.9,NA
2026-04-02,2026-03-03,16,204.6,204.5,206.2,178,159.7,NA
2026-04-04,2026-03-03,14,204.6,204.5,206.3,178,159.7,NA
2026-04-05,2026-03-03,13,20.5,204.5,206.3,178,159.7,NA
2026-04-06,2026-03-03,12,20.5,204.5,206.3,177.9,159.7,NA
2026-04-07,2026-03-03,11,204.5,204.5,206.2,177.9,159.7,NA
2026-04-08,2026-03-03,10,204.5,204.5,206.2,177.9,159.7,NA
2026-04-09,2026-03-03,9,204.5,204.4,206.2,177.9,159.7,NA
2026-04-10,2026-03-03,8,204.5,204.4,206.2,177.9,159.7,NA
2026-04-11,2026-03-03,7,204.5,204.5,206.2,177.9,159.7,NA
2026-04-12,2026-03-03,6,204.5,204.5,206.2,177.9,159.7,NA
2026-04-13,2026-03-03,5,204.5,204.4,206.2,177.9,159.7,NA
2026-04-14,2026-03-03,4,204.5,204.4,206.2,177.9,159.7,NA
2026-04-15,2026-03-03,3,204.6,204.4,206.2,177.9,159.7,NA
2026-04-16,2026-03-03,2,204.6,204.4,206.2,177.9,159.7,NA
2026-04-17,2026-03-03,1,204.6,204.5,206.3,178.1,159.6,NA
2025-12-31,2026-03-04,NA,210.2964771,208.2702356,210.382629,186.9044875,189.1185274,NA
2026-03-16,2026-03-04,34,213.1,209.9,212.2,190,188.5,NA
2026-03-18,2026-03-04,32,213.1,209.9,212.3,190.1,188.5,NA
2026-03-19,2026-03-04,31,213.1,209.9,212.3,190,188.5,NA
2026-03-20,2026-03-04,30,210.4,208.3,210.4,187,189.2,NA
2026-03-21,2026-03-04,29,210.4,208.4,210.4,187,189.2,NA
2026-03-22,2026-03-04,28,210.4,208.4,210.4,187,189.2,NA
2026-03-23,2026-03-04,27,210.4,208.4,210.4,187,189.2,NA
2026-03-24,2026-03-04,26,210.4,208.4,210.4,187,189.2,NA
2026-03-25,2026-03-04,25,210.4,208.4,210.4,187,189.2,NA
2026-03-26,2026-03-04,24,210.4,208.4,210.4,187,189.2,NA
2026-03-27,2026-03-04,23,210.4,208.4,210.4,187,189.2,NA
2026-03-28,2026-03-04,22,210.4,208.4,210.4,187,189.2,NA
2026-03-29,2026-03-04,21,210.4,208.4,210.4,187,189.2,NA
2026-03-30,2026-03-04,20,210.4,208.4,210.4,187,189.2,NA
2026-03-31,2026-03-04,19,210.4,208.4,210.4,187,189.2,NA
2026-04-01,2026-03-04,18,204.6,204.5,206.2,178,159.7,NA
2026-04-02,2026-03-04,17,210.4,208.4,210.4,187,189.2,NA
2026-04-04,2026-03-04,15,210.4,208.4,210.5,187,189.2,NA
2026-04-05,2026-03-04,14,21,208.4,210.5,187,189.2,NA
2026-04-06,2026-03-04,13,21,208.4,210.5,187,189.2,NA
2026-04-07,2026-03-04,12,210.4,208.4,210.4,187,189.2,NA
2026-04-08,2026-03-04,11,210.4,208.4,210.4,187,189.2,NA
2026-04-09,2026-03-04,10,210.4,208.4,210.4,187,189.2,NA
2026-04-10,2026-03-04,9,210.3,208.4,210.4,187,189.2,NA
2026-04-11,2026-03-04,8,210.3,208.3,210.4,187,189.2,NA
2026-04-12,2026-03-04,7,210.4,208.3,210.4,187,189.2,NA
2026-04-13,2026-03-04,6,210.4,208.3,210.4,187,189.2,NA
2026-04-14,2026-03-04,5,210.4,208.3,210.4,187,189.2,NA
2026-04-15,2026-03-04,4,210.3,208.3,210.4,187,189.2,NA
2026-04-16,2026-03-04,3,210.3,208.3,210.4,187,189.2,NA
2026-04-17,2026-03-04,2,210.4,208.3,210.4,187,189.2,NA
2026-04-18,2026-03-04,1,210.4,208.4,210.5,187,189.3,NA
2025-12-31,2026-03-05,NA,212,209.9018545,212.2041656,189.9894742,189,NA
2026-03-16,2026-03-05,35,215,211.5,214.2,195.5,187.5,NA
2026-03-18,2026-03-05,33,215,211.5,214.2,195.5,187.5,NA
2026-03-19,2026-03-05,32,215,211.5,214.2,195.5,187.5,NA
2026-03-20,2026-03-05,31,213.1,209.9,212.3,190,188.5,NA
2026-03-21,2026-03-05,30,213.2,210,212.3,190,188.5,NA
2026-03-22,2026-03-05,29,213.2,210,212.3,190,188.5,NA
2026-03-23,2026-03-05,28,213.2,210,212.3,190,188.5,NA
2026-03-24,2026-03-05,27,213.2,210,212.3,190,188.5,NA
2026-03-25,2026-03-05,26,213.2,210,212.3,190,188.5,NA
2026-03-26,2026-03-05,25,213.2,210,212.3,190.1,188.5,NA
2026-03-27,2026-03-05,24,213.2,210,212.3,190.1,188.5,NA
2026-03-28,2026-03-05,23,213.2,210,212.3,190.1,188.5,NA
2026-03-29,2026-03-05,22,213.2,210,212.3,190.1,188.5,NA
2026-03-30,2026-03-05,21,213.2,210,212.3,190.1,188.5,NA
2026-03-31,2026-03-05,20,213.2,210,212.3,190.1,188.5,NA
2026-04-01,2026-03-05,19,210.4,208.4,210.4,187,189.2,NA
2026-04-02,2026-03-05,18,213.2,210,212.3,190.1,188.5,NA
2026-04-04,2026-03-05,16,213.2,210,212.2,190.1,188.5,NA
2026-04-05,2026-03-05,15,21.3,210,212.2,190.1,188.5,NA
2026-04-06,2026-03-05,14,21.3,210,212.2,190.1,188.5,NA
2026-04-07,2026-03-05,13,213.2,210,212.2,190.1,188.5,NA
2026-04-08,2026-03-05,12,213.2,210,212.2,190.1,188.5,NA
2026-04-09,2026-03-05,11,213.2,210,212.2,190,188.5,NA
2026-04-10,2026-03-05,10,213.2,210,212.2,190,188.5,NA
2026-04-11,2026-03-05,9,213.2,209.9,212.2,190,188.5,NA
2026-04-12,2026-03-05,8,213.2,209.9,212.2,190,188.5,NA
2026-04-13,2026-03-05,7,213.2,209.9,212.2,190,188.5,NA
2026-04-14,2026-03-05,6,213.2,209.9,212.2,190,188.5,NA
2026-04-15,2026-03-05,5,213.1,209.9,212.2,190,188.5,NA
2026-04-16,2026-03-05,4,213.1,209.9,212.2,190,188.5,NA
2026-04-17,2026-03-05,3,213.2,209.9,212.2,190,188.5,NA
2026-04-18,2026-03-05,2,213.2,209.9,212.2,190.1,188.4,NA
2026-04-19,2026-03-05,1,213.2,210,212.3,190.2,188.4,NA
2025-12-31,2026-03-06,NA,212.5,210.5,212.2041656,195,188,NA
2026-03-16,2026-03-06,36,216.5,212.5,215.2,199.1,189.2,NA
2026-03-18,2026-03-06,34,216.5,212.5,215.2,199.1,189.2,NA
2026-03-19,2026-03-06,33,216.5,212.5,215.2,199,189.2,NA
2026-03-20,2026-03-06,32,215,211.5,214.2,195.5,187.5,NA
2026-03-21,2026-03-06,31,214.9,211.5,214.2,195.5,187.5,NA
2026-03-22,2026-03-06,30,214.9,211.5,214.2,195.5,187.5,NA
2026-03-23,2026-03-06,29,214.9,211.5,214.2,195.5,187.5,NA
2026-03-24,2026-03-06,28,214.9,211.5,214.2,195.5,187.5,NA
2026-03-25,2026-03-06,27,214.9,211.5,214.2,195.5,187.5,NA
2026-03-26,2026-03-06,26,215,211.5,214.2,195.6,187.5,NA
2026-03-27,2026-03-06,25,215,211.5,214.2,195.6,187.5,NA
2026-03-28,2026-03-06,24,215,211.5,214.2,195.6,187.5,NA
2026-03-29,2026-03-06,23,215,211.5,214.2,195.4,187.5,NA
2026-03-30,2026-03-06,22,215,211.5,214.2,195.4,187.5,NA
2026-03-31,2026-03-06,21,215,211.5,214.3,195.4,187.5,NA
2026-04-01,2026-03-06,20,213.2,210,212.3,190.1,188.5,NA
2026-04-02,2026-03-06,19,215,211.5,214.3,195.4,187.5,NA
2026-04-04,2026-03-06,17,215,211.5,214.3,195.4,187.5,NA
2026-04-05,2026-03-06,16,21.5,211.5,214.3,195.4,187.5,NA
2026-04-06,2026-03-06,15,21.5,211.5,214.3,195.5,187.5,NA
2026-04-07,2026-03-06,14,214.9,211.5,214.2,195.5,187.5,NA
2026-04-08,2026-03-06,13,214.9,211.5,214.3,195.5,187.5,NA
2026-04-09,2026-03-06,12,214.9,211.6,214.3,195.5,187.5,NA
2026-04-10,2026-03-06,11,215,211.6,214.2,195.5,187.5,NA
2026-04-11,2026-03-06,10,215,211.6,214.2,195.5,187.5,NA
2026-04-12,2026-03-06,9,215,211.6,214.2,195.5,187.5,NA
2026-04-13,2026-03-06,8,215,211.5,214.2,195.5,187.5,NA
2026-04-14,2026-03-06,7,215,211.5,214.2,195.5,187.5,NA
2026-04-15,2026-03-06,6,214.9,211.5,214.2,195.5,187.5,NA
2026-04-16,2026-03-06,5,214.9,211.5,214.2,195.5,187.5,NA
2026-04-17,2026-03-06,4,215,211.5,214.2,195.5,187.5,NA
2026-04-18,2026-03-06,3,215,211.5,214.2,195.4,187.5,NA
2026-04-19,2026-03-06,2,215,211.5,214.2,195.4,187.5,NA
2026-04-20,2026-03-06,1,215,211.5,214.2,195.6,187.5,NA
2025-12-31,2026-03-07,NA,213.5,211,213,199,189,NA
2026-03-16,2026-03-07,37,216.7,213,216.1,200.1,190.8,NA
2026-03-18,2026-03-07,35,216.7,213,216.1,200.1,190.8,NA
2026-03-19,2026-03-07,34,216.7,213,216.1,200,190.8,NA
2026-03-20,2026-03-07,33,216.5,212.5,215.2,199,189.2,NA
2026-03-21,2026-03-07,32,216.4,212.5,215.2,199,189.2,NA
2026-03-22,2026-03-07,31,216.4,212.5,215.2,199,189.2,NA
2026-03-23,2026-03-07,30,216.4,212.5,215.2,199,189.2,NA
2026-03-24,2026-03-07,29,216.4,212.5,215.2,199,189.2,NA
2026-03-25,2026-03-07,28,216.4,212.5,215.2,199,189.2,NA
2026-03-26,2026-03-07,27,216.4,212.5,215.2,199,189.2,NA
2026-03-27,2026-03-07,26,216.4,212.5,215.2,199,189.2,NA
2026-03-28,2026-03-07,25,216.4,212.5,215.2,199,189.2,NA
2026-03-29,2026-03-07,24,216.4,212.5,215.2,199.1,189.2,NA
2026-03-30,2026-03-07,23,216.4,212.5,215.2,199.1,189.2,NA
2026-03-31,2026-03-07,22,216.4,212.5,215.1,199.1,189.2,NA
2026-04-01,2026-03-07,21,215,211.5,214.3,195.4,187.5,NA
2026-04-02,2026-03-07,20,216.4,212.5,215.1,199.1,189.2,NA
2026-04-04,2026-03-07,18,216.4,212.5,215.2,199.1,189.2,NA
2026-04-05,2026-03-07,17,21.6,212.5,215.2,199.1,189.2,NA
2026-04-06,2026-03-07,16,21.6,212.5,215.2,199.1,189.2,NA
2026-04-07,2026-03-07,15,216.4,212.5,215.1,199.1,189.2,NA
2026-04-08,2026-03-07,14,216.4,212.5,215.1,199.1,189.2,NA
2026-04-09,2026-03-07,13,216.4,212.4,215.1,199,189.2,NA
2026-04-10,2026-03-07,12,216.5,212.4,215.1,199,189.2,NA
2026-04-11,2026-03-07,11,216.5,212.4,215.1,199,189.2,NA
2026-04-12,2026-03-07,10,216.5,212.4,215.1,199,189.2,NA
2026-04-13,2026-03-07,9,216.5,212.4,215.1,199,189.2,NA
2026-04-14,2026-03-07,8,216.5,212.4,215.1,199,189.2,NA
2026-04-15,2026-03-07,7,216.4,212.4,215.1,199,189.2,NA
2026-04-16,2026-03-07,6,216.4,212.4,215.1,199,189.2,NA
2026-04-17,2026-03-07,5,216.4,212.4,215.1,199,189.2,NA
2026-04-18,2026-03-07,4,216.4,212.4,215.1,199.1,189.2,NA
2026-04-19,2026-03-07,3,216.4,212.4,215.1,199.1,189.2,NA
2026-04-20,2026-03-07,2,216.4,212.4,215.1,199.1,189.2,NA
2026-04-21,2026-03-07,1,216.4,212.4,215.1,199.2,189.3,NA
2025-12-31,2026-03-08,NA,214,211.5,213.5,208,191,NA
2026-03-16,2026-03-08,38,217.1,214,217.1,208,192.3,NA
2026-03-18,2026-03-08,36,217.1,214,217.1,207.9,192.3,NA
2026-03-19,2026-03-08,35,217.1,214,217.1,207.9,192.3,NA
2026-03-20,2026-03-08,34,216.7,213,216.1,200,190.8,NA
2026-03-21,2026-03-08,33,216.7,213,216,200,190.8,NA
2026-03-22,2026-03-08,32,216.7,213,216,200,190.8,NA
2026-03-23,2026-03-08,31,216.7,213,216,200,190.8,NA
2026-03-24,2026-03-08,30,216.7,213,216,200,190.8,NA
2026-03-25,2026-03-08,29,216.7,213,216,200,190.8,NA
2026-03-26,2026-03-08,28,216.6,213,216,200,190.8,NA
2026-03-27,2026-03-08,27,216.6,213,216,200,190.8,NA
2026-03-28,2026-03-08,26,216.6,213,216,200,190.8,NA
2026-03-29,2026-03-08,25,216.6,213,216,200,190.8,NA
2026-03-30,2026-03-08,24,216.6,213,216,200,190.8,NA
2026-03-31,2026-03-08,23,216.6,213,216.1,200,190.8,NA
2026-04-01,2026-03-08,22,216.4,212.5,215.1,199.1,189.2,NA
2026-04-02,2026-03-08,21,216.6,213,216.1,200,190.8,NA
2026-04-04,2026-03-08,19,216.6,213,216.1,200,190.8,NA
2026-04-05,2026-03-08,18,21.7,213,216.1,200,190.8,NA
2026-04-06,2026-03-08,17,21.7,213,216.1,200.1,190.8,NA
2026-04-07,2026-03-08,16,216.7,213,216.1,200.1,190.8,NA
2026-04-08,2026-03-08,15,216.7,213,216.1,200.1,190.8,NA
2026-04-09,2026-03-08,14,216.7,212.9,216.1,200,190.8,NA
2026-04-10,2026-03-08,13,216.6,212.9,216.1,200,190.8,NA
2026-04-11,2026-03-08,12,216.6,212.9,216,200,190.8,NA
2026-04-12,2026-03-08,11,216.6,212.9,216,200,190.8,NA
2026-04-13,2026-03-08,10,216.6,212.9,216,200,190.8,NA
2026-04-14,2026-03-08,9,216.6,212.9,216,200,190.8,NA
2026-04-15,2026-03-08,8,216.7,212.9,216,200,190.8,NA
2026-04-16,2026-03-08,7,216.7,212.9,216,200,190.8,NA
2026-04-17,2026-03-08,6,216.6,212.9,216,200,190.8,NA
2026-04-18,2026-03-08,5,216.6,212.9,216,200.1,190.7,NA
2026-04-19,2026-03-08,4,216.6,212.9,216,200.1,190.7,NA
2026-04-20,2026-03-08,3,216.6,212.9,216,200.1,190.7,NA
2026-04-21,2026-03-08,2,216.6,212.9,216,200.1,190.7,NA
2026-04-22,2026-03-08,1,216.7,212.9,216.1,200.1,190.7,NA
2025-12-31,2026-03-09,NA,214.5,212.5,214,215,193,NA
2026-03-16,2026-03-09,39,217.9,215.6,217.9,214.3,194,NA
2026-03-18,2026-03-09,37,217.9,215.6,217.9,214.4,194,NA
2026-03-19,2026-03-09,36,217.9,215.6,217.9,214.4,194,NA
2026-03-20,2026-03-09,35,217.1,214,217.1,207.9,192.3,NA
2026-03-21,2026-03-09,34,217.1,214,217.1,207.9,192.3,NA
2026-03-22,2026-03-09,33,217.1,214,217.1,207.9,192.3,NA
2026-03-23,2026-03-09,32,217.1,214,217.1,207.9,192.3,NA
2026-03-24,2026-03-09,31,217.1,214,217.1,207.9,192.3,NA
2026-03-25,2026-03-09,30,217.1,214,217.1,207.9,192.3,NA
2026-03-26,2026-03-09,29,217.1,214,217.1,208.1,192.3,NA
2026-03-27,2026-03-09,28,217.1,214,217.1,208.1,192.3,NA
2026-03-28,2026-03-09,27,217.1,214,217.1,208.1,192.3,NA
2026-03-29,2026-03-09,26,217.1,214,217.1,208.1,192.3,NA
2026-03-30,2026-03-09,25,217.1,214,217.1,208.1,192.3,NA
2026-03-31,2026-03-09,24,217.1,214,217.1,208.1,192.3,NA
2026-04-01,2026-03-09,23,216.6,213,216.1,200,190.8,NA
2026-04-02,2026-03-09,22,217.1,214,217.1,208.1,192.3,NA
2026-04-04,2026-03-09,20,217.1,214,217,208.1,192.3,NA
2026-04-05,2026-03-09,19,21.7,214,217,208.1,192.3,NA
2026-04-06,2026-03-09,18,21.7,214,217,208,192.3,NA
2026-04-07,2026-03-09,17,217.1,214,217,208,192.3,NA
2026-04-08,2026-03-09,16,217.1,214,217,208,192.3,NA
2026-04-09,2026-03-09,15,217.1,213.9,217,207.9,192.3,NA
2026-04-10,2026-03-09,14,217.1,213.9,217,207.9,192.3,NA
2026-04-11,2026-03-09,13,217.1,214,217,207.9,192.3,NA
2026-04-12,2026-03-09,12,217,214,217,207.9,192.3,NA
2026-04-13,2026-03-09,11,217,214,217,207.9,192.3,NA
2026-04-14,2026-03-09,10,217,214,217,207.9,192.3,NA
2026-04-15,2026-03-09,9,217,214,217,207.9,192.3,NA
2026-04-16,2026-03-09,8,217,214,217,207.9,192.3,NA
2026-04-17,2026-03-09,7,217,214,217,207.9,192.3,NA
2026-04-18,2026-03-09,6,217,214,217,208,192.3,NA
2026-04-19,2026-03-09,5,217,214,217,208,192.3,NA
2026-04-20,2026-03-09,4,217,214,217,208,192.3,NA
2026-04-21,2026-03-09,3,217,214,217,208,192.3,NA
2026-04-22,2026-03-09,2,217,214,217,208,192.3,NA
2026-04-23,2026-03-09,1,216.7,212.9,216.1,200.1,190.7,NA
2025-12-31,2026-03-10,NA,214.5,215,214.5,219,222,NA
2026-03-16,2026-03-10,40,218.9,219.2,219,218.7,222.9,NA
2026-03-18,2026-03-10,38,218.9,219.2,219,218.7,222.9,NA
2026-03-19,2026-03-10,37,218.9,219.2,219,218.8,222.9,NA
2026-03-20,2026-03-10,36,217.9,215.6,217.9,214.4,194,NA
2026-03-21,2026-03-10,35,217.9,215.6,217.9,214.4,194,NA
2026-03-22,2026-03-10,34,217.9,215.6,217.9,214.4,194,NA
2026-03-23,2026-03-10,33,217.9,215.6,217.9,214.4,194,NA
2026-03-24,2026-03-10,32,217.9,215.6,217.9,214.4,194,NA
2026-03-25,2026-03-10,31,217.9,215.6,217.9,214.4,194,NA
2026-03-26,2026-03-10,30,217.9,215.6,217.9,214.3,193.9,NA
2026-03-27,2026-03-10,29,217.9,215.6,217.9,214.3,193.9,NA
2026-03-28,2026-03-10,28,217.9,215.6,217.9,214.3,193.9,NA
2026-03-29,2026-03-10,27,217.9,215.6,217.9,214.4,193.9,NA
2026-03-30,2026-03-10,26,217.9,215.6,217.9,214.4,193.9,NA
2026-03-31,2026-03-10,25,217.9,215.6,218,214.4,193.9,NA
2026-04-01,2026-03-10,24,217.1,214,217.1,208.1,192.3,NA
2026-04-02,2026-03-10,23,217.9,215.6,218,214.4,193.9,NA
2026-04-04,2026-03-10,21,217.9,215.6,217.9,214.4,193.9,NA
2026-04-05,2026-03-10,20,21.8,215.6,217.9,214.4,193.9,NA
2026-04-06,2026-03-10,19,21.8,215.6,217.9,214.4,193.9,NA
2026-04-07,2026-03-10,18,217.9,215.6,217.9,214.4,193.9,NA
2026-04-08,2026-03-10,17,217.9,215.6,217.9,214.4,193.9,NA
2026-04-09,2026-03-10,16,217.9,215.5,217.9,214.4,193.9,NA
2026-04-10,2026-03-10,15,218,215.5,217.9,214.4,193.9,NA
2026-04-11,2026-03-10,14,218,215.5,217.9,214.4,193.9,NA
2026-04-12,2026-03-10,13,217.9,215.5,217.9,214.4,193.9,NA
2026-04-13,2026-03-10,12,217.9,215.5,217.9,214.4,193.9,NA
2026-04-14,2026-03-10,11,217.9,215.5,217.9,214.4,193.9,NA
2026-04-15,2026-03-10,10,217.9,215.5,217.9,214.4,193.9,NA
2026-04-16,2026-03-10,9,217.9,215.5,217.9,214.4,193.9,NA
2026-04-17,2026-03-10,8,217.9,215.5,217.9,214.4,193.9,NA
2026-04-18,2026-03-10,7,217.9,215.5,217.9,214.4,193.9,NA
2026-04-19,2026-03-10,6,217.9,215.5,217.9,214.4,193.9,NA
2026-04-20,2026-03-10,5,217.9,215.5,217.9,214.3,193.9,NA
2026-04-21,2026-03-10,4,217.9,215.5,217.9,214.3,193.9,NA
2026-04-22,2026-03-10,3,217.9,215.5,217.9,214.4,193.9,NA
2026-04-23,2026-03-10,2,217,214,217,208,192.3,NA
2026-04-24,2026-03-10,1,216.7,212.9,216.1,200.1,190.7,NA
2026-03-16,2026-03-11,41,219.7,221.4,220.1,219.5,225.6,NA
2026-03-18,2026-03-11,39,219.7,221.4,220.2,219.4,225.6,NA
2026-03-19,2026-03-11,38,219.7,221.4,220.2,219.5,225.6,NA
2026-03-20,2026-03-11,37,218.9,219.2,219,218.8,222.9,NA
2026-03-21,2026-03-11,36,218.9,219.2,219,218.8,222.9,NA
2026-03-22,2026-03-11,35,218.9,219.2,219,218.8,222.9,NA
2026-03-23,2026-03-11,34,218.9,219.2,219,218.8,222.9,NA
2026-03-24,2026-03-11,33,218.9,219.2,219,218.8,222.9,NA
2026-03-25,2026-03-11,32,218.9,219.2,219,218.8,222.9,NA
2026-03-26,2026-03-11,31,218.9,219.2,219,218.6,222.8,NA
2026-03-27,2026-03-11,30,218.9,219.2,219,218.7,222.8,NA
2026-03-28,2026-03-11,29,218.9,219.2,219,218.7,222.8,NA
2026-03-29,2026-03-11,28,218.9,219.2,219,218.6,222.8,NA
2026-03-30,2026-03-11,27,218.9,219.2,219,218.6,222.8,NA
2026-03-31,2026-03-11,26,218.9,219.2,219.1,218.6,222.8,NA
2026-04-01,2026-03-11,25,217.9,215.6,218,214.4,193.9,NA
2026-04-02,2026-03-11,24,218.9,219.2,219.1,218.6,222.8,NA
2026-04-04,2026-03-11,22,218.9,219.2,219,218.6,222.8,NA
2026-04-05,2026-03-11,21,21.9,219.2,219,218.6,222.8,NA
2026-04-06,2026-03-11,20,21.9,219.2,219,218.7,222.8,NA
2026-04-07,2026-03-11,19,218.9,219.2,219.1,218.7,222.8,NA
2026-04-08,2026-03-11,18,218.9,219.2,219.1,218.7,222.8,NA
2026-04-09,2026-03-11,17,218.9,219.2,219.1,218.8,222.8,NA
2026-04-10,2026-03-11,16,218.8,219.2,219.1,218.8,222.8,NA
2026-04-11,2026-03-11,15,218.8,219.2,219.1,218.8,222.8,NA
2026-04-12,2026-03-11,14,218.9,219.2,219.1,218.8,222.8,NA
2026-04-13,2026-03-11,13,218.9,219.2,219.1,218.8,222.8,NA
2026-04-14,2026-03-11,12,218.9,219.2,219.1,218.8,222.8,NA
2026-04-15,2026-03-11,11,218.9,219.2,219.1,218.8,222.8,NA
2026-04-16,2026-03-11,10,218.9,219.2,219.1,218.8,222.8,NA
2026-04-17,2026-03-11,9,218.8,219.2,219.1,218.8,222.8,NA
2026-04-18,2026-03-11,8,218.8,219.2,219.1,218.7,222.8,NA
2026-04-19,2026-03-11,7,218.8,219.2,219.1,218.7,222.8,NA
2026-04-20,2026-03-11,6,218.8,219.2,219.1,218.7,222.8,NA
2026-04-21,2026-03-11,5,218.8,219.2,219.1,218.7,222.8,NA
2026-04-22,2026-03-11,4,218.9,219.2,219.1,218.7,222.8,NA
2026-04-23,2026-03-11,3,217.9,215.5,217.9,214.4,193.9,NA
2026-04-24,2026-03-11,2,217,214,217,208,192.3,NA
2026-04-25,2026-03-11,1,216.7,212.9,216.1,200.1,190.7,NA
2026-03-16,2026-03-12,42,221.6,223,220.9,219.8,226.1,NA
2026-03-18,2026-03-12,40,221.6,223,221,219.9,226,NA
2026-03-19,2026-03-12,39,221.6,223,221,219.9,226,NA
2026-03-20,2026-03-12,38,219.7,221.4,220.2,219.5,225.6,NA
2026-03-21,2026-03-12,37,219.7,221.4,220.1,219.5,225.6,NA
2026-03-22,2026-03-12,36,219.7,221.4,220.1,219.5,225.6,NA
2026-03-23,2026-03-12,35,219.7,221.4,220.1,219.5,225.6,NA
2026-03-24,2026-03-12,34,219.7,221.4,220.1,219.5,225.6,NA
2026-03-25,2026-03-12,33,219.7,221.4,220.1,219.5,225.6,NA
2026-03-26,2026-03-12,32,219.7,221.4,220.1,219.6,225.6,NA
2026-03-27,2026-03-12,31,219.7,221.4,220.1,219.6,225.6,NA
2026-03-28,2026-03-12,30,219.7,221.4,220.1,219.6,225.6,NA
2026-03-29,2026-03-12,29,219.7,221.4,220.1,219.6,225.6,NA
2026-03-30,2026-03-12,28,219.7,221.4,220.1,219.6,225.6,NA
2026-03-31,2026-03-12,27,219.7,221.4,220.2,219.6,225.6,NA
2026-04-01,2026-03-12,26,218.9,219.2,219.1,218.6,222.8,NA
2026-04-02,2026-03-12,25,219.7,221.4,220.2,219.6,225.6,NA
2026-04-04,2026-03-12,23,219.7,221.4,220.1,219.6,225.6,NA
2026-04-05,2026-03-12,22,22,221.4,220.1,219.6,225.6,NA
2026-04-06,2026-03-12,21,22,221.4,220.1,219.5,225.6,NA
2026-04-07,2026-03-12,20,219.7,221.4,220.1,219.5,225.6,NA
2026-04-08,2026-03-12,19,219.7,221.4,220.1,219.5,225.6,NA
2026-04-09,2026-03-12,18,219.7,221.3,220.1,219.5,225.6,NA
2026-04-10,2026-03-12,17,219.7,221.3,220.1,219.5,225.6,NA
2026-04-11,2026-03-12,16,219.7,221.4,220.1,219.5,225.6,NA
2026-04-12,2026-03-12,15,219.7,221.4,220.1,219.5,225.6,NA
2026-04-13,2026-03-12,14,219.7,221.4,220.1,219.5,225.6,NA
2026-04-14,2026-03-12,13,219.7,221.4,220.1,219.5,225.6,NA
2026-04-15,2026-03-12,12,219.6,221.4,220.1,219.5,225.6,NA
2026-04-16,2026-03-12,11,219.6,221.4,220.1,219.5,225.6,NA
2026-04-17,2026-03-12,10,219.6,221.4,220.1,219.5,225.6,NA
2026-04-18,2026-03-12,9,219.6,221.4,220.1,219.5,225.6,NA
2026-04-19,2026-03-12,8,219.6,221.4,220.1,219.5,225.6,NA
2026-04-20,2026-03-12,7,219.6,221.4,220.1,219.5,225.6,NA
2026-04-21,2026-03-12,6,219.6,221.4,220.1,219.5,225.6,NA
2026-04-22,2026-03-12,5,219.6,221.4,220.1,219.5,225.6,NA
2026-04-23,2026-03-12,4,218.9,219.2,219.1,218.7,222.8,NA
2026-04-24,2026-03-12,3,217.9,215.5,217.9,214.4,193.9,NA
2026-04-25,2026-03-12,2,217,214,217,208,192.3,NA
2026-04-26,2026-03-12,1,216.7,212.9,216.1,200.1,190.7,NA
2026-03-16,2026-03-13,43,226.3,226.9,225.5,221.6,228.5,NA
2026-03-18,2026-03-13,41,226.3,226.9,225.6,221.5,228.5,NA
2026-03-19,2026-03-13,40,226.3,226.9,225.6,221.5,228.6,NA
2026-03-20,2026-03-13,39,221.6,223,221,219.9,226,NA
2026-03-21,2026-03-13,38,221.6,223,221,219.9,226,NA
2026-03-22,2026-03-13,37,221.6,223,221,219.9,226,NA
2026-03-23,2026-03-13,36,221.6,223,221,219.9,226,NA
2026-03-24,2026-03-13,35,221.6,223,221,219.9,226,NA
2026-03-25,2026-03-13,34,221.6,223,221,219.9,226,NA
2026-03-26,2026-03-13,33,221.7,223,221,219.9,226.1,NA
2026-03-27,2026-03-13,32,221.7,223,221,219.9,226.1,NA
2026-03-28,2026-03-13,31,221.7,223,221,219.9,226.1,NA
2026-03-29,2026-03-13,30,221.7,223,221,220,226.1,NA
2026-03-30,2026-03-13,29,221.7,223,221,220,226.1,NA
2026-03-31,2026-03-13,28,221.7,223,220.9,220,226.1,NA
2026-04-01,2026-03-13,27,219.7,221.4,220.2,219.6,225.6,NA
2026-04-02,2026-03-13,26,221.7,223,220.9,220,226.1,NA
2026-04-04,2026-03-13,24,221.7,223,221,220,226.1,NA
2026-04-05,2026-03-13,23,22.2,223,221,220,226.1,NA
2026-04-06,2026-03-13,22,22.2,223,221,219.8,226.1,NA
2026-04-07,2026-03-13,21,221.6,223,221,219.8,226.1,NA
2026-04-08,2026-03-13,20,221.6,223,221,219.8,226.1,NA
2026-04-09,2026-03-13,19,221.6,222.9,221,219.9,226.1,NA
2026-04-10,2026-03-13,18,221.7,222.9,221,219.9,226.1,NA
2026-04-11,2026-03-13,17,221.7,223,221,219.9,226.1,NA
2026-04-12,2026-03-13,16,221.6,223,221,219.9,226.1,NA
2026-04-13,2026-03-13,15,221.6,222.9,221,219.9,226.1,NA
2026-04-14,2026-03-13,14,221.6,222.9,221,219.9,226.1,NA
2026-04-15,2026-03-13,13,221.6,222.9,221,219.9,226.1,NA
2026-04-16,2026-03-13,12,221.6,222.9,221,219.9,226.1,NA
2026-04-17,2026-03-13,11,221.6,222.9,221,219.9,226.1,NA
2026-04-18,2026-03-13,10,221.6,222.9,221,219.8,226.1,NA
2026-04-19,2026-03-13,9,221.6,222.9,221,219.8,226.1,NA
2026-04-20,2026-03-13,8,221.6,222.9,221,219.8,226.1,NA
2026-04-21,2026-03-13,7,221.6,222.9,221,219.8,226.1,NA
2026-04-22,2026-03-13,6,221.6,223,221,219.8,226.1,NA
2026-04-23,2026-03-13,5,219.6,221.4,220.1,219.5,225.6,NA
2026-04-24,2026-03-13,4,218.9,219.2,219.1,218.7,222.8,NA
2026-04-25,2026-03-13,3,217.9,215.5,217.9,214.4,193.9,NA
2026-04-26,2026-03-13,2,217,214,217,208,192.3,NA
2026-04-27,2026-03-13,1,216.7,212.9,216.1,200.1,190.7,NA
2026-03-16,2026-03-14,44,229,229.9,228.6,225.5,228.8,NA
2026-03-18,2026-03-14,42,229,230,228.7,225.5,228.8,NA
2026-03-19,2026-03-14,41,229,229.9,228.5,225.5,228.8,NA
2026-03-20,2026-03-14,40,226.3,226.9,225.6,221.5,228.6,NA
2026-03-21,2026-03-14,39,226.3,227,225.6,221.5,228.6,NA
2026-03-22,2026-03-14,38,226.3,227,225.6,221.5,228.5,NA
2026-03-23,2026-03-14,37,226.3,227,225.6,221.5,228.6,NA
2026-03-24,2026-03-14,36,226.3,227,225.6,221.5,228.6,NA
2026-03-25,2026-03-14,35,226.3,227,225.6,221.5,228.5,NA
2026-03-26,2026-03-14,34,226.3,227,225.6,221.5,228.6,NA
2026-03-27,2026-03-14,33,226.3,227,225.6,221.5,228.6,NA
2026-03-28,2026-03-14,32,226.3,227,225.6,221.5,228.6,NA
2026-03-29,2026-03-14,31,226.3,227,225.6,221.5,228.6,NA
2026-03-30,2026-03-14,30,226.3,227,225.6,221.5,228.6,NA
2026-03-31,2026-03-14,29,226.3,227,225.6,221.5,228.6,NA
2026-04-01,2026-03-14,28,221.7,223,220.9,220,226.1,NA
2026-04-02,2026-03-14,27,226.3,227,225.6,221.5,228.6,NA
2026-04-04,2026-03-14,25,226.3,227,225.6,221.5,228.6,NA
2026-04-05,2026-03-14,24,22.6,227,225.6,221.5,228.6,NA
2026-04-06,2026-03-14,23,22.6,227,225.6,221.6,228.6,NA
2026-04-07,2026-03-14,22,226.3,227,225.6,221.6,228.6,NA
2026-04-08,2026-03-14,21,226.3,227,225.6,221.6,228.6,NA
2026-04-09,2026-03-14,20,226.3,227,225.6,221.5,228.6,NA
2026-04-10,2026-03-14,19,226.2,227,225.6,221.5,228.6,NA
2026-04-11,2026-03-14,18,226.2,226.9,225.6,221.5,228.6,NA
2026-04-12,2026-03-14,17,226.2,226.9,225.6,221.5,228.6,NA
2026-04-13,2026-03-14,16,226.2,227,225.6,221.5,228.6,NA
2026-04-14,2026-03-14,15,226.2,227,225.6,221.5,228.6,NA
2026-04-15,2026-03-14,14,226.2,227,225.6,221.5,228.6,NA
2026-04-16,2026-03-14,13,226.2,227,225.6,221.5,228.6,NA
2026-04-17,2026-03-14,12,226.2,227,225.6,221.5,228.6,NA
2026-04-18,2026-03-14,11,226.2,227,225.6,221.5,228.5,NA
2026-04-19,2026-03-14,10,226.2,227,225.6,221.5,228.5,NA
2026-04-20,2026-03-14,9,226.2,227,225.6,221.6,228.5,NA
2026-04-21,2026-03-14,8,226.2,227,225.6,221.6,228.5,NA
2026-04-22,2026-03-14,7,226.2,226.9,225.6,221.5,228.5,NA
2026-04-23,2026-03-14,6,221.6,223,221,219.8,226.1,NA
2026-04-24,2026-03-14,5,219.6,221.4,220.1,219.5,225.6,NA
2026-04-25,2026-03-14,4,218.9,219.2,219.1,218.7,222.8,NA
2026-04-26,2026-03-14,3,217.9,215.5,217.9,214.4,193.9,NA
2026-04-27,2026-03-14,2,217,214,217,208,192.3,NA
2026-04-28,2026-03-14,1,216.7,212.9,216.1,200.1,190.7,NA
2026-03-16,2026-03-15,45,229.5,230.5,229.2,228.2,229.4,NA
2026-03-18,2026-03-15,43,229.5,230.5,229.3,228.4,229.3,NA
2026-03-19,2026-03-15,42,229.5,230.5,229.3,228.4,229.3,NA
2026-03-20,2026-03-15,41,229,229.9,228.5,225.5,228.8,NA
2026-03-21,2026-03-15,40,229,230,228.6,225.5,228.8,NA
2026-03-22,2026-03-15,39,229,230,228.6,225.5,228.8,NA
2026-03-23,2026-03-15,38,229,230,228.6,225.5,228.8,NA
2026-03-24,2026-03-15,37,229,230,228.6,225.5,228.8,NA
2026-03-25,2026-03-15,36,229,229.9,228.6,225.5,228.8,NA
2026-03-26,2026-03-15,35,229.1,229.9,228.6,225.5,228.8,NA
2026-03-27,2026-03-15,34,229,230,228.6,225.5,228.8,NA
2026-03-28,2026-03-15,33,229,230,228.6,225.5,228.8,NA
2026-03-29,2026-03-15,32,229.1,230,228.6,225.5,228.8,NA
2026-03-30,2026-03-15,31,229,230,228.6,225.5,228.8,NA
2026-03-31,2026-03-15,30,229,230,228.7,225.5,228.8,NA
2026-04-01,2026-03-15,29,226.3,227,225.6,221.5,228.6,NA
2026-04-02,2026-03-15,28,229,230,228.6,225.5,228.8,NA
2026-04-04,2026-03-15,26,229.1,230,228.6,225.5,228.8,NA
2026-04-05,2026-03-15,25,22.9,230,228.5,225.5,228.8,NA
2026-04-06,2026-03-15,24,22.9,230,228.7,225.4,228.8,NA
2026-04-07,2026-03-15,23,229,230,228.6,225.4,228.8,NA
2026-04-08,2026-03-15,22,229,230,228.6,225.4,228.8,NA
2026-04-09,2026-03-15,21,229,229.9,228.6,225.5,228.8,NA
2026-04-10,2026-03-15,20,229,229.9,228.6,225.5,228.8,NA
2026-04-11,2026-03-15,19,229.1,230,228.6,225.5,228.8,NA
2026-04-12,2026-03-15,18,229,230,228.5,225.5,228.8,NA
2026-04-13,2026-03-15,17,229,229.9,228.5,225.5,228.8,NA
2026-04-14,2026-03-15,16,229,229.9,228.6,225.5,228.8,NA
2026-04-15,2026-03-15,15,228.9,229.9,228.5,225.5,228.8,NA
2026-04-16,2026-03-15,14,228.9,229.9,228.6,225.5,228.8,NA
2026-04-17,2026-03-15,13,229,229.9,228.6,225.5,228.8,NA
2026-04-18,2026-03-15,12,229,229.9,228.5,225.5,228.8,NA
2026-04-19,2026-03-15,11,228.9,229.9,228.6,225.5,228.8,NA
2026-04-20,2026-03-15,10,229,229.9,228.6,225.5,228.8,NA
2026-04-21,2026-03-15,9,229,229.9,228.5,225.5,228.8,NA
2026-04-22,2026-03-15,8,228.9,230,228.6,225.5,228.8,NA
2026-04-23,2026-03-15,7,226.2,226.9,225.6,221.5,228.5,NA
2026-04-24,2026-03-15,6,221.6,223,221,219.8,226.1,NA
2026-04-25,2026-03-15,5,219.6,221.4,220.1,219.5,225.6,NA
2026-04-26,2026-03-15,4,218.9,219.2,219.1,218.7,222.8,NA
2026-04-27,2026-03-15,3,217.9,215.5,217.9,214.4,193.9,NA
2026-04-28,2026-03-15,2,217,214,217,208,192.3,NA
2026-04-29,2026-03-15,1,216.7,212.9,216.1,200.1,190.7,NA
2026-03-18,2026-03-16,44,230,231.5,230.3,230.5,228.9,NA
2026-03-19,2026-03-16,43,230,231.5,230.3,230.5,229,NA
2026-03-20,2026-03-16,42,229.5,230.5,229.3,228.4,229.3,NA
2026-03-21,2026-03-16,41,229.6,230.4,229.3,228.4,229.3,NA
2026-03-22,2026-03-16,40,229.6,230.4,229.3,228.4,229.3,NA
2026-03-23,2026-03-16,39,229.6,230.4,229.3,228.4,229.3,NA
2026-03-24,2026-03-16,38,229.6,230.4,229.3,228.4,229.3,NA
2026-03-25,2026-03-16,37,229.6,230.4,229.3,228.4,229.3,NA
2026-03-26,2026-03-16,36,229.6,230.4,229.3,228.4,229.4,NA
2026-03-27,2026-03-16,35,229.6,230.4,229.3,228.4,229.4,NA
2026-03-28,2026-03-16,34,229.6,230.4,229.3,228.4,229.4,NA
2026-03-29,2026-03-16,33,229.6,230.4,229.3,228.4,229.4,NA
2026-03-30,2026-03-16,32,229.6,230.4,229.3,228.4,229.4,NA
2026-03-31,2026-03-16,31,229.6,230.4,229.3,228.4,229.4,NA
2026-04-01,2026-03-16,30,229,230,228.7,225.5,228.8,NA
2026-04-02,2026-03-16,29,229.6,230.4,229.3,228.4,229.4,NA
2026-04-04,2026-03-16,27,229.6,230.4,229.2,228.4,229.4,NA
2026-04-05,2026-03-16,26,23,230.4,229.2,228.4,229.4,NA
2026-04-06,2026-03-16,25,23,230.4,229.2,228.4,229.4,NA
2026-04-07,2026-03-16,24,229.6,230.4,229.2,228.4,229.4,NA
2026-04-08,2026-03-16,23,229.6,230.4,229.2,228.4,229.4,NA
2026-04-09,2026-03-16,22,229.6,230.4,229.2,228.4,229.4,NA
2026-04-10,2026-03-16,21,229.5,230.4,229.2,228.4,229.4,NA
2026-04-11,2026-03-16,20,229.5,230.5,229.3,228.4,229.4,NA
2026-04-12,2026-03-16,19,229.5,230.5,229.3,228.4,229.4,NA
2026-04-13,2026-03-16,18,229.5,230.4,229.3,228.4,229.4,NA
2026-04-14,2026-03-16,17,229.5,230.4,229.3,228.4,229.4,NA
2026-04-15,2026-03-16,16,229.5,230.4,229.3,228.4,229.4,NA
2026-04-16,2026-03-16,15,229.5,230.4,229.3,228.4,229.4,NA
2026-04-17,2026-03-16,14,229.5,230.4,229.3,228.4,229.4,NA
2026-04-18,2026-03-16,13,229.5,230.4,229.3,228.3,229.3,NA
2026-04-19,2026-03-16,12,229.5,230.4,229.3,228.3,229.3,NA
2026-04-20,2026-03-16,11,229.5,230.4,229.3,228.4,229.3,NA
2026-04-21,2026-03-16,10,229.5,230.4,229.3,228.4,229.3,NA
2026-04-22,2026-03-16,9,229.5,230.5,229.2,228.3,229.3,NA
2026-04-23,2026-03-16,8,228.9,230,228.6,225.5,228.8,NA
2026-04-24,2026-03-16,7,226.2,226.9,225.6,221.5,228.5,NA
2026-04-25,2026-03-16,6,221.6,223,221,219.8,226.1,NA
2026-04-26,2026-03-16,5,219.6,221.4,220.1,219.5,225.6,NA
2026-04-27,2026-03-16,4,218.9,219.2,219.1,218.7,222.8,NA
2026-04-28,2026-03-16,3,217.9,215.5,217.9,214.4,193.9,NA
2026-04-29,2026-03-16,2,217,214,217,208,192.3,NA
2026-04-30,2026-03-16,1,216.7,212.9,216.1,200.1,190.7,NA
2026-03-18,2026-03-17,45,231.3,233.1,230.9,235.1,240,NA
2026-03-19,2026-03-17,44,231.4,233.2,230.9,235.2,240.1,NA
2026-03-20,2026-03-17,43,230,231.5,230.3,230.5,229,NA
2026-03-21,2026-03-17,42,230,231.5,230.3,230.5,229,NA
2026-03-22,2026-03-17,41,230,231.5,230.3,230.5,228.9,NA
2026-03-23,2026-03-17,40,230,231.5,230.3,230.5,229,NA
2026-03-24,2026-03-17,39,230,231.5,230.3,230.5,229,NA
2026-03-25,2026-03-17,38,230,231.6,230.3,230.5,228.9,NA
2026-03-26,2026-03-17,37,229.9,231.6,230.3,230.6,229.1,NA
2026-03-27,2026-03-17,36,229.9,231.5,230.3,230.6,229.1,NA
2026-03-28,2026-03-17,35,229.9,231.5,230.3,230.6,228.9,NA
2026-03-29,2026-03-17,34,229.9,231.5,230.3,230.5,229.1,NA
2026-03-30,2026-03-17,33,229.9,231.5,230.3,230.5,229.1,NA
2026-03-31,2026-03-17,32,229.9,231.5,230.3,230.5,228.9,NA
2026-04-01,2026-03-17,31,229.6,230.4,229.3,228.4,229.4,NA
2026-04-02,2026-03-17,30,229.9,231.5,230.3,230.5,229.1,NA
2026-04-04,2026-03-17,28,229.9,231.5,230.3,230.5,229.1,NA
2026-04-05,2026-03-17,27,23,231.5,230.3,230.5,229.1,NA
2026-04-06,2026-03-17,26,23,231.5,230.3,230.5,228.9,NA
2026-04-07,2026-03-17,25,230,231.5,230.3,230.5,229.1,NA
2026-04-08,2026-03-17,24,230,231.5,230.3,230.5,229.1,NA
2026-04-09,2026-03-17,23,230,231.4,230.3,230.5,228.9,NA
2026-04-10,2026-03-17,22,229.9,231.4,230.3,230.5,229.1,NA
2026-04-11,2026-03-17,21,229.9,231.4,230.2,230.5,229.1,NA
2026-04-12,2026-03-17,20,230,231.4,230.2,230.5,228.9,NA
2026-04-13,2026-03-17,19,230,231.5,230.2,230.5,229.1,NA
2026-04-14,2026-03-17,18,230,231.5,230.2,230.5,229.1,NA
2026-04-15,2026-03-17,17,230,231.5,230.2,230.5,228.9,NA
2026-04-16,2026-03-17,16,230,231.5,230.2,230.5,229.1,NA
2026-04-17,2026-03-17,15,229.9,231.5,230.2,230.5,229.1,NA
2026-04-18,2026-03-17,14,229.9,231.5,230.2,230.5,229,NA
2026-04-19,2026-03-17,13,229.9,231.5,230.2,230.5,229,NA
2026-04-20,2026-03-17,12,229.9,231.5,230.2,230.5,229,NA
2026-04-21,2026-03-17,11,229.9,231.5,230.2,230.5,229,NA
2026-04-22,2026-03-17,10,230,231.4,230.3,230.5,229,NA
2026-04-23,2026-03-17,9,229.5,230.5,229.2,228.3,229.3,NA
2026-04-24,2026-03-17,8,228.9,230,228.6,225.5,228.8,NA
2026-04-25,2026-03-17,7,226.2,226.9,225.6,221.5,228.5,NA
2026-04-26,2026-03-17,6,221.6,223,221,219.8,226.1,NA
2026-04-27,2026-03-17,5,219.6,221.4,220.1,219.5,225.6,NA
2026-04-28,2026-03-17,4,218.9,219.2,219.1,218.7,222.8,NA
2026-04-29,2026-03-17,3,217.9,215.5,217.9,214.4,193.9,NA
2026-04-30,2026-03-17,2,217,214,217,208,192.3,NA
2026-05-01,2026-03-17,1,216.7,212.9,216.1,200.1,190.7,NA
2026-03-19,2026-03-18,45,237.2,236.8,236.4,239.6,240.5,NA
2026-03-20,2026-03-18,44,231.4,233.2,230.9,235.2,240.1,NA
2026-03-21,2026-03-18,43,231.4,233.2,230.8,235.2,240.1,NA
2026-03-22,2026-03-18,42,231.4,233.2,230.8,235.2,240.1,NA
2026-03-23,2026-03-18,41,231.4,233.2,230.8,235.2,240.1,NA
2026-03-24,2026-03-18,40,231.4,233.2,230.8,235.2,240.1,NA
2026-03-25,2026-03-18,39,231.4,233.2,230.8,235.2,240.1,NA
2026-03-26,2026-03-18,38,231.4,233.2,230.8,235.2,240.1,NA
2026-03-27,2026-03-18,37,231.4,233.2,230.8,235.2,240.1,NA
2026-03-28,2026-03-18,36,231.4,233.2,230.8,235.2,240.1,NA
2026-03-29,2026-03-18,35,231.4,233.2,230.8,235.1,240.1,NA
2026-03-30,2026-03-18,34,231.4,233.2,230.8,235.1,240.1,NA
2026-03-31,2026-03-18,33,231.4,233.2,230.9,235.1,240.1,NA
2026-04-01,2026-03-18,32,229.9,231.5,230.3,230.5,228.9,NA
2026-04-02,2026-03-18,31,231.4,233.2,230.9,235.1,240.1,NA
2026-04-04,2026-03-18,29,231.4,233.2,230.8,235.1,240.1,NA
2026-04-05,2026-03-18,28,23.1,233.2,230.8,235.1,240.1,NA
2026-04-06,2026-03-18,27,23.1,233.2,230.8,235.1,240.1,NA
2026-04-07,2026-03-18,26,231.4,233.2,230.8,235.1,240.1,NA
2026-04-08,2026-03-18,25,231.4,233.2,230.8,235.1,240.1,NA
2026-04-09,2026-03-18,24,231.4,233.1,230.8,235.2,240.1,NA
2026-04-10,2026-03-18,23,231.4,233.1,230.8,235.2,240.1,NA
2026-04-11,2026-03-18,22,231.4,233.2,230.8,235.2,240.1,NA
2026-04-12,2026-03-18,21,231.4,233.2,230.8,235.2,240.1,NA
2026-04-13,2026-03-18,20,231.4,233.1,230.8,235.2,240.1,NA
2026-04-14,2026-03-18,19,231.4,233.1,230.8,235.2,240.1,NA
2026-04-15,2026-03-18,18,231.3,233.1,230.8,235.2,240.1,NA
2026-04-16,2026-03-18,17,231.3,233.1,230.8,235.2,240.1,NA
2026-04-17,2026-03-18,16,231.3,233.1,230.8,235.2,240.1,NA
2026-04-18,2026-03-18,15,231.3,233.1,230.8,235.1,240.2,NA
2026-04-19,2026-03-18,14,231.3,233.1,230.8,235.1,240.2,NA
2026-04-20,2026-03-18,13,231.3,233.1,230.8,235.2,240.2,NA
2026-04-21,2026-03-18,12,231.3,233.1,230.8,235.2,240.2,NA
2026-04-22,2026-03-18,11,231.3,233.2,230.8,235.1,240.2,NA
2026-04-23,2026-03-18,10,230,231.4,230.3,230.5,229,NA
2026-04-24,2026-03-18,9,229.5,230.5,229.2,228.3,229.3,NA
2026-04-25,2026-03-18,8,228.9,230,228.6,225.5,228.8,NA
2026-04-26,2026-03-18,7,226.2,226.9,225.6,221.5,228.5,NA
2026-04-27,2026-03-18,6,221.6,223,221,219.8,226.1,NA
2026-04-28,2026-03-18,5,219.6,221.4,220.1,219.5,225.6,NA
2026-04-29,2026-03-18,4,218.9,219.2,219.1,218.7,222.8,NA
2026-04-30,2026-03-18,3,217.9,215.5,217.9,214.4,193.9,NA
2026-05-01,2026-03-18,2,217,214,217,208,192.3,NA
2026-05-02,2026-03-18,1,216.7,212.9,216.1,200.1,190.7,NA
2026-03-20,2026-03-19,45,237.2,236.8,236.4,239.6,240.5,NA
2026-03-21,2026-03-19,44,237.3,236.8,236.6,239.7,240.5,NA
2026-03-22,2026-03-19,43,237.3,236.8,236.6,239.7,240.5,NA
2026-03-23,2026-03-19,42,237.3,236.8,236.6,239.7,240.5,NA
2026-03-24,2026-03-19,41,237.3,236.8,236.6,239.7,240.5,NA
2026-03-25,2026-03-19,40,237.3,236.8,236.6,239.7,240.5,NA
2026-03-26,2026-03-19,39,237.3,236.8,236.6,239.6,240.6,NA
2026-03-27,2026-03-19,38,237.3,236.8,236.6,239.6,240.6,NA
2026-03-28,2026-03-19,37,237.3,236.8,236.6,239.6,240.6,NA
2026-03-29,2026-03-19,36,237.3,236.8,236.6,239.7,240.6,NA
2026-03-30,2026-03-19,35,237.3,236.8,236.6,239.7,240.6,NA
2026-03-31,2026-03-19,34,237.3,236.8,236.6,239.7,240.6,NA
2026-04-01,2026-03-19,33,231.4,233.2,230.9,235.1,240.1,NA
2026-04-02,2026-03-19,32,237.3,236.8,236.6,239.7,240.6,NA
2026-04-04,2026-03-19,30,237.3,236.8,236.5,239.7,240.6,NA
2026-04-05,2026-03-19,29,23.7,236.8,236.5,239.7,240.6,NA
2026-04-06,2026-03-19,28,23.7,236.8,236.5,239.6,240.6,NA
2026-04-07,2026-03-19,27,237.3,236.8,236.5,239.7,240.6,NA
2026-04-08,2026-03-19,26,237.3,236.8,236.5,239.7,240.6,NA
2026-04-09,2026-03-19,25,237.3,236.8,236.5,239.7,240.6,NA
2026-04-10,2026-03-19,24,237.3,236.8,236.5,239.7,240.6,NA
2026-04-11,2026-03-19,23,237.3,236.9,236.6,239.7,240.6,NA
2026-04-12,2026-03-19,22,237.2,236.9,236.6,239.7,240.6,NA
2026-04-13,2026-03-19,21,237.2,236.8,236.6,239.7,240.6,NA
2026-04-14,2026-03-19,20,237.2,236.8,236.6,239.7,240.6,NA
2026-04-15,2026-03-19,19,237.3,236.8,236.6,239.7,240.6,NA
2026-04-16,2026-03-19,18,237.3,236.8,236.6,239.7,240.6,NA
2026-04-17,2026-03-19,17,237.2,236.8,236.6,239.7,240.6,NA
2026-04-18,2026-03-19,16,237.2,236.8,236.6,239.7,240.6,NA
2026-04-19,2026-03-19,15,237.2,236.8,236.6,239.7,240.6,NA
2026-04-20,2026-03-19,14,237.2,236.8,236.6,239.6,240.6,NA
2026-04-21,2026-03-19,13,237.2,236.8,236.6,239.6,240.6,NA
2026-04-22,2026-03-19,12,237.3,236.9,236.5,239.7,240.6,NA
2026-04-23,2026-03-19,11,231.3,233.2,230.8,235.1,240.2,NA
2026-04-24,2026-03-19,10,230,231.4,230.3,230.5,229,NA
2026-04-25,2026-03-19,9,229.5,230.5,229.2,228.3,229.3,NA
2026-04-26,2026-03-19,8,228.9,230,228.6,225.5,228.8,NA
2026-04-27,2026-03-19,7,226.2,226.9,225.6,221.5,228.5,NA
2026-04-28,2026-03-19,6,221.6,223,221,219.8,226.1,NA
2026-04-29,2026-03-19,5,219.6,221.4,220.1,219.5,225.6,NA
2026-04-30,2026-03-19,4,218.9,219.2,219.1,218.7,222.8,NA
2026-05-01,2026-03-19,3,217.9,215.5,217.9,214.4,193.9,NA
2026-05-02,2026-03-19,2,217,214,217,208,192.3,NA
2026-05-03,2026-03-19,1,216.7,212.9,216.1,200.1,190.7,NA
2026-03-21,2026-03-20,45,241.2,240.3,240,240.8,241.5,NA
2026-03-22,2026-03-20,44,241.4,240.4,240.1,240.8,241.6,NA
2026-03-23,2026-03-20,43,241.4,240.4,240.1,240.8,241.5,NA
2026-03-24,2026-03-20,42,241.4,240.4,240.1,240.8,241.6,NA
2026-03-25,2026-03-20,41,241.4,240.4,240.1,240.8,241.6,NA
2026-03-26,2026-03-20,40,241.4,240.4,240.1,240.8,241.6,NA
2026-03-27,2026-03-20,39,241.4,240.4,240.1,240.8,241.6,NA
2026-03-28,2026-03-20,38,241.4,240.4,240.1,240.8,241.6,NA
2026-03-29,2026-03-20,37,241.4,240.4,240.1,240.9,241.6,NA
2026-03-30,2026-03-20,36,241.4,240.4,240.1,240.9,241.6,NA
2026-03-31,2026-03-20,35,241.4,240.4,240.2,240.9,241.6,NA
2026-04-01,2026-03-20,34,237.3,236.8,236.6,239.7,240.6,NA
2026-04-02,2026-03-20,33,241.4,240.4,240.2,240.9,241.6,NA
2026-04-04,2026-03-20,31,241.4,240.4,240.2,240.9,241.6,NA
2026-04-05,2026-03-20,30,24.1,240.4,240.2,240.9,241.6,NA
2026-04-06,2026-03-20,29,24.1,240.4,240.2,240.7,241.6,NA
2026-04-07,2026-03-20,28,241.4,240.4,240.2,240.7,241.6,NA
2026-04-08,2026-03-20,27,241.4,240.4,240.2,240.7,241.6,NA
2026-04-09,2026-03-20,26,241.4,240.4,240.2,240.8,241.6,NA
2026-04-10,2026-03-20,25,241.4,240.4,240.2,240.8,241.6,NA
2026-04-11,2026-03-20,24,241.4,240.4,240.1,240.8,241.6,NA
2026-04-12,2026-03-20,23,241.4,240.4,240.1,240.8,241.6,NA
2026-04-13,2026-03-20,22,241.4,240.4,240.1,240.8,241.6,NA
2026-04-14,2026-03-20,21,241.4,240.4,240.1,240.8,241.6,NA
2026-04-15,2026-03-20,20,241.3,240.4,240.1,240.8,241.6,NA
2026-04-16,2026-03-20,19,241.3,240.4,240.1,240.8,241.6,NA
2026-04-17,2026-03-20,18,241.3,240.4,240.1,240.8,241.6,NA
2026-04-18,2026-03-20,17,241.3,240.4,240.1,240.8,241.6,NA
2026-04-19,2026-03-20,16,241.3,240.4,240.1,240.8,241.6,NA
2026-04-20,2026-03-20,15,241.3,240.4,240.1,240.7,241.6,NA
2026-04-21,2026-03-20,14,241.3,240.4,240.1,240.7,241.6,NA
2026-04-22,2026-03-20,13,241.3,240.4,240.2,240.8,241.6,NA
2026-04-23,2026-03-20,12,237.3,236.9,236.5,239.7,240.6,NA
2026-04-24,2026-03-20,11,231.3,233.2,230.8,235.1,240.2,NA
2026-04-25,2026-03-20,10,230,231.4,230.3,230.5,229,NA
2026-04-26,2026-03-20,9,229.5,230.5,229.2,228.3,229.3,NA
2026-04-27,2026-03-20,8,228.9,230,228.6,225.5,228.8,NA
2026-04-28,2026-03-20,7,226.2,226.9,225.6,221.5,228.5,NA
2026-04-29,2026-03-20,6,221.6,223,221,219.8,226.1,NA
2026-04-30,2026-03-20,5,219.6,221.4,220.1,219.5,225.6,NA
2026-05-01,2026-03-20,4,218.9,219.2,219.1,218.7,222.8,NA
2026-05-02,2026-03-20,3,217.9,215.5,217.9,214.4,193.9,NA
2026-05-03,2026-03-20,2,217,214,217,208,192.3,NA
2026-05-04,2026-03-20,1,216.7,212.9,216.1,200.1,190.7,NA
2026-03-22,2026-03-21,45,243.8,243.4,242.6,245.3,245.5,NA
2026-03-23,2026-03-21,44,243.8,243.4,242.6,245.5,245.5,NA
2026-03-24,2026-03-21,43,243.8,243.4,242.6,245.5,245.5,NA
2026-03-25,2026-03-21,42,243.8,243.4,242.6,245.5,245.5,NA
2026-03-26,2026-03-21,41,243.9,243.4,242.6,245.5,245.4,NA
2026-03-27,2026-03-21,40,243.9,243.4,242.6,245.5,245.4,NA
2026-03-28,2026-03-21,39,243.9,243.4,242.6,245.5,245.4,NA
2026-03-29,2026-03-21,38,243.9,243.4,242.6,245.5,245.4,NA
2026-03-30,2026-03-21,37,243.9,243.4,242.6,245.5,245.4,NA
2026-03-31,2026-03-21,36,243.9,243.4,242.6,245.5,245.4,NA
2026-04-01,2026-03-21,35,241.4,240.4,240.2,240.9,241.6,NA
2026-04-02,2026-03-21,34,243.9,243.4,242.6,245.5,245.4,NA
2026-04-04,2026-03-21,32,243.9,243.4,242.7,245.5,245.4,NA
2026-04-05,2026-03-21,31,24.4,243.4,242.7,245.5,245.4,NA
2026-04-06,2026-03-21,30,24.4,243.4,242.7,245.5,245.4,NA
2026-04-07,2026-03-21,29,243.8,243.4,242.6,245.5,245.4,NA
2026-04-08,2026-03-21,28,243.8,243.4,242.6,245.5,245.4,NA
2026-04-09,2026-03-21,27,243.8,243.5,242.6,245.5,245.4,NA
2026-04-10,2026-03-21,26,243.8,243.5,242.6,245.5,245.4,NA
2026-04-11,2026-03-21,25,243.8,243.4,242.7,245.5,245.4,NA
2026-04-12,2026-03-21,24,243.9,243.4,242.7,245.5,245.4,NA
2026-04-13,2026-03-21,23,243.9,243.5,242.7,245.5,245.4,NA
2026-04-14,2026-03-21,22,243.9,243.5,242.7,245.5,245.4,NA
2026-04-15,2026-03-21,21,243.9,243.5,242.7,245.5,245.4,NA
2026-04-16,2026-03-21,20,243.9,243.5,242.7,245.5,245.4,NA
2026-04-17,2026-03-21,19,243.9,243.5,242.7,245.5,245.4,NA
2026-04-18,2026-03-21,18,243.9,243.5,242.7,245.5,245.4,NA
2026-04-19,2026-03-21,17,243.9,243.5,242.7,245.5,245.5,NA
2026-04-20,2026-03-21,16,243.9,243.5,242.7,245.5,245.5,NA
2026-04-21,2026-03-21,15,243.9,243.5,242.7,245.5,245.4,NA
2026-04-22,2026-03-21,14,243.9,243.4,242.6,245.5,245.5,NA
2026-04-23,2026-03-21,13,241.3,240.4,240.2,240.8,241.6,NA
2026-04-24,2026-03-21,12,237.3,236.9,236.5,239.7,240.6,NA
2026-04-25,2026-03-21,11,231.3,233.2,230.8,235.1,240.2,NA
2026-04-26,2026-03-21,10,230,231.4,230.3,230.5,229,NA
2026-04-27,2026-03-21,9,229.5,230.5,229.2,228.3,229.3,NA
2026-04-28,2026-03-21,8,228.9,230,228.6,225.5,228.8,NA
2026-04-29,2026-03-21,7,226.2,226.9,225.6,221.5,228.5,NA
2026-04-30,2026-03-21,6,221.6,223,221,219.8,226.1,NA
2026-05-01,2026-03-21,5,219.6,221.4,220.1,219.5,225.6,NA
2026-05-02,2026-03-21,4,218.9,219.2,219.1,218.7,222.8,NA
2026-05-03,2026-03-21,3,217.9,215.5,217.9,214.4,193.9,NA
2026-05-04,2026-03-21,2,217,214,217,208,192.3,NA
2026-05-05,2026-03-21,1,216.7,212.9,216.1,200.1,190.7,NA
2026-03-23,2026-03-22,45,243.8,243.3,242.3,248.4,246,NA
2026-03-24,2026-03-22,44,243.8,243.3,242.3,248.4,246,NA
2026-03-25,2026-03-22,43,243.8,243.2,242.3,248.4,246,NA
2026-03-26,2026-03-22,42,243.9,243.2,242.3,248.3,246,NA
2026-03-27,2026-03-22,41,243.9,243.3,242.3,248.3,246,NA
2026-03-28,2026-03-22,40,243.9,243.3,242.3,248.3,246,NA
2026-03-29,2026-03-22,39,243.9,243.3,242.3,248.5,246,NA
2026-03-30,2026-03-22,38,243.9,243.3,242.3,248.5,246,NA
2026-03-31,2026-03-22,37,243.9,243.3,242.2,248.5,246,NA
2026-04-01,2026-03-22,36,243.9,243.4,242.6,245.5,245.4,NA
2026-04-02,2026-03-22,35,243.9,243.3,242.2,248.5,246,NA
2026-04-04,2026-03-22,33,243.9,243.3,242.2,248.5,246,NA
2026-04-05,2026-03-22,32,24.4,243.3,242.2,248.5,246,NA
2026-04-06,2026-03-22,31,24.4,243.3,242.2,248.4,246,NA
2026-04-07,2026-03-22,30,243.8,243.3,242.3,248.4,246,NA
2026-04-08,2026-03-22,29,243.8,243.3,242.3,248.3,246,NA
2026-04-09,2026-03-22,28,243.8,243.2,242.3,248.4,246,NA
2026-04-10,2026-03-22,27,243.8,243.2,242.3,248.4,246,NA
2026-04-11,2026-03-22,26,243.8,243.2,242.2,248.4,246,NA
2026-04-12,2026-03-22,25,243.9,243.2,242.2,248.4,246,NA
2026-04-13,2026-03-22,24,243.9,243.2,242.2,248.4,246,NA
2026-04-14,2026-03-22,23,243.9,243.2,242.2,248.4,246,NA
2026-04-15,2026-03-22,22,243.9,243.2,242.2,248.4,246,NA
2026-04-16,2026-03-22,21,243.9,243.2,242.2,248.4,246,NA
2026-04-17,2026-03-22,20,243.8,243.2,242.2,248.4,246,NA
2026-04-18,2026-03-22,19,243.8,243.2,242.2,248.3,246,NA
2026-04-19,2026-03-22,18,243.8,243.2,242.2,248.3,246,NA
2026-04-20,2026-03-22,17,243.8,243.2,242.2,248.3,246,NA
2026-04-21,2026-03-22,16,243.8,243.2,242.2,248.3,246,NA
2026-04-22,2026-03-22,15,243.9,243.2,242.3,248.3,246,NA
2026-04-23,2026-03-22,14,243.9,243.4,242.6,245.5,245.5,NA
2026-04-24,2026-03-22,13,241.3,240.4,240.2,240.8,241.6,NA
2026-04-25,2026-03-22,12,237.3,236.9,236.5,239.7,240.6,NA
2026-04-26,2026-03-22,11,231.3,233.2,230.8,235.1,240.2,NA
2026-04-27,2026-03-22,10,230,231.4,230.3,230.5,229,NA
2026-04-28,2026-03-22,9,229.5,230.5,229.2,228.3,229.3,NA
2026-04-29,2026-03-22,8,228.9,230,228.6,225.5,228.8,NA
2026-04-30,2026-03-22,7,226.2,226.9,225.6,221.5,228.5,NA
2026-05-01,2026-03-22,6,221.6,223,221,219.8,226.1,NA
2026-05-02,2026-03-22,5,219.6,221.4,220.1,219.5,225.6,NA
2026-05-03,2026-03-22,4,218.9,219.2,219.1,218.7,222.8,NA
2026-05-04,2026-03-22,3,217.9,215.5,217.9,214.4,193.9,NA
2026-05-05,2026-03-22,2,217,214,217,208,192.3,NA
2026-05-06,2026-03-22,1,216.7,212.9,216.1,200.1,190.7,NA
2026-03-24,2026-03-23,45,244.4,243.4,242.6,248.6,246,NA
2026-03-25,2026-03-23,44,244.4,243.6,242.7,248.6,246,NA
2026-03-26,2026-03-23,43,244.5,243.6,242.7,248.7,246,NA
2026-03-27,2026-03-23,42,244.5,243.5,242.7,248.7,246,NA
2026-03-28,2026-03-23,41,244.4,243.6,242.7,248.7,246,NA
2026-03-29,2026-03-23,40,244.5,243.6,242.7,248.5,246,NA
2026-03-30,2026-03-23,39,244.5,243.5,242.7,248.5,246,NA
2026-03-31,2026-03-23,38,244.5,243.4,242.7,248.5,246,NA
2026-04-01,2026-03-23,37,243.9,243.3,242.2,248.5,246,NA
2026-04-02,2026-03-23,36,244.5,243.5,242.7,248.5,246,NA
2026-04-04,2026-03-23,34,244.5,243.6,242.6,248.5,246,NA
2026-04-05,2026-03-23,33,24.4,243.5,242.6,248.5,246,NA
2026-04-06,2026-03-23,32,24.4,243.4,242.6,248.6,246,NA
2026-04-07,2026-03-23,31,244.4,243.6,242.5,248.6,246,NA
2026-04-08,2026-03-23,30,244.4,243.5,242.5,248.6,246,NA
2026-04-09,2026-03-23,29,244.4,243.4,242.5,248.6,246,NA
2026-04-10,2026-03-23,28,244.3,243.4,242.5,248.6,246,NA
2026-04-11,2026-03-23,27,244.3,243.3,242.6,248.6,246,NA
2026-04-12,2026-03-23,26,244.3,243.3,242.6,248.6,246,NA
2026-04-13,2026-03-23,25,244.3,243.3,242.6,248.6,246,NA
2026-04-14,2026-03-23,24,244.3,243.3,242.6,248.6,246,NA
2026-04-15,2026-03-23,23,244.4,243.3,242.6,248.6,246,NA
2026-04-16,2026-03-23,22,244.4,243.3,242.6,248.6,246,NA
2026-04-17,2026-03-23,21,244.3,243.3,242.6,248.6,246,NA
2026-04-18,2026-03-23,20,244.3,243.3,242.6,248.5,246,NA
2026-04-19,2026-03-23,19,244.3,243.3,242.6,248.5,246,NA
2026-04-20,2026-03-23,18,244.3,243.3,242.6,248.5,246,NA
2026-04-21,2026-03-23,17,244.3,243.3,242.6,248.5,246,NA
2026-04-22,2026-03-23,16,244.4,243.3,242.5,248.5,246,NA
2026-04-23,2026-03-23,15,243.9,243.2,242.3,248.3,246,NA
2026-04-24,2026-03-23,14,243.9,243.4,242.6,245.5,245.5,NA
2026-04-25,2026-03-23,13,241.3,240.4,240.2,240.8,241.6,NA
2026-04-26,2026-03-23,12,237.3,236.9,236.5,239.7,240.6,NA
2026-04-27,2026-03-23,11,231.3,233.2,230.8,235.1,240.2,NA
2026-04-28,2026-03-23,10,230,231.4,230.3,230.5,229,NA
2026-04-29,2026-03-23,9,229.5,230.5,229.2,228.3,229.3,NA
2026-04-30,2026-03-23,8,228.9,230,228.6,225.5,228.8,NA
2026-05-01,2026-03-23,7,226.2,226.9,225.6,221.5,228.5,NA
2026-05-02,2026-03-23,6,221.6,223,221,219.8,226.1,NA
2026-05-03,2026-03-23,5,219.6,221.4,220.1,219.5,225.6,NA
2026-05-04,2026-03-23,4,218.9,219.2,219.1,218.7,222.8,NA
2026-05-05,2026-03-23,3,217.9,215.5,217.9,214.4,193.9,NA
2026-05-06,2026-03-23,2,217,214,217,208,192.3,NA
2026-05-07,2026-03-23,1,216.7,212.9,216.1,200.1,190.7,NA
2026-03-25,2026-03-24,45,248.8,249.2,247.5,248.9,245.2,NA
2026-03-26,2026-03-24,44,249,249.3,247.7,249.2,245.4,NA
2026-03-27,2026-03-24,43,249,249.3,247.7,249.2,245.4,NA
2026-03-28,2026-03-24,42,249,249.3,247.7,249.2,245.4,NA
2026-03-29,2026-03-24,41,249,249.3,247.7,248.9,245.4,NA
2026-03-30,2026-03-24,40,249,249.3,247.7,248.9,245.4,NA
2026-03-31,2026-03-24,39,249,249.3,247.7,248.9,245.4,NA
2026-04-01,2026-03-24,38,244.5,243.4,242.7,248.5,246,NA
2026-04-02,2026-03-24,37,249,249.3,247.7,248.9,245.4,NA
2026-04-04,2026-03-24,35,249,249.3,247.6,248.9,245.4,NA
2026-04-05,2026-03-24,34,24.9,249.3,247.6,248.9,245.4,NA
2026-04-06,2026-03-24,33,24.9,249.3,247.6,248.9,245.4,NA
2026-04-07,2026-03-24,32,248.9,249.3,247.6,249.1,245.4,NA
2026-04-08,2026-03-24,31,248.9,249.3,247.6,249,245.4,NA
2026-04-09,2026-03-24,30,248.9,249.4,247.6,248.9,245.4,NA
2026-04-10,2026-03-24,29,248.9,249.4,247.6,249,245.4,NA
2026-04-11,2026-03-24,28,248.9,249.4,247.7,249,245.4,NA
2026-04-12,2026-03-24,27,248.9,249.4,247.7,248.9,245.4,NA
2026-04-13,2026-03-24,26,248.9,249.3,247.7,249,245.4,NA
2026-04-14,2026-03-24,25,248.9,249.3,247.7,249,245.4,NA
2026-04-15,2026-03-24,24,249,249.3,247.7,248.9,245.4,NA
2026-04-16,2026-03-24,23,249,249.3,247.7,249,245.4,NA
2026-04-17,2026-03-24,22,248.9,249.3,247.7,249,245.4,NA
2026-04-18,2026-03-24,21,248.9,249.3,247.7,249,245.3,NA
2026-04-19,2026-03-24,20,248.9,249.3,247.7,249,245.3,NA
2026-04-20,2026-03-24,19,248.9,249.3,247.7,249,245.3,NA
2026-04-21,2026-03-24,18,248.9,249.3,247.7,249,245.3,NA
2026-04-22,2026-03-24,17,249,249.4,247.6,249,245.3,NA
2026-04-23,2026-03-24,16,244.4,243.3,242.5,248.5,246,NA
2026-04-24,2026-03-24,15,243.9,243.2,242.3,248.3,246,NA
2026-04-25,2026-03-24,14,243.9,243.4,242.6,245.5,245.5,NA
2026-04-26,2026-03-24,13,241.3,240.4,240.2,240.8,241.6,NA
2026-04-27,2026-03-24,12,237.3,236.9,236.5,239.7,240.6,NA
2026-04-28,2026-03-24,11,231.3,233.2,230.8,235.1,240.2,NA
2026-04-29,2026-03-24,10,230,231.4,230.3,230.5,229,NA
2026-04-30,2026-03-24,9,229.5,230.5,229.2,228.3,229.3,NA
2026-05-01,2026-03-24,8,228.9,230,228.6,225.5,228.8,NA
2026-05-02,2026-03-24,7,226.2,226.9,225.6,221.5,228.5,NA
2026-05-03,2026-03-24,6,221.6,223,221,219.8,226.1,NA
2026-05-04,2026-03-24,5,219.6,221.4,220.1,219.5,225.6,NA
2026-05-05,2026-03-24,4,218.9,219.2,219.1,218.7,222.8,NA
2026-05-06,2026-03-24,3,217.9,215.5,217.9,214.4,193.9,NA
2026-05-07,2026-03-24,2,217,214,217,208,192.3,NA
2026-05-08,2026-03-24,1,216.7,212.9,216.1,200.1,190.7,NA
2026-03-26,2026-03-25,45,250.6,251,250.3,252.3,256.9,NA
2026-03-27,2026-03-25,44,250.6,250.8,250.4,252.4,257,NA
2026-03-28,2026-03-25,43,250.6,250.8,250.4,252.4,257,NA
2026-03-29,2026-03-25,42,250.6,250.8,250.4,252.6,257,NA
2026-03-30,2026-03-25,41,250.6,250.8,250.4,252.6,257,NA
2026-03-31,2026-03-25,40,250.6,250.8,250.4,252.6,257,NA
2026-04-01,2026-03-25,39,249,249.3,247.7,248.9,245.4,NA
2026-04-02,2026-03-25,38,250.6,250.8,250.4,252.6,257,NA
2026-04-04,2026-03-25,36,250.6,250.8,250.4,252.6,257,NA
2026-04-05,2026-03-25,35,25.1,250.8,250.4,252.6,257,NA
2026-04-06,2026-03-25,34,25.1,250.8,250.4,252.5,257,NA
2026-04-07,2026-03-25,33,250.5,250.8,250.3,252.5,257,NA
2026-04-08,2026-03-25,32,250.5,250.8,250.3,252.5,257,NA
2026-04-09,2026-03-25,31,250.5,250.9,250.3,252.5,257,NA
2026-04-10,2026-03-25,30,250.5,250.9,250.3,252.5,257,NA
2026-04-11,2026-03-25,29,250.5,250.9,250.3,252.5,257,NA
2026-04-12,2026-03-25,28,250.6,250.9,250.3,252.5,257,NA
2026-04-13,2026-03-25,27,250.6,250.9,250.3,252.5,257,NA
2026-04-14,2026-03-25,26,250.6,250.9,250.3,252.5,257,NA
2026-04-15,2026-03-25,25,250.5,250.9,250.3,252.5,257,NA
2026-04-16,2026-03-25,24,250.5,250.9,250.3,252.5,257,NA
2026-04-17,2026-03-25,23,250.5,250.9,250.3,252.5,257,NA
2026-04-18,2026-03-25,22,250.5,250.9,250.3,252.5,257,NA
2026-04-19,2026-03-25,21,250.5,250.9,250.3,252.5,257,NA
2026-04-20,2026-03-25,20,250.5,250.9,250.3,252.5,257,NA
2026-04-21,2026-03-25,19,250.5,250.9,250.3,252.5,257,NA
2026-04-22,2026-03-25,18,250.5,250.9,250.3,252.5,257,NA
2026-04-23,2026-03-25,17,249,249.4,247.6,249,245.3,NA
2026-04-24,2026-03-25,16,244.4,243.3,242.5,248.5,246,NA
2026-04-25,2026-03-25,15,243.9,243.2,242.3,248.3,246,NA
2026-04-26,2026-03-25,14,243.9,243.4,242.6,245.5,245.5,NA
2026-04-27,2026-03-25,13,241.3,240.4,240.2,240.8,241.6,NA
2026-04-28,2026-03-25,12,237.3,236.9,236.5,239.7,240.6,NA
2026-04-29,2026-03-25,11,231.3,233.2,230.8,235.1,240.2,NA
2026-04-30,2026-03-25,10,230,231.4,230.3,230.5,229,NA
2026-05-01,2026-03-25,9,229.5,230.5,229.2,228.3,229.3,NA
2026-05-02,2026-03-25,8,228.9,230,228.6,225.5,228.8,NA
2026-05-03,2026-03-25,7,226.2,226.9,225.6,221.5,228.5,NA
2026-05-04,2026-03-25,6,221.6,223,221,219.8,226.1,NA
2026-05-05,2026-03-25,5,219.6,221.4,220.1,219.5,225.6,NA
2026-05-06,2026-03-25,4,218.9,219.2,219.1,218.7,222.8,NA
2026-05-07,2026-03-25,3,217.9,215.5,217.9,214.4,193.9,NA
2026-05-08,2026-03-25,2,217,214,217,208,192.3,NA
2026-05-09,2026-03-25,1,216.7,212.9,216.1,200.1,190.7,NA
2026-03-27,2026-03-26,45,251.3,254.2,252.5,258,258.5,NA
2026-03-28,2026-03-26,44,251.3,254.4,252.6,258.1,258.4,NA
2026-03-29,2026-03-26,43,251.3,254.4,252.6,257.9,258.4,NA
2026-03-30,2026-03-26,42,251.3,254.4,252.6,257.9,258.4,NA
2026-03-31,2026-03-26,41,251.3,254.4,252.6,257.9,258.4,NA
2026-04-01,2026-03-26,40,250.6,250.8,250.4,252.6,257,NA
2026-04-02,2026-03-26,39,251.3,254.4,252.6,257.9,258.4,NA
2026-04-04,2026-03-26,37,251.3,254.4,252.7,257.9,258.4,NA
2026-04-05,2026-03-26,36,25.1,254.4,252.7,257.9,258.4,NA
2026-04-06,2026-03-26,35,25.1,254.4,252.7,258,258.4,NA
2026-04-07,2026-03-26,34,251.2,254.4,252.6,258,258.4,NA
2026-04-08,2026-03-26,33,251.2,254.4,252.6,258,258.4,NA
2026-04-09,2026-03-26,32,251.2,254.3,252.6,258.2,258.4,NA
2026-04-10,2026-03-26,31,251.2,254.3,252.6,258.2,258.4,NA
2026-04-11,2026-03-26,30,251.2,254.3,252.6,258.1,258.4,NA
2026-04-12,2026-03-26,29,251.2,254.3,252.6,258.2,258.4,NA
2026-04-13,2026-03-26,28,251.2,254.3,252.6,258.2,258.4,NA
2026-04-14,2026-03-26,27,251.2,254.3,252.6,258.1,258.4,NA
2026-04-15,2026-03-26,26,251.3,254.3,252.6,258.2,258.4,NA
2026-04-16,2026-03-26,25,251.3,254.3,252.6,258.2,258.4,NA
2026-04-17,2026-03-26,24,251.2,254.3,252.6,258.1,258.4,NA
2026-04-18,2026-03-26,23,251.2,254.3,252.6,258.2,258.4,NA
2026-04-19,2026-03-26,22,251.2,254.3,252.6,258.2,258.4,NA
2026-04-20,2026-03-26,21,251.2,254.3,252.6,258.2,258.4,NA
2026-04-21,2026-03-26,20,251.2,254.3,252.6,258.2,258.4,NA
2026-04-22,2026-03-26,19,251.3,254.3,252.6,258.2,258.4,NA
2026-04-23,2026-03-26,18,250.5,250.9,250.3,252.5,257,NA
2026-04-24,2026-03-26,17,249,249.4,247.6,249,245.3,NA
2026-04-25,2026-03-26,16,244.4,243.3,242.5,248.5,246,NA
2026-04-26,2026-03-26,15,243.9,243.2,242.3,248.3,246,NA
2026-04-27,2026-03-26,14,243.9,243.4,242.6,245.5,245.5,NA
2026-04-28,2026-03-26,13,241.3,240.4,240.2,240.8,241.6,NA
2026-04-29,2026-03-26,12,237.3,236.9,236.5,239.7,240.6,NA
2026-04-30,2026-03-26,11,231.3,233.2,230.8,235.1,240.2,NA
2026-05-01,2026-03-26,10,230,231.4,230.3,230.5,229,NA
2026-05-02,2026-03-26,9,229.5,230.5,229.2,228.3,229.3,NA
2026-05-03,2026-03-26,8,228.9,230,228.6,225.5,228.8,NA
2026-05-04,2026-03-26,7,226.2,226.9,225.6,221.5,228.5,NA
2026-05-05,2026-03-26,6,221.6,223,221,219.8,226.1,NA
2026-05-06,2026-03-26,5,219.6,221.4,220.1,219.5,225.6,NA
2026-05-07,2026-03-26,4,218.9,219.2,219.1,218.7,222.8,NA
2026-05-08,2026-03-26,3,217.9,215.5,217.9,214.4,193.9,NA
2026-05-09,2026-03-26,2,217,214,217,208,192.3,NA
2026-05-10,2026-03-26,1,216.7,212.9,216.1,200.1,190.7,NA
2026-03-28,2026-03-27,45,251.9,255.6,254.1,258.8,257.5,NA
2026-03-29,2026-03-27,44,251.9,255.6,254.1,258.7,257.5,NA
2026-03-30,2026-03-27,43,251.9,255.6,254.1,258.7,257.5,NA
2026-03-31,2026-03-27,42,251.9,255.6,254.2,258.7,257.5,NA
2026-04-01,2026-03-27,41,251.3,254.4,252.6,257.9,258.4,NA
2026-04-02,2026-03-27,40,251.9,255.6,254.2,258.7,257.5,NA
2026-04-04,2026-03-27,38,251.9,255.6,254.2,258.7,257.5,NA
2026-04-05,2026-03-27,37,25.2,255.6,254.2,258.7,257.5,NA
2026-04-06,2026-03-27,36,25.2,255.6,254.2,258.8,257.5,NA
2026-04-07,2026-03-27,35,251.9,255.6,254.2,258.8,257.5,NA
2026-04-08,2026-03-27,34,251.9,255.6,254.2,258.8,257.5,NA
2026-04-09,2026-03-27,33,251.9,255.6,254.2,258.8,257.5,NA
2026-04-10,2026-03-27,32,251.9,255.6,254.2,258.8,257.5,NA
2026-04-11,2026-03-27,31,251.9,255.6,254.2,258.8,257.5,NA
2026-04-12,2026-03-27,30,251.9,255.6,254.2,258.8,257.5,NA
2026-04-13,2026-03-27,29,251.9,255.6,254.2,258.8,257.5,NA
2026-04-14,2026-03-27,28,251.9,255.6,254.2,258.8,257.5,NA
2026-04-15,2026-03-27,27,251.8,255.6,254.2,258.8,257.5,NA
2026-04-16,2026-03-27,26,251.8,255.6,254.2,258.8,257.5,NA
2026-04-17,2026-03-27,25,251.9,255.6,254.2,258.8,257.5,NA
2026-04-18,2026-03-27,24,251.9,255.6,254.2,258.8,257.6,NA
2026-04-19,2026-03-27,23,251.9,255.6,254.2,258.8,257.6,NA
2026-04-20,2026-03-27,22,251.9,255.6,254.2,258.7,257.6,NA
2026-04-21,2026-03-27,21,251.9,255.6,254.2,258.7,257.6,NA
2026-04-22,2026-03-27,20,251.8,255.6,254.2,258.8,257.6,NA
2026-04-23,2026-03-27,19,251.3,254.3,252.6,258.2,258.4,NA
2026-04-24,2026-03-27,18,250.5,250.9,250.3,252.5,257,NA
2026-04-25,2026-03-27,17,249,249.4,247.6,249,245.3,NA
2026-04-26,2026-03-27,16,244.4,243.3,242.5,248.5,246,NA
2026-04-27,2026-03-27,15,243.9,243.2,242.3,248.3,246,NA
2026-04-28,2026-03-27,14,243.9,243.4,242.6,245.5,245.5,NA
2026-04-29,2026-03-27,13,241.3,240.4,240.2,240.8,241.6,NA
2026-04-30,2026-03-27,12,237.3,236.9,236.5,239.7,240.6,NA
2026-05-01,2026-03-27,11,231.3,233.2,230.8,235.1,240.2,NA
2026-05-02,2026-03-27,10,230,231.4,230.3,230.5,229,NA
2026-05-03,2026-03-27,9,229.5,230.5,229.2,228.3,229.3,NA
2026-05-04,2026-03-27,8,228.9,230,228.6,225.5,228.8,NA
2026-05-05,2026-03-27,7,226.2,226.9,225.6,221.5,228.5,NA
2026-05-06,2026-03-27,6,221.6,223,221,219.8,226.1,NA
2026-05-07,2026-03-27,5,219.6,221.4,220.1,219.5,225.6,NA
2026-05-08,2026-03-27,4,218.9,219.2,219.1,218.7,222.8,NA
2026-05-09,2026-03-27,3,217.9,215.5,217.9,214.4,193.9,NA
2026-05-10,2026-03-27,2,217,214,217,208,192.3,NA
2026-05-11,2026-03-27,1,216.7,212.9,216.1,200.1,190.7,NA
2026-03-29,2026-03-28,45,254.7,258.1,255.7,259.7,256.5,NA
2026-03-30,2026-03-28,44,254.9,258.2,255.8,259.7,256.5,NA
2026-03-31,2026-03-28,43,254.9,258.2,255.8,259.7,256.5,NA
2026-04-01,2026-03-28,42,251.9,255.6,254.2,258.7,257.5,NA
2026-04-02,2026-03-28,41,254.9,258.2,255.8,259.7,256.5,NA
2026-04-04,2026-03-28,39,254.9,258.2,255.7,259.7,256.5,NA
2026-04-05,2026-03-28,38,25.5,258.2,255.7,259.7,256.5,NA
2026-04-06,2026-03-28,37,25.5,258.2,255.7,259.6,256.5,NA
2026-04-07,2026-03-28,36,254.9,258.2,255.8,259.6,256.5,NA
2026-04-08,2026-03-28,35,254.9,258.2,255.8,259.6,256.5,NA
2026-04-09,2026-03-28,34,254.9,258.3,255.8,259.6,256.5,NA
2026-04-10,2026-03-28,33,254.8,258.3,255.8,259.6,256.5,NA
2026-04-11,2026-03-28,32,254.8,258.2,255.7,259.6,256.5,NA
2026-04-12,2026-03-28,31,254.8,258.2,255.7,259.6,256.5,NA
2026-04-13,2026-03-28,30,254.8,258.2,255.7,259.6,256.5,NA
2026-04-14,2026-03-28,29,254.8,258.2,255.7,259.6,256.5,NA
2026-04-15,2026-03-28,28,254.8,258.3,255.7,259.6,256.5,NA
2026-04-16,2026-03-28,27,254.8,258.2,255.7,259.6,256.5,NA
2026-04-17,2026-03-28,26,254.8,258.2,255.7,259.6,256.5,NA
2026-04-18,2026-03-28,25,254.8,258.3,255.7,259.5,256.6,NA
2026-04-19,2026-03-28,24,254.8,258.2,255.7,259.5,256.6,NA
2026-04-20,2026-03-28,23,254.8,258.2,255.7,259.6,256.6,NA
2026-04-21,2026-03-28,22,254.8,258.3,255.7,259.6,256.6,NA
2026-04-22,2026-03-28,21,254.8,258.2,255.8,259.5,256.6,NA
2026-04-23,2026-03-28,20,251.8,255.6,254.2,258.8,257.6,NA
2026-04-24,2026-03-28,19,251.3,254.3,252.6,258.2,258.4,NA
2026-04-25,2026-03-28,18,250.5,250.9,250.3,252.5,257,NA
2026-04-26,2026-03-28,17,249,249.4,247.6,249,245.3,NA
2026-04-27,2026-03-28,16,244.4,243.3,242.5,248.5,246,NA
2026-04-28,2026-03-28,15,243.9,243.2,242.3,248.3,246,NA
2026-04-29,2026-03-28,14,243.9,243.4,242.6,245.5,245.5,NA
2026-04-30,2026-03-28,13,241.3,240.4,240.2,240.8,241.6,NA
2026-05-01,2026-03-28,12,237.3,236.9,236.5,239.7,240.6,NA
2026-05-02,2026-03-28,11,231.3,233.2,230.8,235.1,240.2,NA
2026-05-03,2026-03-28,10,230,231.4,230.3,230.5,229,NA
2026-05-04,2026-03-28,9,229.5,230.5,229.2,228.3,229.3,NA
2026-05-05,2026-03-28,8,228.9,230,228.6,225.5,228.8,NA
2026-05-06,2026-03-28,7,226.2,226.9,225.6,221.5,228.5,NA
2026-05-07,2026-03-28,6,221.6,223,221,219.8,226.1,NA
2026-05-08,2026-03-28,5,219.6,221.4,220.1,219.5,225.6,NA
2026-05-09,2026-03-28,4,218.9,219.2,219.1,218.7,222.8,NA
2026-05-10,2026-03-28,3,217.9,215.5,217.9,214.4,193.9,NA
2026-05-11,2026-03-28,2,217,214,217,208,192.3,NA
2026-05-12,2026-03-28,1,216.7,212.9,216.1,200.1,190.7,NA
2026-03-30,2026-03-29,45,256.5,258.9,257.7,259.7,256.2,NA
2026-03-31,2026-03-29,44,256.7,258.9,257.8,259.7,256.2,NA
2026-04-01,2026-03-29,43,254.9,258.2,255.8,259.7,256.5,NA
2026-04-02,2026-03-29,42,256.7,258.9,257.8,259.7,256.2,NA
2026-04-04,2026-03-29,40,256.7,258.9,257.8,259.7,256.2,NA
2026-04-05,2026-03-29,39,25.7,258.9,257.8,259.7,256.2,NA
2026-04-06,2026-03-29,38,25.7,258.9,257.8,259.6,256.2,NA
2026-04-07,2026-03-29,37,256.7,258.9,257.8,259.6,256.2,NA
2026-04-08,2026-03-29,36,256.7,258.9,257.8,259.6,256.2,NA
2026-04-09,2026-03-29,35,256.7,258.9,257.8,259.7,256.2,NA
2026-04-10,2026-03-29,34,256.7,258.9,257.8,259.7,256.2,NA
2026-04-11,2026-03-29,33,256.7,258.8,257.8,259.7,256.2,NA
2026-04-12,2026-03-29,32,256.6,258.8,257.8,259.7,256.2,NA
2026-04-13,2026-03-29,31,256.6,258.8,257.8,259.7,256.2,NA
2026-04-14,2026-03-29,30,256.6,258.8,257.8,259.7,256.2,NA
2026-04-15,2026-03-29,29,256.6,258.8,257.8,259.7,256.2,NA
2026-04-16,2026-03-29,28,256.6,258.8,257.8,259.7,256.2,NA
2026-04-17,2026-03-29,27,256.6,258.8,257.8,259.7,256.2,NA
2026-04-18,2026-03-29,26,256.6,258.8,257.8,259.6,256.2,NA
2026-04-19,2026-03-29,25,256.6,258.8,257.8,259.6,256.2,NA
2026-04-20,2026-03-29,24,256.6,258.8,257.8,259.7,256.2,NA
2026-04-21,2026-03-29,23,256.6,258.8,257.8,259.7,256.2,NA
2026-04-22,2026-03-29,22,256.6,258.8,257.8,259.6,256.2,NA
2026-04-23,2026-03-29,21,254.8,258.2,255.8,259.5,256.6,NA
2026-04-24,2026-03-29,20,251.8,255.6,254.2,258.8,257.6,NA
2026-04-25,2026-03-29,19,251.3,254.3,252.6,258.2,258.4,NA
2026-04-26,2026-03-29,18,250.5,250.9,250.3,252.5,257,NA
2026-04-27,2026-03-29,17,249,249.4,247.6,249,245.3,NA
2026-04-28,2026-03-29,16,244.4,243.3,242.5,248.5,246,NA
2026-04-29,2026-03-29,15,243.9,243.2,242.3,248.3,246,NA
2026-04-30,2026-03-29,14,243.9,243.4,242.6,245.5,245.5,NA
2026-05-01,2026-03-29,13,241.3,240.4,240.2,240.8,241.6,NA
2026-05-02,2026-03-29,12,237.3,236.9,236.5,239.7,240.6,NA
2026-05-03,2026-03-29,11,231.3,233.2,230.8,235.1,240.2,NA
2026-05-04,2026-03-29,10,230,231.4,230.3,230.5,229,NA
2026-05-05,2026-03-29,9,229.5,230.5,229.2,228.3,229.3,NA
2026-05-06,2026-03-29,8,228.9,230,228.6,225.5,228.8,NA
2026-05-07,2026-03-29,7,226.2,226.9,225.6,221.5,228.5,NA
2026-05-08,2026-03-29,6,221.6,223,221,219.8,226.1,NA
2026-05-09,2026-03-29,5,219.6,221.4,220.1,219.5,225.6,NA
2026-05-10,2026-03-29,4,218.9,219.2,219.1,218.7,222.8,NA
2026-05-11,2026-03-29,3,217.9,215.5,217.9,214.4,193.9,NA
2026-05-12,2026-03-29,2,217,214,217,208,192.3,NA
2026-05-13,2026-03-29,1,216.7,212.9,216.1,200.1,190.7,NA
2026-03-31,2026-03-30,45,258,259.3,259.1,259.7,255.9,NA
2026-04-01,2026-03-30,44,256.7,258.9,257.8,259.7,256.2,NA
2026-04-02,2026-03-30,43,257.9,259.3,259,259.7,255.7,NA
2026-04-04,2026-03-30,41,258,259.3,259.1,259.7,255.7,NA
2026-04-05,2026-03-30,40,25.8,259.3,259,259.7,255.7,NA
2026-04-06,2026-03-30,39,25.8,259.3,259,259.6,255.7,NA
2026-04-07,2026-03-30,38,257.9,259.3,259,259.6,255.7,NA
2026-04-08,2026-03-30,37,257.9,259.3,259,259.6,255.7,NA
2026-04-09,2026-03-30,36,257.9,259.4,259,259.6,255.7,NA
2026-04-10,2026-03-30,35,257.9,259.4,259,259.6,255.7,NA
2026-04-11,2026-03-30,34,257.9,259.3,259.1,259.6,255.7,NA
2026-04-12,2026-03-30,33,257.9,259.3,259.1,259.6,255.7,NA
2026-04-13,2026-03-30,32,257.9,259.3,259.1,259.6,255.7,NA
2026-04-14,2026-03-30,31,257.9,259.3,259.1,259.6,255.7,NA
2026-04-15,2026-03-30,30,258,259.3,259.1,259.6,255.7,NA
2026-04-16,2026-03-30,29,258,259.3,259.1,259.6,255.7,NA
2026-04-17,2026-03-30,28,257.9,259.3,259.1,259.6,255.7,NA
2026-04-18,2026-03-30,27,257.9,259.3,259.1,259.5,255.7,NA
2026-04-19,2026-03-30,26,257.9,259.3,259.1,259.5,255.7,NA
2026-04-20,2026-03-30,25,257.9,259.3,259.1,259.6,255.7,NA
2026-04-21,2026-03-30,24,257.9,259.3,259.1,259.6,255.7,NA
2026-04-22,2026-03-30,23,258,259.3,259,259.5,255.7,NA
2026-04-23,2026-03-30,22,256.6,258.8,257.8,259.6,256.2,NA
2026-04-24,2026-03-30,21,254.8,258.2,255.8,259.5,256.6,NA
2026-04-25,2026-03-30,20,251.8,255.6,254.2,258.8,257.6,NA
2026-04-26,2026-03-30,19,251.3,254.3,252.6,258.2,258.4,NA
2026-04-27,2026-03-30,18,250.5,250.9,250.3,252.5,257,NA
2026-04-28,2026-03-30,17,249,249.4,247.6,249,245.3,NA
2026-04-29,2026-03-30,16,244.4,243.3,242.5,248.5,246,NA
2026-04-30,2026-03-30,15,243.9,243.2,242.3,248.3,246,NA
2026-05-01,2026-03-30,14,243.9,243.4,242.6,245.5,245.5,NA
2026-05-02,2026-03-30,13,241.3,240.4,240.2,240.8,241.6,NA
2026-05-03,2026-03-30,12,237.3,236.9,236.5,239.7,240.6,NA
2026-05-04,2026-03-30,11,231.3,233.2,230.8,235.1,240.2,NA
2026-05-05,2026-03-30,10,230,231.4,230.3,230.5,229,NA
2026-05-06,2026-03-30,9,229.5,230.5,229.2,228.3,229.3,NA
2026-05-07,2026-03-30,8,228.9,230,228.6,225.5,228.8,NA
2026-05-08,2026-03-30,7,226.2,226.9,225.6,221.5,228.5,NA
2026-05-09,2026-03-30,6,221.6,223,221,219.8,226.1,NA
2026-05-10,2026-03-30,5,219.6,221.4,220.1,219.5,225.6,NA
2026-05-11,2026-03-30,4,218.9,219.2,219.1,218.7,222.8,NA
2026-05-12,2026-03-30,3,217.9,215.5,217.9,214.4,193.9,NA
2026-05-13,2026-03-30,2,217,214,217,208,192.3,NA
2026-05-14,2026-03-30,1,256.7,258.9,257.8,259.7,256.2,NA
2026-04-01,2026-03-31,45,258,259.3,259.1,259.7,255.9,NA
2026-04-02,2026-03-31,44,257.5,259.2,258.8,259.3,251.9,NA
2026-04-04,2026-03-31,42,257.5,259.2,258.8,259.3,251.9,NA
2026-04-05,2026-03-31,41,25.8,259.2,258.8,259.3,251.9,NA
2026-04-06,2026-03-31,40,25.8,259.2,258.8,259.3,251.9,NA
2026-04-07,2026-03-31,39,257.5,259.2,258.8,259.3,251.9,NA
2026-04-08,2026-03-31,38,257.5,259.2,258.8,259.3,251.9,NA
2026-04-09,2026-03-31,37,257.5,259.2,258.8,259.3,251.9,NA
2026-04-10,2026-03-31,36,257.4,259.2,258.8,259.3,251.9,NA
2026-04-11,2026-03-31,35,257.4,259.1,258.8,259.3,251.9,NA
2026-04-12,2026-03-31,34,257.5,259.1,258.8,259.3,251.9,NA
2026-04-13,2026-03-31,33,257.5,259.2,258.8,259.3,251.9,NA
2026-04-14,2026-03-31,32,257.5,259.2,258.8,259.3,251.9,NA
2026-04-15,2026-03-31,31,257.4,259.2,258.8,259.3,251.9,NA
2026-04-16,2026-03-31,30,257.4,259.2,258.8,259.3,251.9,NA
2026-04-17,2026-03-31,29,257.5,259.2,258.8,259.3,251.9,NA
2026-04-18,2026-03-31,28,257.5,259.2,258.8,259.3,251.9,NA
2026-04-19,2026-03-31,27,257.5,259.2,258.8,259.3,251.9,NA
2026-04-20,2026-03-31,26,257.5,259.2,258.8,259.3,251.9,NA
2026-04-21,2026-03-31,25,257.5,259.2,258.8,259.3,251.9,NA
2026-04-22,2026-03-31,24,257.4,259.1,258.8,259.3,251.9,NA
2026-04-23,2026-03-31,23,258,259.3,259,259.5,255.7,NA
2026-04-24,2026-03-31,22,256.6,258.8,257.8,259.6,256.2,NA
2026-04-25,2026-03-31,21,254.8,258.2,255.8,259.5,256.6,NA
2026-04-26,2026-03-31,20,251.8,255.6,254.2,258.8,257.6,NA
2026-04-27,2026-03-31,19,251.3,254.3,252.6,258.2,258.4,NA
2026-04-28,2026-03-31,18,250.5,250.9,250.3,252.5,257,NA
2026-04-29,2026-03-31,17,249,249.4,247.6,249,245.3,NA
2026-04-30,2026-03-31,16,244.4,243.3,242.5,248.5,246,NA
2026-05-01,2026-03-31,15,243.9,243.2,242.3,248.3,246,NA
2026-05-02,2026-03-31,14,243.9,243.4,242.6,245.5,245.5,NA
2026-05-03,2026-03-31,13,241.3,240.4,240.2,240.8,241.6,NA
2026-05-04,2026-03-31,12,237.3,236.9,236.5,239.7,240.6,NA
2026-05-05,2026-03-31,11,231.3,233.2,230.8,235.1,240.2,NA
2026-05-06,2026-03-31,10,230,231.4,230.3,230.5,229,NA
2026-05-07,2026-03-31,9,229.5,230.5,229.2,228.3,229.3,NA
2026-05-08,2026-03-31,8,228.9,230,228.6,225.5,228.8,NA
2026-05-09,2026-03-31,7,226.2,226.9,225.6,221.5,228.5,NA
2026-05-10,2026-03-31,6,221.6,223,221,219.8,226.1,NA
2026-05-11,2026-03-31,5,219.6,221.4,220.1,219.5,225.6,NA
2026-05-12,2026-03-31,4,218.9,219.2,219.1,218.7,222.8,NA
2026-05-13,2026-03-31,3,217.9,215.5,217.9,214.4,193.9,NA
2026-05-14,2026-03-31,2,257.9,259.3,259,259.6,255.7,NA
2026-05-15,2026-03-31,1,258,259.3,259.1,259.6,255.7,NA
2026-04-02,2026-04-01,45,242.4,241.5,240,234.4,244.9,NA
2026-04-04,2026-04-01,43,242.4,241.5,240.1,234.4,244.7,NA
2026-04-05,2026-04-01,42,24.2,241.5,240.1,234.4,244.7,NA
2026-04-06,2026-04-01,41,24.2,241.5,240.1,234.3,244.7,NA
2026-04-07,2026-04-01,40,242.5,241.5,240.1,234.3,244.7,NA
2026-04-08,2026-04-01,39,242.5,241.5,240.1,234.3,244.7,NA
2026-04-09,2026-04-01,38,242.5,241.5,240.1,234.2,244.7,NA
2026-04-10,2026-04-01,37,242.5,241.5,240.1,234.2,244.7,NA
2026-04-11,2026-04-01,36,242.5,241.5,240,234.2,244.7,NA
2026-04-12,2026-04-01,35,242.5,241.5,240,234.2,244.7,NA
2026-04-13,2026-04-01,34,242.5,241.4,240,234.2,244.7,NA
2026-04-14,2026-04-01,33,242.5,241.4,240,234.2,244.7,NA
2026-04-15,2026-04-01,32,242.5,241.4,240,234.2,244.7,NA
2026-04-16,2026-04-01,31,242.5,241.4,240,234.2,244.7,NA
2026-04-17,2026-04-01,30,242.4,241.4,240,234.2,244.7,NA
2026-04-18,2026-04-01,29,242.4,241.4,240,234.4,244.7,NA
2026-04-19,2026-04-01,28,242.4,241.4,240,234.4,244.7,NA
2026-04-20,2026-04-01,27,242.4,241.4,240,234.4,244.7,NA
2026-04-21,2026-04-01,26,242.4,241.4,240,234.4,244.7,NA
2026-04-22,2026-04-01,25,242.5,241.5,240.1,234.4,244.7,NA
2026-04-23,2026-04-01,24,257.4,259.1,258.8,259.3,251.9,NA
2026-04-24,2026-04-01,23,258,259.3,259,259.5,255.7,NA
2026-04-25,2026-04-01,22,256.6,258.8,257.8,259.6,256.2,NA
2026-04-26,2026-04-01,21,254.8,258.2,255.8,259.5,256.6,NA
2026-04-27,2026-04-01,20,251.8,255.6,254.2,258.8,257.6,NA
2026-04-28,2026-04-01,19,251.3,254.3,252.6,258.2,258.4,NA
2026-04-29,2026-04-01,18,250.5,250.9,250.3,252.5,257,NA
2026-04-30,2026-04-01,17,249,249.4,247.6,249,245.3,NA
2026-05-01,2026-04-01,16,244.4,243.3,242.5,248.5,246,NA
2026-05-02,2026-04-01,15,243.9,243.2,242.3,248.3,246,NA
2026-05-03,2026-04-01,14,243.9,243.4,242.6,245.5,245.5,NA
2026-05-04,2026-04-01,13,241.3,240.4,240.2,240.8,241.6,NA
2026-05-05,2026-04-01,12,237.3,236.9,236.5,239.7,240.6,NA
2026-05-06,2026-04-01,11,231.3,233.2,230.8,235.1,240.2,NA
2026-05-07,2026-04-01,10,230,231.4,230.3,230.5,229,NA
2026-05-08,2026-04-01,9,229.5,230.5,229.2,228.3,229.3,NA
2026-05-09,2026-04-01,8,228.9,230,228.6,225.5,228.8,NA
2026-05-10,2026-04-01,7,226.2,226.9,225.6,221.5,228.5,NA
2026-05-11,2026-04-01,6,221.6,223,221,219.8,226.1,NA
2026-05-12,2026-04-01,5,219.6,221.4,220.1,219.5,225.6,NA
2026-05-13,2026-04-01,4,218.9,219.2,219.1,218.7,222.8,NA
2026-05-14,2026-04-01,3,257.4,259.2,258.8,259.3,251.9,NA
2026-05-15,2026-04-01,2,257.4,259.2,258.8,259.3,251.9,NA
2026-05-16,2026-04-01,1,257.3,259.1,258.7,259.2,251.7,NA
2026-04-04,2026-04-02,44,234.5,234.2,232.2,230.3,231.2,NA
2026-04-05,2026-04-02,43,23.5,234.2,232.2,230.3,231.2,NA
2026-04-06,2026-04-02,42,23.5,234.2,232.2,230.4,231.2,NA
2026-04-07,2026-04-02,41,234.5,234.2,232.2,230.4,231.2,NA
2026-04-08,2026-04-02,40,234.5,234.2,232.2,230.4,231.2,NA
2026-04-09,2026-04-02,39,234.5,234.2,232.2,230.4,231.2,NA
2026-04-10,2026-04-02,38,234.5,234.2,232.2,230.4,231.2,NA
2026-04-11,2026-04-02,37,234.5,234.2,232.1,230.4,231.2,NA
2026-04-12,2026-04-02,36,234.5,234.2,232.1,230.4,231.2,NA
2026-04-13,2026-04-02,35,234.5,234.3,232.1,230.4,231.2,NA
2026-04-14,2026-04-02,34,234.5,234.3,232.1,230.4,231.2,NA
2026-04-15,2026-04-02,33,234.5,234.3,232.1,230.4,231.2,NA
2026-04-16,2026-04-02,32,234.5,234.3,232.1,230.4,231.2,NA
2026-04-17,2026-04-02,31,234.4,234.3,232.1,230.4,231.2,NA
2026-04-18,2026-04-02,30,234.4,234.3,232.1,230.3,231.2,NA
2026-04-19,2026-04-02,29,234.4,234.3,232.1,230.3,231.2,NA
2026-04-20,2026-04-02,28,234.4,234.3,232.1,230.3,231.2,NA
2026-04-21,2026-04-02,27,234.4,234.3,232.1,230.3,231.2,NA
2026-04-22,2026-04-02,26,234.5,234.2,232.2,230.3,231.2,NA
2026-04-23,2026-04-02,25,242.5,241.5,240.1,234.4,244.7,NA
2026-04-24,2026-04-02,24,257.4,259.1,258.8,259.3,251.9,NA
2026-04-25,2026-04-02,23,258,259.3,259,259.5,255.7,NA
2026-04-26,2026-04-02,22,256.6,258.8,257.8,259.6,256.2,NA
2026-04-27,2026-04-02,21,254.8,258.2,255.8,259.5,256.6,NA
2026-04-28,2026-04-02,20,251.8,255.6,254.2,258.8,257.6,NA
2026-04-29,2026-04-02,19,251.3,254.3,252.6,258.2,258.4,NA
2026-04-30,2026-04-02,18,250.5,250.9,250.3,252.5,257,NA
2026-05-01,2026-04-02,17,249,249.4,247.6,249,245.3,NA
2026-05-02,2026-04-02,16,244.4,243.3,242.5,248.5,246,NA
2026-05-03,2026-04-02,15,243.9,243.2,242.3,248.3,246,NA
2026-05-04,2026-04-02,14,243.9,243.4,242.6,245.5,245.5,NA
2026-05-05,2026-04-02,13,241.3,240.4,240.2,240.8,241.6,NA
2026-05-06,2026-04-02,12,237.3,236.9,236.5,239.7,240.6,NA
2026-05-07,2026-04-02,11,231.3,233.2,230.8,235.1,240.2,NA
2026-05-08,2026-04-02,10,230,231.4,230.3,230.5,229,NA
2026-05-09,2026-04-02,9,229.5,230.5,229.2,228.3,229.3,NA
2026-05-10,2026-04-02,8,228.9,230,228.6,225.5,228.8,NA
2026-05-11,2026-04-02,7,226.2,226.9,225.6,221.5,228.5,NA
2026-05-12,2026-04-02,6,221.6,223,221,219.8,226.1,NA
2026-05-13,2026-04-02,5,219.6,221.4,220.1,219.5,225.6,NA
2026-05-14,2026-04-02,4,242.5,241.5,240,234.2,244.7,NA
2026-05-15,2026-04-02,3,242.5,241.5,240,234.2,244.7,NA
2026-05-16,2026-04-02,2,242.5,241.5,240,234.2,244.7,NA
2026-05-17,2026-04-02,1,274.7,272.7,269.8,234.2,279,NA
2026-04-04,2026-04-03,45,230.4,230.4,228.9,225.5,226.5,NA
2026-04-05,2026-04-03,44,23,230.3,228.8,225.3,226.3,NA
2026-04-06,2026-04-03,43,23,230.3,228.8,225.3,226.3,NA
2026-04-07,2026-04-03,42,230.1,230.3,228.7,225.3,226.3,NA
2026-04-08,2026-04-03,41,230.1,230.3,228.7,225.3,226.3,NA
2026-04-09,2026-04-03,40,230.1,230.3,228.7,225.2,226.3,NA
2026-04-10,2026-04-03,39,230.2,230.3,228.7,225.2,226.3,NA
2026-04-11,2026-04-03,38,230.2,230.3,228.8,225.2,226.3,NA
2026-04-12,2026-04-03,37,230.2,230.3,228.8,225.2,226.3,NA
2026-04-13,2026-04-03,36,230.2,230.2,228.8,225.2,226.3,NA
2026-04-14,2026-04-03,35,230.2,230.2,228.8,225.2,226.3,NA
2026-04-15,2026-04-03,34,230.2,230.2,228.8,225.2,226.3,NA
2026-04-16,2026-04-03,33,230.2,230.2,228.8,225.2,226.3,NA
2026-04-17,2026-04-03,32,230.2,230.2,228.8,225.2,226.3,NA
2026-04-18,2026-04-03,31,230.2,230.2,228.8,225.2,226.2,NA
2026-04-19,2026-04-03,30,230.2,230.2,228.8,225.2,226.2,NA
2026-04-20,2026-04-03,29,230.2,230.2,228.8,225.3,226.2,NA
2026-04-21,2026-04-03,28,230.2,230.2,228.8,225.3,226.2,NA
2026-04-22,2026-04-03,27,230.2,230.3,228.7,225.2,226.2,NA
2026-04-23,2026-04-03,26,234.5,234.2,232.2,230.3,231.2,NA
2026-04-24,2026-04-03,25,242.5,241.5,240.1,234.4,244.7,NA
2026-04-25,2026-04-03,24,257.4,259.1,258.8,259.3,251.9,NA
2026-04-26,2026-04-03,23,258,259.3,259,259.5,255.7,NA
2026-04-27,2026-04-03,22,256.6,258.8,257.8,259.6,256.2,NA
2026-04-28,2026-04-03,21,254.8,258.2,255.8,259.5,256.6,NA
2026-04-29,2026-04-03,20,251.8,255.6,254.2,258.8,257.6,NA
2026-04-30,2026-04-03,19,251.3,254.3,252.6,258.2,258.4,NA
2026-05-01,2026-04-03,18,250.5,250.9,250.3,252.5,257,NA
2026-05-02,2026-04-03,17,249,249.4,247.6,249,245.3,NA
2026-05-03,2026-04-03,16,244.4,243.3,242.5,248.5,246,NA
2026-05-04,2026-04-03,15,243.9,243.2,242.3,248.3,246,NA
2026-05-05,2026-04-03,14,243.9,243.4,242.6,245.5,245.5,NA
2026-05-06,2026-04-03,13,241.3,240.4,240.2,240.8,241.6,NA
2026-05-07,2026-04-03,12,237.3,236.9,236.5,239.7,240.6,NA
2026-05-08,2026-04-03,11,231.3,233.2,230.8,235.1,240.2,NA
2026-05-09,2026-04-03,10,230,231.4,230.3,230.5,229,NA
2026-05-10,2026-04-03,9,229.5,230.5,229.2,228.3,229.3,NA
2026-05-11,2026-04-03,8,228.9,230,228.6,225.5,228.8,NA
2026-05-12,2026-04-03,7,226.2,226.9,225.6,221.5,228.5,NA
2026-05-13,2026-04-03,6,221.6,223,221,219.8,226.1,NA
2026-05-14,2026-04-03,5,234.5,234.2,232.1,230.4,231.2,NA
2026-05-15,2026-04-03,4,234.5,234.2,232.1,230.4,231.2,NA
2026-05-16,2026-04-03,3,234.5,234.2,232.1,230.4,231.2,NA
2026-05-17,2026-04-03,2,258.9,258.4,254.3,230.3,252.3,NA
2026-05-18,2026-04-03,1,234.3,234.2,232,230.2,231.1,NA
2026-04-05,2026-04-04,45,22.8,228.8,227.7,224.4,223.2,NA
2026-04-06,2026-04-04,44,22.8,228.8,227.7,224.3,223.2,NA
2026-04-07,2026-04-04,43,228.2,228.8,227.7,224.3,223.2,NA
2026-04-08,2026-04-04,42,228.2,228.8,227.7,224.3,223.2,NA
2026-04-09,2026-04-04,41,228.2,228.8,227.7,224.2,223.2,NA
2026-04-10,2026-04-04,40,228.2,228.8,227.7,224.2,223.2,NA
2026-04-11,2026-04-04,39,228.2,228.7,227.6,224.2,223.2,NA
2026-04-12,2026-04-04,38,228.1,228.7,227.6,224.2,223.2,NA
2026-04-13,2026-04-04,37,228.1,228.8,227.6,224.2,223.2,NA
2026-04-14,2026-04-04,36,228.1,228.8,227.6,224.2,223.2,NA
2026-04-15,2026-04-04,35,228.2,228.8,227.6,224.2,223.2,NA
2026-04-16,2026-04-04,34,228.2,228.8,227.6,224.2,223.2,NA
2026-04-17,2026-04-04,33,228.1,228.8,227.6,224.2,223.2,NA
2026-04-18,2026-04-04,32,228.1,228.8,227.6,224.3,223.2,NA
2026-04-19,2026-04-04,31,228.1,228.8,227.6,224.3,223.2,NA
2026-04-20,2026-04-04,30,228.1,228.8,227.6,224.3,223.2,NA
2026-04-21,2026-04-04,29,228.1,228.8,227.6,224.3,223.2,NA
2026-04-22,2026-04-04,28,228.2,228.7,227.7,224.3,223.2,NA
2026-04-23,2026-04-04,27,230.2,230.3,228.7,225.2,226.2,NA
2026-04-24,2026-04-04,26,234.5,234.2,232.2,230.3,231.2,NA
2026-04-25,2026-04-04,25,242.5,241.5,240.1,234.4,244.7,NA
2026-04-26,2026-04-04,24,257.4,259.1,258.8,259.3,251.9,NA
2026-04-27,2026-04-04,23,258,259.3,259,259.5,255.7,NA
2026-04-28,2026-04-04,22,256.6,258.8,257.8,259.6,256.2,NA
2026-04-29,2026-04-04,21,254.8,258.2,255.8,259.5,256.6,NA
2026-04-30,2026-04-04,20,251.8,255.6,254.2,258.8,257.6,NA
2026-05-01,2026-04-04,19,251.3,254.3,252.6,258.2,258.4,NA
2026-05-02,2026-04-04,18,250.5,250.9,250.3,252.5,257,NA
2026-05-03,2026-04-04,17,249,249.4,247.6,249,245.3,NA
2026-05-04,2026-04-04,16,244.4,243.3,242.5,248.5,246,NA
2026-05-05,2026-04-04,15,243.9,243.2,242.3,248.3,246,NA
2026-05-06,2026-04-04,14,243.9,243.4,242.6,245.5,245.5,NA
2026-05-07,2026-04-04,13,241.3,240.4,240.2,240.8,241.6,NA
2026-05-08,2026-04-04,12,237.3,236.9,236.5,239.7,240.6,NA
2026-05-09,2026-04-04,11,231.3,233.2,230.8,235.1,240.2,NA
2026-05-10,2026-04-04,10,230,231.4,230.3,230.5,229,NA
2026-05-11,2026-04-04,9,229.5,230.5,229.2,228.3,229.3,NA
2026-05-12,2026-04-04,8,228.9,230,228.6,225.5,228.8,NA
2026-05-13,2026-04-04,7,226.2,226.9,225.6,221.5,228.5,NA
2026-05-14,2026-04-04,6,230.2,230.3,228.8,225.2,226.2,NA
2026-05-15,2026-04-04,5,230.2,230.3,228.8,225.2,226.2,NA
2026-05-16,2026-04-04,4,230.2,230.3,228.8,225.2,226.2,NA
2026-05-17,2026-04-04,3,250.3,250.5,247.5,225.2,242.4,NA
2026-05-18,2026-04-04,2,230.1,230.2,228.8,225.2,226.3,NA
2026-05-19,2026-04-04,1,204.3,228.8,227.6,224.2,223,NA
2026-04-06,2026-04-05,45,22.7,228.4,227,224.3,223.5,NA
2026-04-07,2026-04-05,44,227.1,228.4,227,224.3,223.5,NA
2026-04-08,2026-04-05,43,227.1,228.4,227,224.3,223.5,NA
2026-04-09,2026-04-05,42,227.1,228.3,227,224.2,223.5,NA
2026-04-10,2026-04-05,41,227.1,228.3,227,224.2,223.5,NA
2026-04-11,2026-04-05,40,227.1,228.4,227,224.2,223.5,NA
2026-04-12,2026-04-05,39,227,228.4,227,224.2,223.5,NA
2026-04-13,2026-04-05,38,227,228.4,227,224.2,223.5,NA
2026-04-14,2026-04-05,37,227,228.4,227,224.2,223.5,NA
2026-04-15,2026-04-05,36,227,228.4,227,224.2,223.5,NA
2026-04-16,2026-04-05,35,227,228.4,227,224.2,223.5,NA
2026-04-17,2026-04-05,34,227,228.4,227,224.2,223.5,NA
2026-04-18,2026-04-05,33,227,228.4,227,224.3,223.5,NA
2026-04-19,2026-04-05,32,227,228.4,227,224.3,223.5,NA
2026-04-20,2026-04-05,31,227,228.4,227,224.3,223.5,NA
2026-04-21,2026-04-05,30,227,228.4,227,224.3,223.5,NA
2026-04-22,2026-04-05,29,227,228.4,227,224.3,223.5,NA
2026-04-23,2026-04-05,28,228.2,228.7,227.7,224.3,223.2,NA
2026-04-24,2026-04-05,27,230.2,230.3,228.7,225.2,226.2,NA
2026-04-25,2026-04-05,26,234.5,234.2,232.2,230.3,231.2,NA
2026-04-26,2026-04-05,25,242.5,241.5,240.1,234.4,244.7,NA
2026-04-27,2026-04-05,24,257.4,259.1,258.8,259.3,251.9,NA
2026-04-28,2026-04-05,23,258,259.3,259,259.5,255.7,NA
2026-04-29,2026-04-05,22,256.6,258.8,257.8,259.6,256.2,NA
2026-04-30,2026-04-05,21,254.8,258.2,255.8,259.5,256.6,NA
2026-05-01,2026-04-05,20,251.8,255.6,254.2,258.8,257.6,NA
2026-05-02,2026-04-05,19,251.3,254.3,252.6,258.2,258.4,NA
2026-05-03,2026-04-05,18,250.5,250.9,250.3,252.5,257,NA
2026-05-04,2026-04-05,17,249,249.4,247.6,249,245.3,NA
2026-05-05,2026-04-05,16,244.4,243.3,242.5,248.5,246,NA
2026-05-06,2026-04-05,15,243.9,243.2,242.3,248.3,246,NA
2026-05-07,2026-04-05,14,243.9,243.4,242.6,245.5,245.5,NA
2026-05-08,2026-04-05,13,241.3,240.4,240.2,240.8,241.6,NA
2026-05-09,2026-04-05,12,237.3,236.9,236.5,239.7,240.6,NA
2026-05-10,2026-04-05,11,231.3,233.2,230.8,235.1,240.2,NA
2026-05-11,2026-04-05,10,230,231.4,230.3,230.5,229,NA
2026-05-12,2026-04-05,9,229.5,230.5,229.2,228.3,229.3,NA
2026-05-13,2026-04-05,8,228.9,230,228.6,225.5,228.8,NA
2026-05-14,2026-04-05,7,228.2,228.8,227.7,224.2,223.1,NA
2026-05-15,2026-04-05,6,228.2,228.8,227.7,224.2,223.1,NA
2026-05-16,2026-04-05,5,228.2,228.8,227.7,224.2,223.1,NA
2026-05-17,2026-04-05,4,246.4,247.5,245.3,224.3,236.3,NA
2026-05-18,2026-04-05,3,228.1,228.8,227.6,224.3,223.1,NA
2026-05-19,2026-04-05,2,204.2,228.4,227,224.2,223.4,NA
2026-05-20,2026-04-05,1,204.3,228.8,227.6,224.2,223,NA
2026-04-07,2026-04-06,45,226.3,227.1,226.4,224.1,223,NA
2026-04-08,2026-04-06,44,226.3,227.1,226.4,224.1,223,NA
2026-04-09,2026-04-06,43,226.3,227.2,226.4,224.1,223,NA
2026-04-10,2026-04-06,42,226.2,227.2,226.4,224.1,223,NA
2026-04-11,2026-04-06,41,226.2,227.1,226.5,224.1,223,NA
2026-04-12,2026-04-06,40,226.2,227.1,226.5,224.1,223,NA
2026-04-13,2026-04-06,39,226.2,227.1,226.5,224.1,223,NA
2026-04-14,2026-04-06,38,226.2,227.1,226.5,224.1,222.9,NA
2026-04-15,2026-04-06,37,226.2,227.1,226.5,224.1,223,NA
2026-04-16,2026-04-06,36,226.2,227.1,226.5,224.1,223,NA
2026-04-17,2026-04-06,35,226.2,227.1,226.5,224.1,222.9,NA
2026-04-18,2026-04-06,34,226.2,227.1,226.5,224,223,NA
2026-04-19,2026-04-06,33,226.2,227.1,226.5,224,223,NA
2026-04-20,2026-04-06,32,226.2,227.1,226.5,224.1,223,NA
2026-04-21,2026-04-06,31,226.2,227.1,226.5,224.1,223,NA
2026-04-22,2026-04-06,30,226.2,227.1,226.4,224,223,NA
2026-04-23,2026-04-06,29,227,228.4,227,224.3,223.5,NA
2026-04-24,2026-04-06,28,228.2,228.7,227.7,224.3,223.2,NA
2026-04-25,2026-04-06,27,230.2,230.3,228.7,225.2,226.2,NA
2026-04-26,2026-04-06,26,234.5,234.2,232.2,230.3,231.2,NA
2026-04-27,2026-04-06,25,242.5,241.5,240.1,234.4,244.7,NA
2026-04-28,2026-04-06,24,257.4,259.1,258.8,259.3,251.9,NA
2026-04-29,2026-04-06,23,258,259.3,259,259.5,255.7,NA
2026-04-30,2026-04-06,22,256.6,258.8,257.8,259.6,256.2,NA
2026-05-01,2026-04-06,21,254.8,258.2,255.8,259.5,256.6,NA
2026-05-02,2026-04-06,20,251.8,255.6,254.2,258.8,257.6,NA
2026-05-03,2026-04-06,19,251.3,254.3,252.6,258.2,258.4,NA
2026-05-04,2026-04-06,18,250.5,250.9,250.3,252.5,257,NA
2026-05-05,2026-04-06,17,249,249.4,247.6,249,245.3,NA
2026-05-06,2026-04-06,16,244.4,243.3,242.5,248.5,246,NA
2026-05-07,2026-04-06,15,243.9,243.2,242.3,248.3,246,NA
2026-05-08,2026-04-06,14,243.9,243.4,242.6,245.5,245.5,NA
2026-05-09,2026-04-06,13,241.3,240.4,240.2,240.8,241.6,NA
2026-05-10,2026-04-06,12,237.3,236.9,236.5,239.7,240.6,NA
2026-05-11,2026-04-06,11,231.3,233.2,230.8,235.1,240.2,NA
2026-05-12,2026-04-06,10,230,231.4,230.3,230.5,229,NA
2026-05-13,2026-04-06,9,229.5,230.5,229.2,228.3,229.3,NA
2026-05-14,2026-04-06,8,227.1,228.4,227.1,224.2,223.5,NA
2026-05-15,2026-04-06,7,227.1,228.4,227.1,224.2,223.5,NA
2026-05-16,2026-04-06,6,227.1,228.3,227.1,224.2,223.5,NA
2026-05-17,2026-04-06,5,244.2,246.6,244.2,224.3,237.2,NA
2026-05-18,2026-04-06,4,227.1,228.3,227.1,224.3,223.5,NA
2026-05-19,2026-04-06,3,204.1,227.1,226.5,224,223,NA
2026-05-20,2026-04-06,2,204.2,228.4,227,224.2,223.4,NA
2026-05-21,2026-04-06,1,204.2,228.3,227,224.2,223.5,NA
2026-04-08,2026-04-07,45,225.2,226,225.7,223.8,220.2,NA
2026-04-09,2026-04-07,44,225.2,226,225.7,223.8,220.3,NA
2026-04-10,2026-04-07,43,225.1,226,225.7,223.8,220.2,NA
2026-04-11,2026-04-07,42,225.1,226,225.6,223.8,220.2,NA
2026-04-12,2026-04-07,41,225.2,226,225.6,223.8,220.3,NA
2026-04-13,2026-04-07,40,225.2,226,225.6,223.8,220.2,NA
2026-04-14,2026-04-07,39,225.2,226,225.6,223.8,220.2,NA
2026-04-15,2026-04-07,38,225.2,226,225.6,223.8,220.2,NA
2026-04-16,2026-04-07,37,225.2,226,225.6,223.8,220.2,NA
2026-04-17,2026-04-07,36,225.2,226,225.6,223.8,220.2,NA
2026-04-18,2026-04-07,35,225.2,226,225.6,223.8,220.1,NA
2026-04-19,2026-04-07,34,225.2,226,225.6,223.8,220.1,NA
2026-04-20,2026-04-07,33,225.2,226,225.6,223.8,220.1,NA
2026-04-21,2026-04-07,32,225.2,226,225.6,223.8,220.1,NA
2026-04-22,2026-04-07,31,225.2,226,225.7,223.8,220.1,NA
2026-04-23,2026-04-07,30,226.2,227.1,226.4,224,223,NA
2026-04-24,2026-04-07,29,227,228.4,227,224.3,223.5,NA
2026-04-25,2026-04-07,28,228.2,228.7,227.7,224.3,223.2,NA
2026-04-26,2026-04-07,27,230.2,230.3,228.7,225.2,226.2,NA
2026-04-27,2026-04-07,26,234.5,234.2,232.2,230.3,231.2,NA
2026-04-28,2026-04-07,25,242.5,241.5,240.1,234.4,244.7,NA
2026-04-29,2026-04-07,24,257.4,259.1,258.8,259.3,251.9,NA
2026-04-30,2026-04-07,23,258,259.3,259,259.5,255.7,NA
2026-05-01,2026-04-07,22,256.6,258.8,257.8,259.6,256.2,NA
2026-05-02,2026-04-07,21,254.8,258.2,255.8,259.5,256.6,NA
2026-05-03,2026-04-07,20,251.8,255.6,254.2,258.8,257.6,NA
2026-05-04,2026-04-07,19,251.3,254.3,252.6,258.2,258.4,NA
2026-05-05,2026-04-07,18,250.5,250.9,250.3,252.5,257,NA
2026-05-06,2026-04-07,17,249,249.4,247.6,249,245.3,NA
2026-05-07,2026-04-07,16,244.4,243.3,242.5,248.5,246,NA
2026-05-08,2026-04-07,15,243.9,243.2,242.3,248.3,246,NA
2026-05-09,2026-04-07,14,243.9,243.4,242.6,245.5,245.5,NA
2026-05-10,2026-04-07,13,241.3,240.4,240.2,240.8,241.6,NA
2026-05-11,2026-04-07,12,237.3,236.9,236.5,239.7,240.6,NA
2026-05-12,2026-04-07,11,231.3,233.2,230.8,235.1,240.2,NA
2026-05-13,2026-04-07,10,230,231.4,230.3,230.5,229,NA
2026-05-14,2026-04-07,9,226.2,227.1,226.5,224.1,223,NA
2026-05-15,2026-04-07,8,226.2,227.1,226.5,224.1,223,NA
2026-05-16,2026-04-07,7,226.2,227.2,226.5,224.1,223,NA
2026-05-17,2026-04-07,6,242.4,244.4,242.9,224.1,235.9,NA
2026-05-18,2026-04-07,5,226.3,227.2,226.5,224.1,222.9,NA
2026-05-19,2026-04-07,4,204,226,225.6,223.8,220.1,NA
2026-05-20,2026-04-07,3,204.1,227.1,226.5,224,223,NA
2026-05-21,2026-04-07,2,204.1,227.1,226.5,224,223,NA
2026-05-22,2026-04-07,1,204.1,227,226.5,224,222.9,NA
2026-04-09,2026-04-08,45,224.9,225.6,225,224,227.5,NA
2026-04-10,2026-04-08,44,224.9,225.6,225,224,227.5,NA
2026-04-11,2026-04-08,43,224.9,225.6,225.1,224,227.5,NA
2026-04-12,2026-04-08,42,224.8,225.6,225.1,224,227.5,NA
2026-04-13,2026-04-08,41,224.8,225.6,225.1,224,227.5,NA
2026-04-14,2026-04-08,40,224.8,225.6,225.1,224,227.5,NA
2026-04-15,2026-04-08,39,224.8,225.6,225.1,224,227.5,NA
2026-04-16,2026-04-08,38,224.8,225.6,225.1,224,227.5,NA
2026-04-17,2026-04-08,37,224.8,225.6,225.1,224,227.5,NA
2026-04-18,2026-04-08,36,224.8,225.6,225.1,224,227.5,NA
2026-04-19,2026-04-08,35,224.8,225.6,225.1,224,227.5,NA
2026-04-20,2026-04-08,34,224.8,225.6,225.1,224,227.5,NA
2026-04-21,2026-04-08,33,224.8,225.6,225.1,224,227.5,NA
2026-04-22,2026-04-08,32,224.8,225.6,225,224,227.5,NA
2026-04-23,2026-04-08,31,225.2,226,225.7,223.8,220.1,NA
2026-04-24,2026-04-08,30,226.2,227.1,226.4,224,223,NA
2026-04-25,2026-04-08,29,227,228.4,227,224.3,223.5,NA
2026-04-26,2026-04-08,28,228.2,228.7,227.7,224.3,223.2,NA
2026-04-27,2026-04-08,27,230.2,230.3,228.7,225.2,226.2,NA
2026-04-28,2026-04-08,26,234.5,234.2,232.2,230.3,231.2,NA
2026-04-29,2026-04-08,25,242.5,241.5,240.1,234.4,244.7,NA
2026-04-30,2026-04-08,24,257.4,259.1,258.8,259.3,251.9,NA
2026-05-01,2026-04-08,23,258,259.3,259,259.5,255.7,NA
2026-05-02,2026-04-08,22,256.6,258.8,257.8,259.6,256.2,NA
2026-05-03,2026-04-08,21,254.8,258.2,255.8,259.5,256.6,NA
2026-05-04,2026-04-08,20,251.8,255.6,254.2,258.8,257.6,NA
2026-05-05,2026-04-08,19,251.3,254.3,252.6,258.2,258.4,NA
2026-05-06,2026-04-08,18,250.5,250.9,250.3,252.5,257,NA
2026-05-07,2026-04-08,17,249,249.4,247.6,249,245.3,NA
2026-05-08,2026-04-08,16,244.4,243.3,242.5,248.5,246,NA
2026-05-09,2026-04-08,15,243.9,243.2,242.3,248.3,246,NA
2026-05-10,2026-04-08,14,243.9,243.4,242.6,245.5,245.5,NA
2026-05-11,2026-04-08,13,241.3,240.4,240.2,240.8,241.6,NA
2026-05-12,2026-04-08,12,237.3,236.9,236.5,239.7,240.6,NA
2026-05-13,2026-04-08,11,231.3,233.2,230.8,235.1,240.2,NA
2026-05-14,2026-04-08,10,225.1,226,225.6,223.8,220.2,NA
2026-05-15,2026-04-08,9,225.1,226,225.6,223.8,220.2,NA
2026-05-16,2026-04-08,8,225.1,226,225.6,223.8,220.2,NA
2026-05-17,2026-04-08,7,240.2,242,241.3,223.8,230.4,NA
2026-05-18,2026-04-08,6,225.1,225.9,225.6,223.8,220.2,NA
2026-05-19,2026-04-08,5,204,225.6,225.1,223.9,227.5,NA
2026-05-20,2026-04-08,4,204,226,225.6,223.8,220.1,NA
2026-05-21,2026-04-08,3,204,226,225.6,223.8,220.1,NA
2026-05-22,2026-04-08,2,204,226,225.6,223.8,220.1,NA
2026-05-23,2026-04-08,1,204,225.6,225.1,223.9,227.5,NA
2026-04-10,2026-04-09,45,224,224.9,224.6,224.1,225.6,NA
2026-04-11,2026-04-09,44,224,224.8,224.7,224,225.6,NA
2026-04-12,2026-04-09,43,224.1,224.8,224.7,224,225.6,NA
2026-04-13,2026-04-09,42,224.1,224.8,224.7,224,225.6,NA
2026-04-14,2026-04-09,41,224.1,224.8,224.7,224,225.6,NA
2026-04-15,2026-04-09,40,224,224.8,224.7,224,225.6,NA
2026-04-16,2026-04-09,39,224,224.8,224.7,224,225.6,NA
2026-04-17,2026-04-09,38,224,224.8,224.7,224,225.6,NA
2026-04-18,2026-04-09,37,224,224.8,224.7,223.9,225.7,NA
2026-04-19,2026-04-09,36,224,224.8,224.7,223.9,225.7,NA
2026-04-20,2026-04-09,35,224,224.8,224.7,224,225.7,NA
2026-04-21,2026-04-09,34,224,224.8,224.7,224,225.7,NA
2026-04-22,2026-04-09,33,224,224.8,224.6,223.9,225.7,NA
2026-04-23,2026-04-09,32,224.8,225.6,225,224,227.5,NA
2026-04-24,2026-04-09,31,225.2,226,225.7,223.8,220.1,NA
2026-04-25,2026-04-09,30,226.2,227.1,226.4,224,223,NA
2026-04-26,2026-04-09,29,227,228.4,227,224.3,223.5,NA
2026-04-27,2026-04-09,28,228.2,228.7,227.7,224.3,223.2,NA
2026-04-28,2026-04-09,27,230.2,230.3,228.7,225.2,226.2,NA
2026-04-29,2026-04-09,26,234.5,234.2,232.2,230.3,231.2,NA
2026-04-30,2026-04-09,25,242.5,241.5,240.1,234.4,244.7,NA
2026-05-01,2026-04-09,24,257.4,259.1,258.8,259.3,251.9,NA
2026-05-02,2026-04-09,23,258,259.3,259,259.5,255.7,NA
2026-05-03,2026-04-09,22,256.6,258.8,257.8,259.6,256.2,NA
2026-05-04,2026-04-09,21,254.8,258.2,255.8,259.5,256.6,NA
2026-05-05,2026-04-09,20,251.8,255.6,254.2,258.8,257.6,NA
2026-05-06,2026-04-09,19,251.3,254.3,252.6,258.2,258.4,NA
2026-05-07,2026-04-09,18,250.5,250.9,250.3,252.5,257,NA
2026-05-08,2026-04-09,17,249,249.4,247.6,249,245.3,NA
2026-05-09,2026-04-09,16,244.4,243.3,242.5,248.5,246,NA
2026-05-10,2026-04-09,15,243.9,243.2,242.3,248.3,246,NA
2026-05-11,2026-04-09,14,243.9,243.4,242.6,245.5,245.5,NA
2026-05-12,2026-04-09,13,241.3,240.4,240.2,240.8,241.6,NA
2026-05-13,2026-04-09,12,237.3,236.9,236.5,239.7,240.6,NA
2026-05-14,2026-04-09,11,224.9,225.6,225.1,224,227.5,NA
2026-05-15,2026-04-09,10,224.9,225.6,225.1,224,227.5,NA
2026-05-16,2026-04-09,9,224.9,225.6,225.1,224,227.5,NA
2026-05-17,2026-04-09,8,239.8,241.1,240,224,244.8,NA
2026-05-18,2026-04-09,7,224.8,225.5,225,224,227.4,NA
2026-05-19,2026-04-09,6,203.9,224.8,224.7,223.9,225.6,NA
2026-05-20,2026-04-09,5,204,225.6,225.1,223.9,227.5,NA
2026-05-21,2026-04-09,4,204,225.6,225.1,223.9,227.5,NA
2026-05-22,2026-04-09,3,204,225.6,225.1,223.9,227.5,NA
2026-05-23,2026-04-09,2,203.9,224.8,224.7,223.9,225.6,NA
2026-05-24,2026-04-09,1,205,224.7,224.6,223.9,225.6,NA
2026-04-11,2026-04-10,45,222.5,222.3,223.3,221.9,221,NA
2026-04-12,2026-04-10,44,222.4,222.2,223.3,221.9,220.9,NA
2026-04-13,2026-04-10,43,222.4,222.3,223.3,221.9,220.9,NA
2026-04-14,2026-04-10,42,222.4,222.3,223.3,221.9,220.9,NA
2026-04-15,2026-04-10,41,222.4,222.3,223.3,221.9,220.9,NA
2026-04-16,2026-04-10,40,222.4,222.3,223.3,221.9,220.9,NA
2026-04-17,2026-04-10,39,222.4,222.3,223.3,221.9,220.9,NA
2026-04-18,2026-04-10,38,222.4,222.3,223.3,221.9,220.9,NA
2026-04-19,2026-04-10,37,222.4,222.3,223.3,221.9,220.9,NA
2026-04-20,2026-04-10,36,222.4,222.3,223.3,221.9,220.9,NA
2026-04-21,2026-04-10,35,222.4,222.3,223.3,221.9,220.9,NA
2026-04-22,2026-04-10,34,222.4,222.2,223.3,221.9,220.9,NA
2026-04-23,2026-04-10,33,224,224.8,224.6,223.9,225.7,NA
2026-04-24,2026-04-10,32,224.8,225.6,225,224,227.5,NA
2026-04-25,2026-04-10,31,225.2,226,225.7,223.8,220.1,NA
2026-04-26,2026-04-10,30,226.2,227.1,226.4,224,223,NA
2026-04-27,2026-04-10,29,227,228.4,227,224.3,223.5,NA
2026-04-28,2026-04-10,28,228.2,228.7,227.7,224.3,223.2,NA
2026-04-29,2026-04-10,27,230.2,230.3,228.7,225.2,226.2,NA
2026-04-30,2026-04-10,26,234.5,234.2,232.2,230.3,231.2,NA
2026-05-01,2026-04-10,25,242.5,241.5,240.1,234.4,244.7,NA
2026-05-02,2026-04-10,24,257.4,259.1,258.8,259.3,251.9,NA
2026-05-03,2026-04-10,23,258,259.3,259,259.5,255.7,NA
2026-05-04,2026-04-10,22,256.6,258.8,257.8,259.6,256.2,NA
2026-05-05,2026-04-10,21,254.8,258.2,255.8,259.5,256.6,NA
2026-05-06,2026-04-10,20,251.8,255.6,254.2,258.8,257.6,NA
2026-05-07,2026-04-10,19,251.3,254.3,252.6,258.2,258.4,NA
2026-05-08,2026-04-10,18,250.5,250.9,250.3,252.5,257,NA
2026-05-09,2026-04-10,17,249,249.4,247.6,249,245.3,NA
2026-05-10,2026-04-10,16,244.4,243.3,242.5,248.5,246,NA
2026-05-11,2026-04-10,15,243.9,243.2,242.3,248.3,246,NA
2026-05-12,2026-04-10,14,243.9,243.4,242.6,245.5,245.5,NA
2026-05-13,2026-04-10,13,241.3,240.4,240.2,240.8,241.6,NA
2026-05-14,2026-04-10,12,224,224.9,224.6,224,225.6,NA
2026-05-15,2026-04-10,11,224,224.9,224.6,224,225.6,NA
2026-05-16,2026-04-10,10,224,224.9,224.6,224,225.6,NA
2026-05-17,2026-04-10,9,238.1,239.8,239.4,224,241.3,NA
2026-05-18,2026-04-10,8,224.1,224.8,224.7,224,225.6,NA
2026-05-19,2026-04-10,7,203.7,222.3,223.3,221.9,220.9,NA
2026-05-20,2026-04-10,6,203.9,224.8,224.7,223.9,225.6,NA
2026-05-21,2026-04-10,5,203.9,224.8,224.7,223.9,225.6,NA
2026-05-22,2026-04-10,4,203.9,224.8,224.7,223.9,225.6,NA
2026-05-23,2026-04-10,3,203.7,222.3,223.3,221.9,220.9,NA
2026-05-24,2026-04-10,2,205,222.3,223.3,221.9,220.9,NA
2026-05-25,2026-04-10,1,493,59.9,61.7,221.8,220.8,NA
2026-04-12,2026-04-11,45,220,220.4,221.2,219.7,216.8,NA
2026-04-13,2026-04-11,44,219.9,220.3,221.1,219.7,216.6,NA
2026-04-14,2026-04-11,43,219.9,220.3,221.1,219.7,216.6,NA
2026-04-15,2026-04-11,42,219.8,220.3,221.1,219.7,216.6,NA
2026-04-16,2026-04-11,41,219.8,220.3,221.1,219.7,216.6,NA
2026-04-17,2026-04-11,40,219.8,220.3,221.1,219.7,216.6,NA
2026-04-18,2026-04-11,39,219.8,220.3,221.1,219.8,216.6,NA
2026-04-19,2026-04-11,38,219.8,220.3,221.1,219.8,216.6,NA
2026-04-20,2026-04-11,37,219.8,220.3,221.1,219.8,216.6,NA
2026-04-21,2026-04-11,36,219.8,220.3,221.1,219.8,216.6,NA
2026-04-22,2026-04-11,35,219.8,220.3,221.2,219.8,216.6,NA
2026-04-23,2026-04-11,34,222.4,222.2,223.3,221.9,220.9,NA
2026-04-24,2026-04-11,33,224,224.8,224.6,223.9,225.7,NA
2026-04-25,2026-04-11,32,224.8,225.6,225,224,227.5,NA
2026-04-26,2026-04-11,31,225.2,226,225.7,223.8,220.1,NA
2026-04-27,2026-04-11,30,226.2,227.1,226.4,224,223,NA
2026-04-28,2026-04-11,29,227,228.4,227,224.3,223.5,NA
2026-04-29,2026-04-11,28,228.2,228.7,227.7,224.3,223.2,NA
2026-04-30,2026-04-11,27,230.2,230.3,228.7,225.2,226.2,NA
2026-05-01,2026-04-11,26,234.5,234.2,232.2,230.3,231.2,NA
2026-05-02,2026-04-11,25,242.5,241.5,240.1,234.4,244.7,NA
2026-05-03,2026-04-11,24,257.4,259.1,258.8,259.3,251.9,NA
2026-05-04,2026-04-11,23,258,259.3,259,259.5,255.7,NA
2026-05-05,2026-04-11,22,256.6,258.8,257.8,259.6,256.2,NA
2026-05-06,2026-04-11,21,254.8,258.2,255.8,259.5,256.6,NA
2026-05-07,2026-04-11,20,251.8,255.6,254.2,258.8,257.6,NA
2026-05-08,2026-04-11,19,251.3,254.3,252.6,258.2,258.4,NA
2026-05-09,2026-04-11,18,250.5,250.9,250.3,252.5,257,NA
2026-05-10,2026-04-11,17,249,249.4,247.6,249,245.3,NA
2026-05-11,2026-04-11,16,244.4,243.3,242.5,248.5,246,NA
2026-05-12,2026-04-11,15,243.9,243.2,242.3,248.3,246,NA
2026-05-13,2026-04-11,14,243.9,243.4,242.6,245.5,245.5,NA
2026-05-14,2026-04-11,13,222.5,222.3,223.3,221.9,220.9,NA
2026-05-15,2026-04-11,12,222.5,222.3,223.3,221.9,220.9,NA
2026-05-16,2026-04-11,11,222.5,222.3,223.3,221.9,220.9,NA
2026-05-17,2026-04-11,10,235,234.5,236.5,221.9,231.7,NA
2026-05-18,2026-04-11,9,222.5,222.3,223.2,221.9,220.8,NA
2026-05-19,2026-04-11,8,203.5,220.3,221.1,219.8,216.6,NA
2026-05-20,2026-04-11,7,203.7,222.3,223.3,221.9,220.9,NA
2026-05-21,2026-04-11,6,203.7,222.3,223.3,221.9,220.9,NA
2026-05-22,2026-04-11,5,203.7,222.3,223.3,221.9,220.9,NA
2026-05-23,2026-04-11,4,203.5,220.3,221.1,219.8,216.6,NA
2026-05-24,2026-04-11,3,205,220.3,221.1,219.8,216.6,NA
2026-05-25,2026-04-11,2,451,56.6,58.1,219.8,216.6,NA
2026-05-26,2026-04-11,1,450,28.1,28.5,219.7,235.2,NA
2026-04-13,2026-04-12,45,218.9,219.8,220.3,219.6,215.1,NA
2026-04-14,2026-04-12,44,218.9,219.8,220.3,219.6,215.1,NA
2026-04-15,2026-04-12,43,218.9,219.8,220.3,219.6,215.1,NA
2026-04-16,2026-04-12,42,218.9,219.8,220.3,219.6,215.1,NA
2026-04-17,2026-04-12,41,218.8,219.8,220.3,219.6,215.1,NA
2026-04-18,2026-04-12,40,218.8,219.8,220.3,219.6,215.2,NA
2026-04-19,2026-04-12,39,218.8,219.8,220.3,219.6,215.2,NA
2026-04-20,2026-04-12,38,218.8,219.8,220.3,219.6,215.2,NA
2026-04-21,2026-04-12,37,218.8,219.8,220.3,219.6,215.2,NA
2026-04-22,2026-04-12,36,218.9,219.8,220.3,219.6,215.2,NA
2026-04-23,2026-04-12,35,219.8,220.3,221.2,219.8,216.6,NA
2026-04-24,2026-04-12,34,222.4,222.2,223.3,221.9,220.9,NA
2026-04-25,2026-04-12,33,224,224.8,224.6,223.9,225.7,NA
2026-04-26,2026-04-12,32,224.8,225.6,225,224,227.5,NA
2026-04-27,2026-04-12,31,225.2,226,225.7,223.8,220.1,NA
2026-04-28,2026-04-12,30,226.2,227.1,226.4,224,223,NA
2026-04-29,2026-04-12,29,227,228.4,227,224.3,223.5,NA
2026-04-30,2026-04-12,28,228.2,228.7,227.7,224.3,223.2,NA
2026-05-01,2026-04-12,27,230.2,230.3,228.7,225.2,226.2,NA
2026-05-02,2026-04-12,26,234.5,234.2,232.2,230.3,231.2,NA
2026-05-03,2026-04-12,25,242.5,241.5,240.1,234.4,244.7,NA
2026-05-04,2026-04-12,24,257.4,259.1,258.8,259.3,251.9,NA
2026-05-05,2026-04-12,23,258,259.3,259,259.5,255.7,NA
2026-05-06,2026-04-12,22,256.6,258.8,257.8,259.6,256.2,NA
2026-05-07,2026-04-12,21,254.8,258.2,255.8,259.5,256.6,NA
2026-05-08,2026-04-12,20,251.8,255.6,254.2,258.8,257.6,NA
2026-05-09,2026-04-12,19,251.3,254.3,252.6,258.2,258.4,NA
2026-05-10,2026-04-12,18,250.5,250.9,250.3,252.5,257,NA
2026-05-11,2026-04-12,17,249,249.4,247.6,249,245.3,NA
2026-05-12,2026-04-12,16,244.4,243.3,242.5,248.5,246,NA
2026-05-13,2026-04-12,15,243.9,243.2,242.3,248.3,246,NA
2026-05-14,2026-04-12,14,219.8,220.4,221.2,219.7,216.6,NA
2026-05-15,2026-04-12,13,219.8,220.4,221.2,219.7,216.6,NA
2026-05-16,2026-04-12,12,219.8,220.3,221.2,219.7,216.6,NA
2026-05-17,2026-04-12,11,229.7,230.6,232.4,219.8,223.4,NA
2026-05-18,2026-04-12,10,219.9,220.3,221.1,219.8,216.6,NA
2026-05-19,2026-04-12,9,203.4,219.8,220.3,219.6,215.1,NA
2026-05-20,2026-04-12,8,203.5,220.3,221.1,219.8,216.6,NA
2026-05-21,2026-04-12,7,203.5,220.3,221.1,219.8,216.6,NA
2026-05-22,2026-04-12,6,203.5,220.3,221.1,219.8,216.6,NA
2026-05-23,2026-04-12,5,203.4,219.8,220.3,219.6,215.1,NA
2026-05-24,2026-04-12,4,205,219.8,220.3,219.6,215.1,NA
2026-05-25,2026-04-12,3,434.7,55.8,56.6,219.6,215.1,NA
2026-05-26,2026-04-12,2,434.7,27.9,28.1,219.6,232.3,NA
2026-05-27,2026-04-12,1,218.8,27.9,56.6,241,232.1,NA
2026-04-14,2026-04-13,45,218.4,219.1,220,219.5,213.3,NA
2026-04-15,2026-04-13,44,218.4,219.1,220,219.5,213.3,NA
2026-04-16,2026-04-13,43,218.4,219.1,220,219.5,213.3,NA
2026-04-17,2026-04-13,42,218.3,219.1,220,219.5,213.3,NA
2026-04-18,2026-04-13,41,218.3,219.1,220,219.5,213.2,NA
2026-04-19,2026-04-13,40,218.3,219.1,220,219.5,213.2,NA
2026-04-20,2026-04-13,39,218.3,219.1,220,219.5,213.2,NA
2026-04-21,2026-04-13,38,218.3,219.1,220,219.5,213.2,NA
2026-04-22,2026-04-13,37,218.4,219.1,219.9,219.5,213.2,NA
2026-04-23,2026-04-13,36,218.9,219.8,220.3,219.6,215.2,NA
2026-04-24,2026-04-13,35,219.8,220.3,221.2,219.8,216.6,NA
2026-04-25,2026-04-13,34,222.4,222.2,223.3,221.9,220.9,NA
2026-04-26,2026-04-13,33,224,224.8,224.6,223.9,225.7,NA
2026-04-27,2026-04-13,32,224.8,225.6,225,224,227.5,NA
2026-04-28,2026-04-13,31,225.2,226,225.7,223.8,220.1,NA
2026-04-29,2026-04-13,30,226.2,227.1,226.4,224,223,NA
2026-04-30,2026-04-13,29,227,228.4,227,224.3,223.5,NA
2026-05-01,2026-04-13,28,228.2,228.7,227.7,224.3,223.2,NA
2026-05-02,2026-04-13,27,230.2,230.3,228.7,225.2,226.2,NA
2026-05-03,2026-04-13,26,234.5,234.2,232.2,230.3,231.2,NA
2026-05-04,2026-04-13,25,242.5,241.5,240.1,234.4,244.7,NA
2026-05-05,2026-04-13,24,257.4,259.1,258.8,259.3,251.9,NA
2026-05-06,2026-04-13,23,258,259.3,259,259.5,255.7,NA
2026-05-07,2026-04-13,22,256.6,258.8,257.8,259.6,256.2,NA
2026-05-08,2026-04-13,21,254.8,258.2,255.8,259.5,256.6,NA
2026-05-09,2026-04-13,20,251.8,255.6,254.2,258.8,257.6,NA
2026-05-10,2026-04-13,19,251.3,254.3,252.6,258.2,258.4,NA
2026-05-11,2026-04-13,18,250.5,250.9,250.3,252.5,257,NA
2026-05-12,2026-04-13,17,249,249.4,247.6,249,245.3,NA
2026-05-13,2026-04-13,16,244.4,243.3,242.5,248.5,246,NA
2026-05-14,2026-04-13,15,218.8,219.9,220.3,219.6,215.1,NA
2026-05-15,2026-04-13,14,218.8,219.9,220.3,219.6,215.1,NA
2026-05-16,2026-04-13,13,218.8,219.8,220.3,219.6,215.1,NA
2026-05-17,2026-04-13,12,227.8,229.7,230.6,219.6,220.3,NA
2026-05-18,2026-04-13,11,218.8,219.9,220.3,219.6,215.2,NA
2026-05-19,2026-04-13,10,203.3,219.1,220,219.5,213.2,NA
2026-05-20,2026-04-13,9,203.4,219.8,220.3,219.6,215.1,NA
2026-05-21,2026-04-13,8,203.4,219.8,220.3,219.6,215.1,NA
2026-05-22,2026-04-13,7,203.4,219.8,220.3,219.6,215.1,NA
2026-05-23,2026-04-13,6,203.3,219.1,220,219.5,213.2,NA
2026-05-24,2026-04-13,5,205,219.1,220,219.5,213.2,NA
2026-05-25,2026-04-13,4,426.5,54.3,55.9,219.5,213.2,NA
2026-05-26,2026-04-13,3,426.5,27.6,28,219.5,228.4,NA
2026-05-27,2026-04-13,2,218.3,27.6,55.9,240.9,228.4,NA
2026-05-28,2026-04-13,1,218.2,208.9,28,240.9,-1,NA
2026-04-15,2026-04-14,45,217.3,217.8,219.5,218.8,208.2,NA
2026-04-16,2026-04-14,44,217.3,217.8,219.5,218.6,208.4,NA
2026-04-17,2026-04-14,43,217.3,217.8,219.5,218.7,208.4,NA
2026-04-18,2026-04-14,42,217.3,217.8,219.5,218.7,208.2,NA
2026-04-19,2026-04-14,41,217.3,217.8,219.5,218.7,208.2,NA
2026-04-20,2026-04-14,40,217.3,217.8,219.5,218.7,208.2,NA
2026-04-21,2026-04-14,39,217.3,217.8,219.5,218.7,208.2,NA
2026-04-22,2026-04-14,38,217.3,217.8,219.4,218.7,208.2,NA
2026-04-23,2026-04-14,37,218.4,219.1,219.9,219.5,213.2,NA
2026-04-24,2026-04-14,36,218.9,219.8,220.3,219.6,215.2,NA
2026-04-25,2026-04-14,35,219.8,220.3,221.2,219.8,216.6,NA
2026-04-26,2026-04-14,34,222.4,222.2,223.3,221.9,220.9,NA
2026-04-27,2026-04-14,33,224,224.8,224.6,223.9,225.7,NA
2026-04-28,2026-04-14,32,224.8,225.6,225,224,227.5,NA
2026-04-29,2026-04-14,31,225.2,226,225.7,223.8,220.1,NA
2026-04-30,2026-04-14,30,226.2,227.1,226.4,224,223,NA
2026-05-01,2026-04-14,29,227,228.4,227,224.3,223.5,NA
2026-05-02,2026-04-14,28,228.2,228.7,227.7,224.3,223.2,NA
2026-05-03,2026-04-14,27,230.2,230.3,228.7,225.2,226.2,NA
2026-05-04,2026-04-14,26,234.5,234.2,232.2,230.3,231.2,NA
2026-05-05,2026-04-14,25,242.5,241.5,240.1,234.4,244.7,NA
2026-05-06,2026-04-14,24,257.4,259.1,258.8,259.3,251.9,NA
2026-05-07,2026-04-14,23,258,259.3,259,259.5,255.7,NA
2026-05-08,2026-04-14,22,256.6,258.8,257.8,259.6,256.2,NA
2026-05-09,2026-04-14,21,254.8,258.2,255.8,259.5,256.6,NA
2026-05-10,2026-04-14,20,251.8,255.6,254.2,258.8,257.6,NA
2026-05-11,2026-04-14,19,251.3,254.3,252.6,258.2,258.4,NA
2026-05-12,2026-04-14,18,250.5,250.9,250.3,252.5,257,NA
2026-05-13,2026-04-14,17,249,249.4,247.6,249,245.3,NA
2026-05-14,2026-04-14,16,218.3,219,219.9,219.5,213.3,NA
2026-05-15,2026-04-14,15,218.3,219,219.9,219.5,213.3,NA
2026-05-16,2026-04-14,14,218.3,219.1,219.9,219.5,213.3,NA
2026-05-17,2026-04-14,13,226.7,228.2,229.9,219.5,216.6,NA
2026-05-18,2026-04-14,12,218.3,219,220,219.5,213.2,NA
2026-05-19,2026-04-14,11,203.2,217.8,219.5,218.7,208.1,NA
2026-05-20,2026-04-14,10,203.3,219.1,220,219.5,213.2,NA
2026-05-21,2026-04-14,9,203.3,219.1,220,219.5,213.2,NA
2026-05-22,2026-04-14,8,203.3,219.1,220,219.5,213.2,NA
2026-05-23,2026-04-14,7,203.2,217.8,219.5,218.7,208.1,NA
2026-05-24,2026-04-14,6,205,217.8,219.5,218.7,208.1,NA
2026-05-25,2026-04-14,5,410.1,52.1,54.9,218.7,208.1,NA
2026-05-26,2026-04-14,4,410.1,27.1,27.8,218.7,218.2,NA
2026-05-27,2026-04-14,3,217.3,27.1,55,239.5,218.2,NA
2026-05-28,2026-04-14,2,217.3,197.2,27.8,239.5,53.6,NA
2026-05-29,2026-04-14,1,217.3,196.6,213.5,239.4,54.2,NA
2026-04-16,2026-04-15,45,215.1,215.5,217.8,216,214,NA
2026-04-17,2026-04-15,44,215,215.4,217.8,215.9,213.8,NA
2026-04-18,2026-04-15,43,215,215.4,217.8,215.9,214,NA
2026-04-19,2026-04-15,42,215,215.4,217.8,215.9,214,NA
2026-04-20,2026-04-15,41,215,215.4,217.8,215.9,214.1,NA
2026-04-21,2026-04-15,40,215,215.4,217.8,215.9,214,NA
2026-04-22,2026-04-15,39,215,215.3,217.7,215.9,214,NA
2026-04-23,2026-04-15,38,217.3,217.8,219.4,218.7,208.2,NA
2026-04-24,2026-04-15,37,218.4,219.1,219.9,219.5,213.2,NA
2026-04-25,2026-04-15,36,218.9,219.8,220.3,219.6,215.2,NA
2026-04-26,2026-04-15,35,219.8,220.3,221.2,219.8,216.6,NA
2026-04-27,2026-04-15,34,222.4,222.2,223.3,221.9,220.9,NA
2026-04-28,2026-04-15,33,224,224.8,224.6,223.9,225.7,NA
2026-04-29,2026-04-15,32,224.8,225.6,225,224,227.5,NA
2026-04-30,2026-04-15,31,225.2,226,225.7,223.8,220.1,NA
2026-05-01,2026-04-15,30,226.2,227.1,226.4,224,223,NA
2026-05-02,2026-04-15,29,227,228.4,227,224.3,223.5,NA
2026-05-03,2026-04-15,28,228.2,228.7,227.7,224.3,223.2,NA
2026-05-04,2026-04-15,27,230.2,230.3,228.7,225.2,226.2,NA
2026-05-05,2026-04-15,26,234.5,234.2,232.2,230.3,231.2,NA
2026-05-06,2026-04-15,25,242.5,241.5,240.1,234.4,244.7,NA
2026-05-07,2026-04-15,24,257.4,259.1,258.8,259.3,251.9,NA
2026-05-08,2026-04-15,23,258,259.3,259,259.5,255.7,NA
2026-05-09,2026-04-15,22,256.6,258.8,257.8,259.6,256.2,NA
2026-05-10,2026-04-15,21,254.8,258.2,255.8,259.5,256.6,NA
2026-05-11,2026-04-15,20,251.8,255.6,254.2,258.8,257.6,NA
2026-05-12,2026-04-15,19,251.3,254.3,252.6,258.2,258.4,NA
2026-05-13,2026-04-15,18,250.5,250.9,250.3,252.5,257,NA
2026-05-14,2026-04-15,17,217.3,217.8,219.4,218.6,208.2,NA
2026-05-15,2026-04-15,16,217.3,217.8,219.4,218.7,208.2,NA
2026-05-16,2026-04-15,15,217.3,217.8,219.4,218.7,208.2,NA
2026-05-17,2026-04-15,14,224.7,225.8,228.8,218.7,206.3,NA
2026-05-18,2026-04-15,13,217.4,217.8,219.5,218.7,208.2,NA
2026-05-19,2026-04-15,12,203,215.4,217.8,215.9,214,NA
2026-05-20,2026-04-15,11,203.2,217.8,219.5,218.7,208.1,NA
2026-05-21,2026-04-15,10,203.2,217.8,219.5,218.7,208.1,NA
2026-05-22,2026-04-15,9,203.2,217.8,219.5,218.7,208.1,NA
2026-05-23,2026-04-15,8,203,215.4,217.8,215.9,214.1,NA
2026-05-24,2026-04-15,7,205,215.4,217.8,215.9,214,NA
2026-05-25,2026-04-15,6,371.2,47.6,51.9,215.9,214,NA
2026-05-26,2026-04-15,5,371.2,26.1,27.1,215.9,230.1,NA
2026-05-27,2026-04-15,4,215,26.1,51.9,233.6,230.1,NA
2026-05-28,2026-04-15,3,215,170.5,27.1,233.6,-11,NA
2026-05-29,2026-04-15,2,215,170.5,195.9,233.6,-11,NA
2026-05-30,2026-04-15,1,215,169.9,195.3,233.5,523.1,NA
2026-04-17,2026-04-16,45,211.8,211.8,214.5,209.5,207.6,NA
2026-04-18,2026-04-16,44,211.8,211.8,214.5,209.2,207.4,NA
2026-04-19,2026-04-16,43,211.8,211.8,214.5,209.2,207.4,NA
2026-04-20,2026-04-16,42,211.8,211.8,214.5,209.3,207.4,NA
2026-04-21,2026-04-16,41,211.8,211.8,214.5,209.3,207.4,NA
2026-04-22,2026-04-16,40,211.8,211.8,214.5,209.2,207.4,NA
2026-04-23,2026-04-16,39,215,215.3,217.7,215.9,214,NA
2026-04-24,2026-04-16,38,217.3,217.8,219.4,218.7,208.2,NA
2026-04-25,2026-04-16,37,218.4,219.1,219.9,219.5,213.2,NA
2026-04-26,2026-04-16,36,218.9,219.8,220.3,219.6,215.2,NA
2026-04-27,2026-04-16,35,219.8,220.3,221.2,219.8,216.6,NA
2026-04-28,2026-04-16,34,222.4,222.2,223.3,221.9,220.9,NA
2026-04-29,2026-04-16,33,224,224.8,224.6,223.9,225.7,NA
2026-04-30,2026-04-16,32,224.8,225.6,225,224,227.5,NA
2026-05-01,2026-04-16,31,225.2,226,225.7,223.8,220.1,NA
2026-05-02,2026-04-16,30,226.2,227.1,226.4,224,223,NA
2026-05-03,2026-04-16,29,227,228.4,227,224.3,223.5,NA
2026-05-04,2026-04-16,28,228.2,228.7,227.7,224.3,223.2,NA
2026-05-05,2026-04-16,27,230.2,230.3,228.7,225.2,226.2,NA
2026-05-06,2026-04-16,26,234.5,234.2,232.2,230.3,231.2,NA
2026-05-07,2026-04-16,25,242.5,241.5,240.1,234.4,244.7,NA
2026-05-08,2026-04-16,24,257.4,259.1,258.8,259.3,251.9,NA
2026-05-09,2026-04-16,23,258,259.3,259,259.5,255.7,NA
2026-05-10,2026-04-16,22,256.6,258.8,257.8,259.6,256.2,NA
2026-05-11,2026-04-16,21,254.8,258.2,255.8,259.5,256.6,NA
2026-05-12,2026-04-16,20,251.8,255.6,254.2,258.8,257.6,NA
2026-05-13,2026-04-16,19,251.3,254.3,252.6,258.2,258.4,NA
2026-05-14,2026-04-16,18,215,215.3,217.7,215.9,213.9,NA
2026-05-15,2026-04-16,17,215,215.3,217.7,215.9,214,NA
2026-05-16,2026-04-16,16,215,215.4,217.7,215.9,213.9,NA
2026-05-17,2026-04-16,15,220.1,220.7,225.6,215.8,217.9,NA
2026-05-18,2026-04-16,14,215.1,215.4,217.8,215.8,214,NA
2026-05-19,2026-04-16,13,202.7,211.8,214.5,209.2,207.3,NA
2026-05-20,2026-04-16,12,203,215.4,217.8,215.9,214,NA
2026-05-21,2026-04-16,11,203,215.4,217.8,215.9,214.1,NA
2026-05-22,2026-04-16,10,203,215.4,217.8,215.9,214,NA
2026-05-23,2026-04-16,9,202.7,211.8,214.5,209.2,207.3,NA
2026-05-24,2026-04-16,8,205,211.8,214.5,209.2,207.3,NA
2026-05-25,2026-04-16,7,317,41.1,46,209.2,207.3,NA
2026-05-26,2026-04-16,6,317,24.7,25.8,209.2,216.7,NA
2026-05-27,2026-04-16,5,211.7,24.7,46,220.5,216.7,NA
2026-05-28,2026-04-16,4,211.7,132.8,25.8,220.5,61.6,NA
2026-05-29,2026-04-16,3,211.7,132.8,161.4,220.5,61.6,NA
2026-05-30,2026-04-16,2,211.7,132.8,161.4,220.5,407.5,NA
2026-05-31,2026-04-16,1,211.7,211.7,214.4,209.2,207.3,NA
2026-04-18,2026-04-17,45,208.1,209,210.8,203.1,202,NA
2026-04-19,2026-04-17,44,208.1,208.9,210.8,202.9,201.9,NA
2026-04-20,2026-04-17,43,208.1,208.9,210.8,202.9,201.9,NA
2026-04-21,2026-04-17,42,208.1,208.9,210.8,202.9,201.9,NA
2026-04-22,2026-04-17,41,208,208.9,210.7,202.9,201.9,NA
2026-04-23,2026-04-17,40,211.8,211.8,214.5,209.2,207.4,NA
2026-04-24,2026-04-17,39,215,215.3,217.7,215.9,214,NA
2026-04-25,2026-04-17,38,217.3,217.8,219.4,218.7,208.2,NA
2026-04-26,2026-04-17,37,218.4,219.1,219.9,219.5,213.2,NA
2026-04-27,2026-04-17,36,218.9,219.8,220.3,219.6,215.2,NA
2026-04-28,2026-04-17,35,219.8,220.3,221.2,219.8,216.6,NA
2026-04-29,2026-04-17,34,222.4,222.2,223.3,221.9,220.9,NA
2026-04-30,2026-04-17,33,224,224.8,224.6,223.9,225.7,NA
2026-05-01,2026-04-17,32,224.8,225.6,225,224,227.5,NA
2026-05-02,2026-04-17,31,225.2,226,225.7,223.8,220.1,NA
2026-05-03,2026-04-17,30,226.2,227.1,226.4,224,223,NA
2026-05-04,2026-04-17,29,227,228.4,227,224.3,223.5,NA
2026-05-05,2026-04-17,28,228.2,228.7,227.7,224.3,223.2,NA
2026-05-06,2026-04-17,27,230.2,230.3,228.7,225.2,226.2,NA
2026-05-07,2026-04-17,26,234.5,234.2,232.2,230.3,231.2,NA
2026-05-08,2026-04-17,25,242.5,241.5,240.1,234.4,244.7,NA
2026-05-09,2026-04-17,24,257.4,259.1,258.8,259.3,251.9,NA
2026-05-10,2026-04-17,23,258,259.3,259,259.5,255.7,NA
2026-05-11,2026-04-17,22,256.6,258.8,257.8,259.6,256.2,NA
2026-05-12,2026-04-17,21,254.8,258.2,255.8,259.5,256.6,NA
2026-05-13,2026-04-17,20,251.8,255.6,254.2,258.8,257.6,NA
2026-05-14,2026-04-17,19,211.8,211.8,214.5,209.3,207.4,NA
2026-05-15,2026-04-17,18,211.8,211.8,214.5,209.3,207.4,NA
2026-05-16,2026-04-17,17,211.8,211.8,214.5,209.3,207.4,NA
2026-05-17,2026-04-17,16,213.5,213.5,219,209.2,204.7,NA
2026-05-18,2026-04-17,15,211.7,211.7,214.5,209.2,207.3,NA
2026-05-19,2026-04-17,14,202.3,208.9,210.8,203,202,NA
2026-05-20,2026-04-17,13,202.7,211.8,214.5,209.2,207.3,NA
2026-05-21,2026-04-17,12,202.7,211.8,214.5,209.2,207.3,NA
2026-05-22,2026-04-17,11,202.7,211.8,214.5,209.2,207.3,NA
2026-05-23,2026-04-17,10,202.3,208.9,210.8,203,202,NA
2026-05-24,2026-04-17,9,205,208.9,210.8,203,202,NA
2026-05-25,2026-04-17,8,255.6,35.9,39.4,203,202,NA
2026-05-26,2026-04-17,7,255.6,23.5,24.3,203,205.8,NA
2026-05-27,2026-04-17,6,208,23.5,39.4,207.9,205.8,NA
2026-05-28,2026-04-17,5,208,102.2,24.3,207.9,120.1,NA
2026-05-29,2026-04-17,4,208,102.2,122.4,207.9,120.1,NA
2026-05-30,2026-04-17,3,208,102.2,122.4,207.9,314.2,NA
2026-05-31,2026-04-17,2,208,208.8,210.7,202.9,201.9,NA
2026-06-01,2026-04-17,1,208,208.8,210.7,132.9,131.9,NA
2026-04-19,2026-04-18,45,205.9,207.3,208.1,199.7,197.8,NA
2026-04-20,2026-04-18,44,205.8,207.2,208.1,199.5,197.6,NA
2026-04-21,2026-04-18,43,205.8,207.2,208.1,199.5,197.6,NA
2026-04-22,2026-04-18,42,205.8,207.3,208,199.6,197.6,NA
2026-04-23,2026-04-18,41,208,208.9,210.7,202.9,201.9,NA
2026-04-24,2026-04-18,40,211.8,211.8,214.5,209.2,207.4,NA
2026-04-25,2026-04-18,39,215,215.3,217.7,215.9,214,NA
2026-04-26,2026-04-18,38,217.3,217.8,219.4,218.7,208.2,NA
2026-04-27,2026-04-18,37,218.4,219.1,219.9,219.5,213.2,NA
2026-04-28,2026-04-18,36,218.9,219.8,220.3,219.6,215.2,NA
2026-04-29,2026-04-18,35,219.8,220.3,221.2,219.8,216.6,NA
2026-04-30,2026-04-18,34,222.4,222.2,223.3,221.9,220.9,NA
2026-05-01,2026-04-18,33,224,224.8,224.6,223.9,225.7,NA
2026-05-02,2026-04-18,32,224.8,225.6,225,224,227.5,NA
2026-05-03,2026-04-18,31,225.2,226,225.7,223.8,220.1,NA
2026-05-04,2026-04-18,30,226.2,227.1,226.4,224,223,NA
2026-05-05,2026-04-18,29,227,228.4,227,224.3,223.5,NA
2026-05-06,2026-04-18,28,228.2,228.7,227.7,224.3,223.2,NA
2026-05-07,2026-04-18,27,230.2,230.3,228.7,225.2,226.2,NA
2026-05-08,2026-04-18,26,234.5,234.2,232.2,230.3,231.2,NA
2026-05-09,2026-04-18,25,242.5,241.5,240.1,234.4,244.7,NA
2026-05-10,2026-04-18,24,257.4,259.1,258.8,259.3,251.9,NA
2026-05-11,2026-04-18,23,258,259.3,259,259.5,255.7,NA
2026-05-12,2026-04-18,22,256.6,258.8,257.8,259.6,256.2,NA
2026-05-13,2026-04-18,21,254.8,258.2,255.8,259.5,256.6,NA
2026-05-14,2026-04-18,20,208.1,208.9,210.8,203,201.9,NA
2026-05-15,2026-04-18,19,208.1,208.9,210.8,203,201.9,NA
2026-05-16,2026-04-18,18,208.1,208.8,210.8,203,201.9,NA
2026-05-17,2026-04-18,17,206.1,207.8,211.5,203,194,NA
2026-05-18,2026-04-18,16,208.1,208.8,210.8,203,201.9,NA
2026-05-19,2026-04-18,15,202.1,207.2,208.1,199.5,197.6,NA
2026-05-20,2026-04-18,14,202.3,208.9,210.8,203,202,NA
2026-05-21,2026-04-18,13,202.3,208.9,210.8,203,202,NA
2026-05-22,2026-04-18,12,202.3,208.9,210.8,203,202,NA
2026-05-23,2026-04-18,11,202.1,207.2,208.1,199.5,197.6,NA
2026-05-24,2026-04-18,10,205,207.2,208.1,199.5,197.6,NA
2026-05-25,2026-04-18,9,218.8,33.1,34.4,199.5,197.6,NA
2026-05-26,2026-04-18,8,218.8,22.9,23.2,199.5,197.2,NA
2026-05-27,2026-04-18,7,205.8,22.9,34.4,201,197.2,NA
2026-05-28,2026-04-18,6,205.8,85.3,23.2,201,166.7,NA
2026-05-29,2026-04-18,5,205.8,85.3,93.8,201,166.7,NA
2026-05-30,2026-04-18,4,205.8,85.3,93.8,201,240,NA
2026-05-31,2026-04-18,3,205.8,207.2,208,199.5,197.6,NA
2026-06-01,2026-04-18,2,205.8,207.2,208,129.5,127.6,NA
2026-06-02,2026-04-18,1,205.8,207.2,208,199.5,210.2,NA
2026-04-20,2026-04-19,45,204.1,206.3,206.3,198.1,196.4,NA
2026-04-21,2026-04-19,44,204,206.3,206.2,198.1,196.4,NA
2026-04-22,2026-04-19,43,204,206.3,206.2,198.1,196.4,NA
2026-04-23,2026-04-19,42,205.8,207.3,208,199.6,197.6,NA
2026-04-24,2026-04-19,41,208,208.9,210.7,202.9,201.9,NA
2026-04-25,2026-04-19,40,211.8,211.8,214.5,209.2,207.4,NA
2026-04-26,2026-04-19,39,215,215.3,217.7,215.9,214,NA
2026-04-27,2026-04-19,38,217.3,217.8,219.4,218.7,208.2,NA
2026-04-28,2026-04-19,37,218.4,219.1,219.9,219.5,213.2,NA
2026-04-29,2026-04-19,36,218.9,219.8,220.3,219.6,215.2,NA
2026-04-30,2026-04-19,35,219.8,220.3,221.2,219.8,216.6,NA
2026-05-01,2026-04-19,34,222.4,222.2,223.3,221.9,220.9,NA
2026-05-02,2026-04-19,33,224,224.8,224.6,223.9,225.7,NA
2026-05-03,2026-04-19,32,224.8,225.6,225,224,227.5,NA
2026-05-04,2026-04-19,31,225.2,226,225.7,223.8,220.1,NA
2026-05-05,2026-04-19,30,226.2,227.1,226.4,224,223,NA
2026-05-06,2026-04-19,29,227,228.4,227,224.3,223.5,NA
2026-05-07,2026-04-19,28,228.2,228.7,227.7,224.3,223.2,NA
2026-05-08,2026-04-19,27,230.2,230.3,228.7,225.2,226.2,NA
2026-05-09,2026-04-19,26,234.5,234.2,232.2,230.3,231.2,NA
2026-05-10,2026-04-19,25,242.5,241.5,240.1,234.4,244.7,NA
2026-05-11,2026-04-19,24,257.4,259.1,258.8,259.3,251.9,NA
2026-05-12,2026-04-19,23,258,259.3,259,259.5,255.7,NA
2026-05-13,2026-04-19,22,256.6,258.8,257.8,259.6,256.2,NA
2026-05-14,2026-04-19,21,205.9,207.3,208.1,199.6,197.6,NA
2026-05-15,2026-04-19,20,205.9,207.3,208.1,199.6,197.6,NA
2026-05-16,2026-04-19,19,205.9,207.2,208.1,199.6,197.6,NA
2026-05-17,2026-04-19,18,201.7,204.5,206.1,199.5,185.2,NA
2026-05-18,2026-04-19,17,205.9,207.2,208.1,199.5,197.6,NA
2026-05-19,2026-04-19,16,201.9,206.3,206.2,198.1,196.5,NA
2026-05-20,2026-04-19,15,202.1,207.2,208.1,199.5,197.6,NA
2026-05-21,2026-04-19,14,202.1,207.2,208.1,199.5,197.6,NA
2026-05-22,2026-04-19,13,202.1,207.2,208.1,199.5,197.6,NA
2026-05-23,2026-04-19,12,201.9,206.3,206.2,198.1,196.5,NA
2026-05-24,2026-04-19,11,205,206.3,206.2,198.1,196.5,NA
2026-05-25,2026-04-19,10,189.1,31.3,31.2,198.1,196.5,NA
2026-05-26,2026-04-19,9,189.1,22.5,22.5,198.1,194.9,NA
2026-05-27,2026-04-19,8,204,22.5,31.2,198.3,194.9,NA
2026-05-28,2026-04-19,7,204,75.5,22.5,198.3,179.4,NA
2026-05-29,2026-04-19,6,204,75.5,74.9,198.3,179.4,NA
2026-05-30,2026-04-19,5,204,75.5,74.9,198.3,219.9,NA
2026-05-31,2026-04-19,4,204,206.3,206.2,198.1,196.4,NA
2026-06-01,2026-04-19,3,204,206.3,206.2,128.1,126.4,NA
2026-06-02,2026-04-19,2,204,206.3,206.2,198.1,207.8,NA
2026-06-03,2026-04-19,1,204,206.3,206.2,198.1,196.4,NA
2026-04-21,2026-04-20,45,201.6,203.3,203.3,195.2,194.7,NA
2026-04-22,2026-04-20,44,201.5,203.2,203.2,195,194.7,NA
2026-04-23,2026-04-20,43,204,206.3,206.2,198.1,196.4,NA
2026-04-24,2026-04-20,42,205.8,207.3,208,199.6,197.6,NA
2026-04-25,2026-04-20,41,208,208.9,210.7,202.9,201.9,NA
2026-04-26,2026-04-20,40,211.8,211.8,214.5,209.2,207.4,NA
2026-04-27,2026-04-20,39,215,215.3,217.7,215.9,214,NA
2026-04-28,2026-04-20,38,217.3,217.8,219.4,218.7,208.2,NA
2026-04-29,2026-04-20,37,218.4,219.1,219.9,219.5,213.2,NA
2026-04-30,2026-04-20,36,218.9,219.8,220.3,219.6,215.2,NA
2026-05-01,2026-04-20,35,219.8,220.3,221.2,219.8,216.6,NA
2026-05-02,2026-04-20,34,222.4,222.2,223.3,221.9,220.9,NA
2026-05-03,2026-04-20,33,224,224.8,224.6,223.9,225.7,NA
2026-05-04,2026-04-20,32,224.8,225.6,225,224,227.5,NA
2026-05-05,2026-04-20,31,225.2,226,225.7,223.8,220.1,NA
2026-05-06,2026-04-20,30,226.2,227.1,226.4,224,223,NA
2026-05-07,2026-04-20,29,227,228.4,227,224.3,223.5,NA
2026-05-08,2026-04-20,28,228.2,228.7,227.7,224.3,223.2,NA
2026-05-09,2026-04-20,27,230.2,230.3,228.7,225.2,226.2,NA
2026-05-10,2026-04-20,26,234.5,234.2,232.2,230.3,231.2,NA
2026-05-11,2026-04-20,25,242.5,241.5,240.1,234.4,244.7,NA
2026-05-12,2026-04-20,24,257.4,259.1,258.8,259.3,251.9,NA
2026-05-13,2026-04-20,23,258,259.3,259,259.5,255.7,NA
2026-05-14,2026-04-20,22,204,206.3,206.2,198.2,196.5,NA
2026-05-15,2026-04-20,21,204,206.3,206.2,198.2,196.5,NA
2026-05-16,2026-04-20,20,204,206.2,206.2,198.2,196.5,NA
2026-05-17,2026-04-20,19,198.2,202.5,202.5,198.2,182.8,NA
2026-05-18,2026-04-20,18,204,206.3,206.2,198.2,196.5,NA
2026-05-19,2026-04-20,17,201.7,203.2,203.2,195.1,194.7,NA
2026-05-20,2026-04-20,16,201.9,206.3,206.2,198.1,196.5,NA
2026-05-21,2026-04-20,15,201.9,206.3,206.2,198.1,196.5,NA
2026-05-22,2026-04-20,14,201.9,206.3,206.2,198.1,196.5,NA
2026-05-23,2026-04-20,13,201.7,203.2,203.2,195.1,194.7,NA
2026-05-24,2026-04-20,12,205,203.2,203.2,195.1,194.7,NA
2026-05-25,2026-04-20,11,147.1,25.8,25.8,195.1,194.7,NA
2026-05-26,2026-04-20,10,147.1,21.3,21.3,195.1,191.3,NA
2026-05-27,2026-04-20,9,201.5,21.3,25.8,192,191.3,NA
2026-05-28,2026-04-20,8,201.5,43,21.3,192,198.7,NA
2026-05-29,2026-04-20,7,201.5,43,43,192,198.7,NA
2026-05-30,2026-04-20,6,201.5,43,43,192,189.1,NA
2026-05-31,2026-04-20,5,201.5,203.2,203.2,195,194.6,NA
2026-06-01,2026-04-20,4,201.5,203.2,203.2,125,124.6,NA
2026-06-02,2026-04-20,3,201.5,203.2,203.2,195,204.2,NA
2026-06-03,2026-04-20,2,201.5,203.2,203.2,195,194.6,NA
2026-06-04,2026-04-20,1,131.5,203.2,203.2,195,194.6,NA
2026-04-22,2026-04-21,45,198,198.4,199.9,190.2,189.3,NA
2026-04-23,2026-04-21,44,201.5,203.2,203.2,195,194.7,NA
2026-04-24,2026-04-21,43,204,206.3,206.2,198.1,196.4,NA
2026-04-25,2026-04-21,42,205.8,207.3,208,199.6,197.6,NA
2026-04-26,2026-04-21,41,208,208.9,210.7,202.9,201.9,NA
2026-04-27,2026-04-21,40,211.8,211.8,214.5,209.2,207.4,NA
2026-04-28,2026-04-21,39,215,215.3,217.7,215.9,214,NA
2026-04-29,2026-04-21,38,217.3,217.8,219.4,218.7,208.2,NA
2026-04-30,2026-04-21,37,218.4,219.1,219.9,219.5,213.2,NA
2026-05-01,2026-04-21,36,218.9,219.8,220.3,219.6,215.2,NA
2026-05-02,2026-04-21,35,219.8,220.3,221.2,219.8,216.6,NA
2026-05-03,2026-04-21,34,222.4,222.2,223.3,221.9,220.9,NA
2026-05-04,2026-04-21,33,224,224.8,224.6,223.9,225.7,NA
2026-05-05,2026-04-21,32,224.8,225.6,225,224,227.5,NA
2026-05-06,2026-04-21,31,225.2,226,225.7,223.8,220.1,NA
2026-05-07,2026-04-21,30,226.2,227.1,226.4,224,223,NA
2026-05-08,2026-04-21,29,227,228.4,227,224.3,223.5,NA
2026-05-09,2026-04-21,28,228.2,228.7,227.7,224.3,223.2,NA
2026-05-10,2026-04-21,27,230.2,230.3,228.7,225.2,226.2,NA
2026-05-11,2026-04-21,26,234.5,234.2,232.2,230.3,231.2,NA
2026-05-12,2026-04-21,25,242.5,241.5,240.1,234.4,244.7,NA
2026-05-13,2026-04-21,24,257.4,259.1,258.8,259.3,251.9,NA
2026-05-14,2026-04-21,23,201.6,203.3,203.3,195.1,194.7,NA
2026-05-15,2026-04-21,22,201.6,203.3,203.3,195.1,194.7,NA
2026-05-16,2026-04-21,21,201.6,203.3,203.3,195.1,194.7,NA
2026-05-17,2026-04-21,20,193.1,196.4,196.4,195,179.3,NA
2026-05-18,2026-04-21,19,201.5,203.3,203.3,195,194.6,NA
2026-05-19,2026-04-21,18,201.3,198.4,199.8,190.1,189.2,NA
2026-05-20,2026-04-21,17,201.7,203.2,203.2,195.1,194.7,NA
2026-05-21,2026-04-21,16,201.7,203.2,203.2,195.1,194.7,NA
2026-05-22,2026-04-21,15,201.7,203.2,203.2,195.1,194.7,NA
2026-05-23,2026-04-21,14,201.3,198.4,199.8,190.1,189.2,NA
2026-05-24,2026-04-21,13,205,198.4,199.8,190.1,189.2,NA
2026-05-25,2026-04-21,12,85.7,17,19.5,190.1,189.2,NA
2026-05-26,2026-04-21,11,85.7,19.3,19.9,190.1,180.4,NA
2026-05-27,2026-04-21,10,197.8,19.3,19.5,182.3,180.4,NA
2026-05-28,2026-04-21,9,197.8,-9,19.9,182.3,258,NA
2026-05-29,2026-04-21,8,197.8,-9,5.9,182.3,258,NA
2026-05-30,2026-04-21,7,197.8,-9,5.9,182.3,94.7,NA
2026-05-31,2026-04-21,6,197.8,198.3,199.7,190.1,189.2,NA
2026-06-01,2026-04-21,5,197.8,198.3,199.7,120.1,119.2,NA
2026-06-02,2026-04-21,4,197.8,198.3,199.7,190.1,193.3,NA
2026-06-03,2026-04-21,3,197.8,198.3,199.7,190.1,189.2,NA
2026-06-04,2026-04-21,2,127.8,198.3,199.7,190.1,189.2,NA
2026-06-05,2026-04-21,1,210.6,211.6,214.4,190.1,189.1,NA
2026-04-23,2026-04-22,45,198,198.4,199.9,190.2,189.3,NA
2026-04-24,2026-04-22,44,201.5,203.2,203.2,195,194.7,NA
2026-04-25,2026-04-22,43,204,206.3,206.2,198.1,196.4,NA
2026-04-26,2026-04-22,42,205.8,207.3,208,199.6,197.6,NA
2026-04-27,2026-04-22,41,208,208.9,210.7,202.9,201.9,NA
2026-04-28,2026-04-22,40,211.8,211.8,214.5,209.2,207.4,NA
2026-04-29,2026-04-22,39,215,215.3,217.7,215.9,214,NA
2026-04-30,2026-04-22,38,217.3,217.8,219.4,218.7,208.2,NA
2026-05-01,2026-04-22,37,218.4,219.1,219.9,219.5,213.2,NA
2026-05-02,2026-04-22,36,218.9,219.8,220.3,219.6,215.2,NA
2026-05-03,2026-04-22,35,219.8,220.3,221.2,219.8,216.6,NA
2026-05-04,2026-04-22,34,222.4,222.2,223.3,221.9,220.9,NA
2026-05-05,2026-04-22,33,224,224.8,224.6,223.9,225.7,NA
2026-05-06,2026-04-22,32,224.8,225.6,225,224,227.5,NA
2026-05-07,2026-04-22,31,225.2,226,225.7,223.8,220.1,NA
2026-05-08,2026-04-22,30,226.2,227.1,226.4,224,223,NA
2026-05-09,2026-04-22,29,227,228.4,227,224.3,223.5,NA
2026-05-10,2026-04-22,28,228.2,228.7,227.7,224.3,223.2,NA
2026-05-11,2026-04-22,27,230.2,230.3,228.7,225.2,226.2,NA
2026-05-12,2026-04-22,26,234.5,234.2,232.2,230.3,231.2,NA
2026-05-13,2026-04-22,25,242.5,241.5,240.1,234.4,244.7,NA
2026-05-14,2026-04-22,24,197.9,198.4,199.7,190.1,189.3,NA
2026-05-15,2026-04-22,23,197.9,198.4,199.7,190.1,189.2,NA
2026-05-16,2026-04-22,22,197.9,198.4,199.7,190.1,189.4,NA
2026-05-17,2026-04-22,21,185.7,186.8,189.6,190.1,168.6,NA
2026-05-18,2026-04-22,20,197.8,198.4,199.7,190.1,189.3,NA
2026-05-19,2026-04-22,19,200.8,192.4,194,185.6,194.1,NA
2026-05-20,2026-04-22,18,201.3,198.4,199.8,190.1,189.2,NA
2026-05-21,2026-04-22,17,201.3,198.4,199.8,190.1,189.2,NA
2026-05-22,2026-04-22,16,201.3,198.4,199.8,190.1,189.2,NA
2026-05-23,2026-04-22,15,200.8,192.4,194,185.6,194.1,NA
2026-05-24,2026-04-22,14,205,192.4,194,185.6,194.2,NA
2026-05-25,2026-04-22,13,1.8,6.4,9.3,185.6,194.1,NA
2026-05-26,2026-04-22,12,1.8,17,17.6,185.6,190.4,NA
2026-05-27,2026-04-22,11,192.7,17,9.3,173.2,190.4,NA
2026-05-28,2026-04-22,10,192.7,-70.9,17.6,173.2,204,NA
2026-05-29,2026-04-22,9,192.7,-70.9,-53.9,173.2,204,NA
2026-05-30,2026-04-22,8,192.7,-70.9,-53.9,173.2,180.6,NA
2026-05-31,2026-04-22,7,192.8,192.4,194,185.6,194.2,NA
2026-06-01,2026-04-22,6,192.7,192.4,194,115.6,124.2,NA
2026-06-02,2026-04-22,5,192.7,192.4,194,185.6,203.3,NA
2026-06-03,2026-04-22,4,192.7,192.4,194,185.6,194.2,NA
2026-06-04,2026-04-22,3,122.7,192.4,194,185.6,194.2,NA
2026-06-05,2026-04-22,2,200.5,199.9,203,185.6,194.2,NA
2026-06-06,2026-04-22,1,192.7,192.4,194,185.6,194.2,NA
2026-04-24,2026-04-23,45,198,198.4,199.9,190.2,189.3,NA
2026-04-25,2026-04-23,44,201.5,203.2,203.2,195,194.7,NA
2026-04-26,2026-04-23,43,204,206.3,206.2,198.1,196.4,NA
2026-04-27,2026-04-23,42,205.8,207.3,208,199.6,197.6,NA
2026-04-28,2026-04-23,41,208,208.9,210.7,202.9,201.9,NA
2026-04-29,2026-04-23,40,211.8,211.8,214.5,209.2,207.4,NA
2026-04-30,2026-04-23,39,215,215.3,217.7,215.9,214,NA
2026-05-01,2026-04-23,38,217.3,217.8,219.4,218.7,208.2,NA
2026-05-02,2026-04-23,37,218.4,219.1,219.9,219.5,213.2,NA
2026-05-03,2026-04-23,36,218.9,219.8,220.3,219.6,215.2,NA
2026-05-04,2026-04-23,35,219.8,220.3,221.2,219.8,216.6,NA
2026-05-05,2026-04-23,34,222.4,222.2,223.3,221.9,220.9,NA
2026-05-06,2026-04-23,33,224,224.8,224.6,223.9,225.7,NA
2026-05-07,2026-04-23,32,224.8,225.6,225,224,227.5,NA
2026-05-08,2026-04-23,31,225.2,226,225.7,223.8,220.1,NA
2026-05-09,2026-04-23,30,226.2,227.1,226.4,224,223,NA
2026-05-10,2026-04-23,29,227,228.4,227,224.3,223.5,NA
2026-05-11,2026-04-23,28,228.2,228.7,227.7,224.3,223.2,NA
2026-05-12,2026-04-23,27,230.2,230.3,228.7,225.2,226.2,NA
2026-05-13,2026-04-23,26,234.5,234.2,232.2,230.3,231.2,NA
2026-05-14,2026-04-23,25,192.8,192.5,194,185.6,194.2,NA
2026-05-15,2026-04-23,24,192.8,192.5,194,185.6,194.2,NA
2026-05-16,2026-04-23,23,192.8,192.4,194,185.6,194.2,NA
2026-05-17,2026-04-23,22,175.6,174.9,178,185.6,178.2,NA
2026-05-18,2026-04-23,21,192.7,192.4,194.1,185.6,194.1,NA
2026-05-19,2026-04-23,20,200.4,188.3,188,180.8,187.4,NA
2026-05-20,2026-04-23,19,200.8,192.4,194,185.6,194.1,NA
2026-05-21,2026-04-23,18,200.8,192.4,194,185.6,194.1,NA
2026-05-22,2026-04-23,17,200.8,192.4,194,185.6,194.2,NA
2026-05-23,2026-04-23,16,200.4,188.3,188,180.8,187.4,NA
2026-05-24,2026-04-23,15,205,188.3,188,180.8,187.4,NA
2026-05-25,2026-04-23,14,-58.6,-1,-1.6,180.8,187.4,NA
2026-05-26,2026-04-23,13,-58.6,15.3,15.2,180.8,176.9,NA
2026-05-27,2026-04-23,12,189.2,15.3,-1.6,163.6,176.9,NA
2026-05-28,2026-04-23,11,189.2,-114.5,15.2,163.6,276.6,NA
2026-05-29,2026-04-23,10,189.2,-114.5,-117.7,163.6,276.6,NA
2026-05-30,2026-04-23,9,189.2,-114.5,-117.7,163.6,65.1,NA
2026-05-31,2026-04-23,8,189.1,188.3,188,180.8,187.4,NA
2026-06-01,2026-04-23,7,189.1,188.3,188,110.8,117.4,NA
2026-06-02,2026-04-23,6,189.1,188.3,188,180.8,189.8,NA
2026-06-03,2026-04-23,5,189.1,188.3,188,180.8,187.4,NA
2026-06-04,2026-04-23,4,119.1,188.3,188,180.8,187.4,NA
2026-06-05,2026-04-23,3,193.2,191.7,191,180.8,187.4,NA
2026-06-06,2026-04-23,2,189.1,188.3,188,180.8,187.4,NA
2026-06-07,2026-04-23,1,189.1,22.1,22,186.2,187.4,NA
2026-04-25,2026-04-24,45,198,198.4,199.9,190.2,189.3,NA
2026-04-26,2026-04-24,44,201.5,203.2,203.2,195,194.7,NA
2026-04-27,2026-04-24,43,204,206.3,206.2,198.1,196.4,NA
2026-04-28,2026-04-24,42,205.8,207.3,208,199.6,197.6,NA
2026-04-29,2026-04-24,41,208,208.9,210.7,202.9,201.9,NA
2026-04-30,2026-04-24,40,211.8,211.8,214.5,209.2,207.4,NA
2026-05-01,2026-04-24,39,215,215.3,217.7,215.9,214,NA
2026-05-02,2026-04-24,38,217.3,217.8,219.4,218.7,208.2,NA
2026-05-03,2026-04-24,37,218.4,219.1,219.9,219.5,213.2,NA
2026-05-04,2026-04-24,36,218.9,219.8,220.3,219.6,215.2,NA
2026-05-05,2026-04-24,35,219.8,220.3,221.2,219.8,216.6,NA
2026-05-06,2026-04-24,34,222.4,222.2,223.3,221.9,220.9,NA
2026-05-07,2026-04-24,33,224,224.8,224.6,223.9,225.7,NA
2026-05-08,2026-04-24,32,224.8,225.6,225,224,227.5,NA
2026-05-09,2026-04-24,31,225.2,226,225.7,223.8,220.1,NA
2026-05-10,2026-04-24,30,226.2,227.1,226.4,224,223,NA
2026-05-11,2026-04-24,29,227,228.4,227,224.3,223.5,NA
2026-05-12,2026-04-24,28,228.2,228.7,227.7,224.3,223.2,NA
2026-05-13,2026-04-24,27,230.2,230.3,228.7,225.2,226.2,NA
2026-05-14,2026-04-24,26,189.1,188.4,188,180.8,187.5,NA
2026-05-15,2026-04-24,25,189.1,188.4,188,180.8,187.5,NA
2026-05-16,2026-04-24,24,189.1,188.4,188,180.8,187.5,NA
2026-05-17,2026-04-24,23,168.4,166.6,166.2,180.8,164.8,NA
2026-05-18,2026-04-24,22,189.2,188.3,188,180.8,187.5,NA
2026-05-19,2026-04-24,21,200.1,184.2,184.6,178,182.7,NA
2026-05-20,2026-04-24,20,200.4,188.3,188,180.8,187.4,NA
2026-05-21,2026-04-24,19,200.4,188.3,188,180.8,187.4,NA
2026-05-22,2026-04-24,18,200.4,188.3,188,180.8,187.4,NA
2026-05-23,2026-04-24,17,200.1,184.2,184.6,178,182.7,NA
2026-05-24,2026-04-24,16,205,184.2,184.6,178,182.7,NA
2026-05-25,2026-04-24,15,-108.7,-8.4,-7.6,178,182.7,NA
2026-05-26,2026-04-24,14,-108.7,13.7,13.9,178,167.5,NA
2026-05-27,2026-04-24,13,186.1,13.7,-7.6,157.9,167.5,NA
2026-05-28,2026-04-24,12,186.1,-157.4,13.9,157.9,327.2,NA
2026-05-29,2026-04-24,11,186.1,-157.4,-153.5,157.9,327.2,NA
2026-05-30,2026-04-24,10,186.1,-157.4,-153.5,157.9,-15.5,NA
2026-05-31,2026-04-24,9,186.1,184.2,184.6,177.9,182.7,NA
2026-06-01,2026-04-24,8,186.1,184.2,184.6,107.9,112.7,NA
2026-06-02,2026-04-24,7,186.1,184.2,184.6,177.9,180.5,NA
2026-06-03,2026-04-24,6,186.1,184.2,184.6,177.9,182.7,NA
2026-06-04,2026-04-24,5,116.1,184.2,184.6,177.9,182.7,NA
2026-06-05,2026-04-24,4,187.2,183.4,184.3,177.9,182.7,NA
2026-06-06,2026-04-24,3,186.1,184.2,184.6,177.9,182.7,NA
2026-06-07,2026-04-24,2,186.1,20.1,20.3,181.9,182.7,NA
2026-06-08,2026-04-24,1,186.1,22.2,20.3,181.8,182.7,NA
2026-04-26,2026-04-25,45,198,198.4,199.9,190.2,189.3,NA
2026-04-27,2026-04-25,44,201.5,203.2,203.2,195,194.7,NA
2026-04-28,2026-04-25,43,204,206.3,206.2,198.1,196.4,NA
2026-04-29,2026-04-25,42,205.8,207.3,208,199.6,197.6,NA
2026-04-30,2026-04-25,41,208,208.9,210.7,202.9,201.9,NA
2026-05-01,2026-04-25,40,211.8,211.8,214.5,209.2,207.4,NA
2026-05-02,2026-04-25,39,215,215.3,217.7,215.9,214,NA
2026-05-03,2026-04-25,38,217.3,217.8,219.4,218.7,208.2,NA
2026-05-04,2026-04-25,37,218.4,219.1,219.9,219.5,213.2,NA
2026-05-05,2026-04-25,36,218.9,219.8,220.3,219.6,215.2,NA
2026-05-06,2026-04-25,35,219.8,220.3,221.2,219.8,216.6,NA
2026-05-07,2026-04-25,34,222.4,222.2,223.3,221.9,220.9,NA
2026-05-08,2026-04-25,33,224,224.8,224.6,223.9,225.7,NA
2026-05-09,2026-04-25,32,224.8,225.6,225,224,227.5,NA
2026-05-10,2026-04-25,31,225.2,226,225.7,223.8,220.1,NA
2026-05-11,2026-04-25,30,226.2,227.1,226.4,224,223,NA
2026-05-12,2026-04-25,29,227,228.4,227,224.3,223.5,NA
2026-05-13,2026-04-25,28,228.2,228.7,227.7,224.3,223.2,NA
2026-05-14,2026-04-25,27,186.2,184.2,184.7,177.9,182.8,NA
2026-05-15,2026-04-25,26,186.2,184.2,184.7,177.9,182.8,NA
2026-05-16,2026-04-25,25,186.2,184.3,184.7,177.9,182.8,NA
2026-05-17,2026-04-25,24,162.2,158.5,159.4,178,155.4,NA
2026-05-18,2026-04-25,23,186.1,184.3,184.7,178,182.8,NA
2026-05-19,2026-04-25,22,200,183.5,183.2,177.2,181,NA
2026-05-20,2026-04-25,21,200.1,184.2,184.6,178,182.7,NA
2026-05-21,2026-04-25,20,200.1,184.2,184.6,178,182.7,NA
2026-05-22,2026-04-25,19,200.1,184.2,184.6,178,182.7,NA
2026-05-23,2026-04-25,18,200,183.5,183.2,177.2,181,NA
2026-05-24,2026-04-25,17,205,183.5,183.2,177.2,181,NA
2026-05-25,2026-04-25,16,-131.2,-9.8,-10.3,177.2,181,NA
2026-05-26,2026-04-25,15,-131.2,13.4,13.3,177.2,164.1,NA
2026-05-27,2026-04-25,14,184.7,13.4,-10.3,156.5,164.1,NA
2026-05-28,2026-04-25,13,184.7,-165.9,13.3,156.5,345.8,NA
2026-05-29,2026-04-25,12,184.7,-165.9,-169.1,156.5,345.8,NA
2026-05-30,2026-04-25,11,184.7,-165.9,-169.1,156.5,-45.2,NA
2026-05-31,2026-04-25,10,184.8,183.4,183.1,177.2,181,NA
2026-06-01,2026-04-25,9,184.7,183.4,183.1,107.2,111,NA
2026-06-02,2026-04-25,8,184.7,183.4,183.1,177.2,177,NA
2026-06-03,2026-04-25,7,184.7,183.4,183.1,177.2,181,NA
2026-06-04,2026-04-25,6,114.7,183.4,183.1,177.2,181,NA
2026-06-05,2026-04-25,5,184.4,181.9,181.2,177.2,181,NA
2026-06-06,2026-04-25,4,184.7,183.4,183.1,177.2,181,NA
2026-06-07,2026-04-25,3,184.7,19.7,19.6,180.8,181,NA
2026-06-08,2026-04-25,2,184.7,21.4,19.6,180.8,181,NA
2026-06-09,2026-04-25,1,184.7,19.7,183.1,180.8,181,NA
2026-04-27,2026-04-26,45,198,198.4,199.9,190.2,189.3,NA
2026-04-28,2026-04-26,44,201.5,203.2,203.2,195,194.7,NA
2026-04-29,2026-04-26,43,204,206.3,206.2,198.1,196.4,NA
2026-04-30,2026-04-26,42,205.8,207.3,208,199.6,197.6,NA
2026-05-01,2026-04-26,41,208,208.9,210.7,202.9,201.9,NA
2026-05-02,2026-04-26,40,211.8,211.8,214.5,209.2,207.4,NA
2026-05-03,2026-04-26,39,215,215.3,217.7,215.9,214,NA
2026-05-04,2026-04-26,38,217.3,217.8,219.4,218.7,208.2,NA
2026-05-05,2026-04-26,37,218.4,219.1,219.9,219.5,213.2,NA
2026-05-06,2026-04-26,36,218.9,219.8,220.3,219.6,215.2,NA
2026-05-07,2026-04-26,35,219.8,220.3,221.2,219.8,216.6,NA
2026-05-08,2026-04-26,34,222.4,222.2,223.3,221.9,220.9,NA
2026-05-09,2026-04-26,33,224,224.8,224.6,223.9,225.7,NA
2026-05-10,2026-04-26,32,224.8,225.6,225,224,227.5,NA
2026-05-11,2026-04-26,31,225.2,226,225.7,223.8,220.1,NA
2026-05-12,2026-04-26,30,226.2,227.1,226.4,224,223,NA
2026-05-13,2026-04-26,29,227,228.4,227,224.3,223.5,NA
2026-05-14,2026-04-26,28,184.8,183.4,183.2,177.3,181.1,NA
2026-05-15,2026-04-26,27,184.8,183.4,183.2,177.3,181.1,NA
2026-05-16,2026-04-26,26,184.8,183.4,183.2,177.3,181.1,NA
2026-05-17,2026-04-26,25,159.6,157,156.3,177.3,152.1,NA
2026-05-18,2026-04-26,24,184.8,183.4,183.1,177.3,181,NA
2026-05-19,2026-04-26,23,199.9,182.7,182.3,177.1,180.5,NA
2026-05-20,2026-04-26,22,200,183.5,183.2,177.2,181,NA
2026-05-21,2026-04-26,21,200,183.5,183.2,177.2,181,NA
2026-05-22,2026-04-26,20,200,183.5,183.2,177.2,181,NA
2026-05-23,2026-04-26,19,199.9,182.7,182.3,177,180.5,NA
2026-05-24,2026-04-26,18,205,182.7,182.3,177.1,180.5,NA
2026-05-25,2026-04-26,17,-144.5,-11.1,-11.8,177.1,180.5,NA
2026-05-26,2026-04-26,16,-144.5,13.1,12.9,177,163.1,NA
2026-05-27,2026-04-26,15,183.9,13.1,-11.8,156,163.1,NA
2026-05-28,2026-04-26,14,183.9,-173.7,12.9,156,351.2,NA
2026-05-29,2026-04-26,13,183.9,-173.7,-176.9,156,351.2,NA
2026-05-30,2026-04-26,12,183.9,-173.7,-177.2,156,-53.7,NA
2026-05-31,2026-04-26,11,183.9,182.7,182.4,177,180.5,NA
2026-06-01,2026-04-26,10,183.9,182.7,182.4,107,110.5,NA
2026-06-02,2026-04-26,9,183.9,182.7,182.3,177,176,NA
2026-06-03,2026-04-26,8,183.9,182.7,182.3,177,180.5,NA
2026-06-04,2026-04-26,7,113.9,182.7,182.4,177,180.5,NA
2026-06-05,2026-04-26,6,182.9,180.5,179.7,177,180.5,NA
2026-06-06,2026-04-26,5,183.9,182.7,182.4,177,180.5,NA
2026-06-07,2026-04-26,4,183.9,19.4,19.2,180.5,180.5,NA
2026-06-08,2026-04-26,3,183.9,20.7,19.2,180.5,180.5,NA
2026-06-09,2026-04-26,2,183.9,19.4,182.4,180.5,180.5,NA
2026-06-10,2026-04-26,1,183.9,20.7,182.3,180.5,180.5,NA
2026-04-28,2026-04-27,45,198,198.4,199.9,190.2,189.3,NA
2026-04-29,2026-04-27,44,201.5,203.2,203.2,195,194.7,NA
2026-04-30,2026-04-27,43,204,206.3,206.2,198.1,196.4,NA
2026-05-01,2026-04-27,42,205.8,207.3,208,199.6,197.6,NA
2026-05-02,2026-04-27,41,208,208.9,210.7,202.9,201.9,NA
2026-05-03,2026-04-27,40,211.8,211.8,214.5,209.2,207.4,NA
2026-05-04,2026-04-27,39,215,215.3,217.7,215.9,214,NA
2026-05-05,2026-04-27,38,217.3,217.8,219.4,218.7,208.2,NA
2026-05-06,2026-04-27,37,218.4,219.1,219.9,219.5,213.2,NA
2026-05-07,2026-04-27,36,218.9,219.8,220.3,219.6,215.2,NA
2026-05-08,2026-04-27,35,219.8,220.3,221.2,219.8,216.6,NA
2026-05-09,2026-04-27,34,222.4,222.2,223.3,221.9,220.9,NA
2026-05-10,2026-04-27,33,224,224.8,224.6,223.9,225.7,NA
2026-05-11,2026-04-27,32,224.8,225.6,225,224,227.5,NA
2026-05-12,2026-04-27,31,225.2,226,225.7,223.8,220.1,NA
2026-05-13,2026-04-27,30,226.2,227.1,226.4,224,223,NA
2026-05-14,2026-04-27,29,183.9,182.7,182.3,177.1,180.6,NA
2026-05-15,2026-04-27,28,183.9,182.7,182.3,177.1,180.6,NA
2026-05-16,2026-04-27,27,183.9,182.8,182.3,177.1,180.6,NA
2026-05-17,2026-04-27,26,157.8,155.4,154.8,177,151,NA
2026-05-18,2026-04-27,25,183.9,182.8,182.4,177,180.5,NA
2026-05-19,2026-04-27,24,199.9,181.8,182.4,175.8,180.2,NA
2026-05-20,2026-04-27,23,199.9,182.7,182.3,177.1,180.5,NA
2026-05-21,2026-04-27,22,199.9,182.7,182.3,177,180.5,NA
2026-05-22,2026-04-27,21,199.9,182.7,182.3,177.1,180.5,NA
2026-05-23,2026-04-27,20,199.9,181.8,182.4,175.8,180.3,NA
2026-05-24,2026-04-27,19,205,181.8,182.4,175.8,180.2,NA
2026-05-25,2026-04-27,18,-151.7,-12.9,-11.6,175.8,180.2,NA
2026-05-26,2026-04-27,17,-151.7,12.7,13,175.8,162.4,NA
2026-05-27,2026-04-27,16,183.5,12.7,-11.6,153.6,162.4,NA
2026-05-28,2026-04-27,15,183.5,-184.1,13,153.6,354.5,NA
2026-05-29,2026-04-27,14,183.5,-184.1,-176.3,153.6,354.5,NA
2026-05-30,2026-04-27,13,183.5,-184.1,-176.3,153.6,-59,NA
2026-05-31,2026-04-27,12,183.5,181.7,182.5,175.8,180.2,NA
2026-06-01,2026-04-27,11,183.5,181.7,182.5,105.8,110.2,NA
2026-06-02,2026-04-27,10,183.5,181.7,182.4,175.8,175.5,NA
2026-06-03,2026-04-27,9,183.5,181.7,182.4,175.8,180.2,NA
2026-06-04,2026-04-27,8,113.5,181.7,182.4,175.8,180.2,NA
2026-06-05,2026-04-27,7,182,178.4,179.7,175.8,180.2,NA
2026-06-06,2026-04-27,6,183.5,181.7,182.4,175.8,180.2,NA
2026-06-07,2026-04-27,5,183.5,18.9,19.2,178.8,180.2,NA
2026-06-08,2026-04-27,4,183.5,19.7,19.2,178.8,180.2,NA
2026-06-09,2026-04-27,3,183.5,18.9,182.4,178.8,180.2,NA
2026-06-10,2026-04-27,2,183.5,19.7,182.4,178.8,180.2,NA
2026-06-11,2026-04-27,1,183.5,19.7,182.4,178.7,180.2,NA
2026-04-29,2026-04-28,45,198,198.4,199.9,190.2,189.3,NA
2026-04-30,2026-04-28,44,201.5,203.2,203.2,195,194.7,NA
2026-05-01,2026-04-28,43,204,206.3,206.2,198.1,196.4,NA
2026-05-02,2026-04-28,42,205.8,207.3,208,199.6,197.6,NA
2026-05-03,2026-04-28,41,208,208.9,210.7,202.9,201.9,NA
2026-05-04,2026-04-28,40,211.8,211.8,214.5,209.2,207.4,NA
2026-05-05,2026-04-28,39,215,215.3,217.7,215.9,214,NA
2026-05-06,2026-04-28,38,217.3,217.8,219.4,218.7,208.2,NA
2026-05-07,2026-04-28,37,218.4,219.1,219.9,219.5,213.2,NA
2026-05-08,2026-04-28,36,218.9,219.8,220.3,219.6,215.2,NA
2026-05-09,2026-04-28,35,219.8,220.3,221.2,219.8,216.6,NA
2026-05-10,2026-04-28,34,222.4,222.2,223.3,221.9,220.9,NA
2026-05-11,2026-04-28,33,224,224.8,224.6,223.9,225.7,NA
2026-05-12,2026-04-28,32,224.8,225.6,225,224,227.5,NA
2026-05-13,2026-04-28,31,225.2,226,225.7,223.8,220.1,NA
2026-05-14,2026-04-28,30,183.6,181.8,182.5,175.9,180.1,NA
2026-05-15,2026-04-28,29,183.6,181.8,182.5,175.9,180.1,NA
2026-05-16,2026-04-28,28,183.6,181.7,182.5,175.9,180.1,NA
2026-05-17,2026-04-28,27,157.2,153.5,155,175.8,150.4,NA
2026-05-18,2026-04-28,26,183.5,181.8,182.5,175.8,180.2,NA
2026-05-19,2026-04-28,25,199.8,181.3,181.9,175.3,175.8,NA
2026-05-20,2026-04-28,24,199.9,181.8,182.4,175.8,180.2,NA
2026-05-21,2026-04-28,23,199.9,181.8,182.4,175.8,180.3,NA
2026-05-22,2026-04-28,22,199.9,181.8,182.4,175.8,180.2,NA
2026-05-23,2026-04-28,21,199.8,181.3,181.9,175.3,175.8,NA
2026-05-24,2026-04-28,20,205,181.3,181.9,175.3,175.8,NA
2026-05-25,2026-04-28,19,-166,-13.8,-12.5,175.3,175.8,NA
2026-05-26,2026-04-28,18,-166,12.5,12.8,175.3,153.4,NA
2026-05-27,2026-04-28,17,182.6,12.5,-12.5,152.4,153.4,NA
2026-05-28,2026-04-28,16,182.6,-189.3,12.8,152.4,403.8,NA
2026-05-29,2026-04-28,15,182.6,-189.3,-182.1,152.4,403.8,NA
2026-05-30,2026-04-28,14,182.6,-189.3,-182.1,152.4,-137.5,NA
2026-05-31,2026-04-28,13,182.6,181.2,181.9,175.2,175.7,NA
2026-06-01,2026-04-28,12,182.6,181.2,181.9,105.2,105.7,NA
2026-06-02,2026-04-28,11,182.6,181.2,181.9,175.2,166.3,NA
2026-06-03,2026-04-28,10,182.6,181.2,181.9,175.2,175.7,NA
2026-06-04,2026-04-28,9,112.6,181.2,181.9,175.2,175.6,NA
2026-06-05,2026-04-28,8,180.2,177.4,178.8,175.2,175.6,NA
2026-06-06,2026-04-28,7,182.6,181.2,181.9,175.2,175.6,NA
2026-06-07,2026-04-28,6,182.6,18.6,19,177.8,175.7,NA
2026-06-08,2026-04-28,5,182.6,19.2,19,177.8,175.7,NA
2026-06-09,2026-04-28,4,182.6,18.6,181.9,177.8,175.7,NA
2026-06-10,2026-04-28,3,182.6,19.2,181.9,177.8,175.7,NA
2026-06-11,2026-04-28,2,182.6,19.2,181.9,177.8,175.7,NA
2026-06-12,2026-04-28,1,182.6,181.2,181.9,177.8,175.6,NA
2026-04-30,2026-04-29,45,198,198.4,199.9,190.2,189.3,NA
2026-05-01,2026-04-29,44,201.5,203.2,203.2,195,194.7,NA
2026-05-02,2026-04-29,43,204,206.3,206.2,198.1,196.4,NA
2026-05-03,2026-04-29,42,205.8,207.3,208,199.6,197.6,NA
2026-05-04,2026-04-29,41,208,208.9,210.7,202.9,201.9,NA
2026-05-05,2026-04-29,40,211.8,211.8,214.5,209.2,207.4,NA
2026-05-06,2026-04-29,39,215,215.3,217.7,215.9,214,NA
2026-05-07,2026-04-29,38,217.3,217.8,219.4,218.7,208.2,NA
2026-05-08,2026-04-29,37,218.4,219.1,219.9,219.5,213.2,NA
2026-05-09,2026-04-29,36,218.9,219.8,220.3,219.6,215.2,NA
2026-05-10,2026-04-29,35,219.8,220.3,221.2,219.8,216.6,NA
2026-05-11,2026-04-29,34,222.4,222.2,223.3,221.9,220.9,NA
2026-05-12,2026-04-29,33,224,224.8,224.6,223.9,225.7,NA
2026-05-13,2026-04-29,32,224.8,225.6,225,224,227.5,NA
2026-05-14,2026-04-29,31,182.7,181.2,182,175.2,175.8,NA
2026-05-15,2026-04-29,30,182.7,181.2,182,175.2,175.8,NA
2026-05-16,2026-04-29,29,182.7,181.2,182,175.2,175.8,NA
2026-05-17,2026-04-29,28,155.2,152.6,153.9,175.3,141.6,NA
2026-05-18,2026-04-29,27,182.7,181.2,182,175.3,175.8,NA
2026-05-19,2026-04-29,26,199.7,180.4,181.5,174.9,187.8,NA
2026-05-20,2026-04-29,25,199.8,181.3,181.9,175.3,175.8,NA
2026-05-21,2026-04-29,24,199.8,181.3,181.9,175.3,175.8,NA
2026-05-22,2026-04-29,23,199.8,181.3,181.9,175.3,175.8,NA
2026-05-23,2026-04-29,22,199.7,180.4,181.5,174.9,187.8,NA
2026-05-24,2026-04-29,21,205,180.4,181.5,174.9,187.8,NA
2026-05-25,2026-04-29,20,-173.2,-15.3,-13.3,174.9,187.8,NA
2026-05-26,2026-04-29,19,-173.2,12.2,12.6,174.9,177.8,NA
2026-05-27,2026-04-29,18,182.2,12.2,-13.3,151.9,177.8,NA
2026-05-28,2026-04-29,17,182.2,-197.7,12.6,151.9,271.9,NA
2026-05-29,2026-04-29,16,182.2,-197.7,-186,151.9,271.9,NA
2026-05-30,2026-04-29,15,182.2,-197.7,-186,151.9,72.5,NA
2026-05-31,2026-04-29,14,182.2,180.4,181.5,174.9,187.9,NA
2026-06-01,2026-04-29,13,182.2,180.4,181.5,104.9,117.9,NA
2026-06-02,2026-04-29,12,182.2,180.4,181.5,174.9,190.8,NA
2026-06-03,2026-04-29,11,182.2,180.4,181.5,174.9,187.9,NA
2026-06-04,2026-04-29,10,112.2,180.4,181.5,174.9,187.9,NA
2026-06-05,2026-04-29,9,179.4,175.9,178,174.9,187.9,NA
2026-06-06,2026-04-29,8,182.2,180.4,181.5,174.9,187.9,NA
2026-06-07,2026-04-29,7,182.2,18.2,18.8,177.4,187.9,NA
2026-06-08,2026-04-29,6,182.2,18.4,18.8,177.4,187.9,NA
2026-06-09,2026-04-29,5,182.2,18.2,181.5,177.4,187.9,NA
2026-06-10,2026-04-29,4,182.2,18.4,181.5,177.4,187.9,NA
2026-06-11,2026-04-29,3,182.2,18.4,181.5,177.4,187.9,NA
2026-06-12,2026-04-29,2,182.2,180.4,181.5,177.4,187.9,NA
2026-06-13,2026-04-29,1,182.2,180.4,181.5,177.4,187.9,NA
2026-05-01,2026-04-30,45,198,198.4,199.9,190.2,189.3,NA
2026-05-02,2026-04-30,44,201.5,203.2,203.2,195,194.7,NA
2026-05-03,2026-04-30,43,204,206.3,206.2,198.1,196.4,NA
2026-05-04,2026-04-30,42,205.8,207.3,208,199.6,197.6,NA
2026-05-05,2026-04-30,41,208,208.9,210.7,202.9,201.9,NA
2026-05-06,2026-04-30,40,211.8,211.8,214.5,209.2,207.4,NA
2026-05-07,2026-04-30,39,215,215.3,217.7,215.9,214,NA
2026-05-08,2026-04-30,38,217.3,217.8,219.4,218.7,208.2,NA
2026-05-09,2026-04-30,37,218.4,219.1,219.9,219.5,213.2,NA
2026-05-10,2026-04-30,36,218.9,219.8,220.3,219.6,215.2,NA
2026-05-11,2026-04-30,35,219.8,220.3,221.2,219.8,216.6,NA
2026-05-12,2026-04-30,34,222.4,222.2,223.3,221.9,220.9,NA
2026-05-13,2026-04-30,33,224,224.8,224.6,223.9,225.7,NA
2026-05-14,2026-04-30,32,182.2,180.4,181.6,174.9,187.9,NA
2026-05-15,2026-04-30,31,182.2,180.4,181.6,174.9,187.9,NA
2026-05-16,2026-04-30,30,182.2,180.5,181.6,174.9,187.9,NA
2026-05-17,2026-04-30,29,154.5,150.8,153,175,165.7,NA
2026-05-18,2026-04-30,28,182.3,180.5,181.5,175,187.7,NA
2026-05-19,2026-04-30,27,199.7,180.3,181.4,174.9,182.9,NA
2026-05-20,2026-04-30,26,199.7,180.4,181.5,174.9,187.8,NA
2026-05-21,2026-04-30,25,199.7,180.4,181.5,174.9,187.8,NA
2026-05-22,2026-04-30,24,199.7,180.4,181.5,174.9,187.8,NA
2026-05-23,2026-04-30,23,199.7,180.3,181.4,174.9,182.9,NA
2026-05-24,2026-04-30,22,205,180.3,181.4,174.9,182.9,NA
2026-05-25,2026-04-30,21,-173.2,-15.6,-13.4,174.9,182.9,NA
2026-05-26,2026-04-30,20,-173.2,12.1,12.6,174.9,167.9,NA
2026-05-27,2026-04-30,19,182.2,12.1,-13.4,151.9,167.9,NA
2026-05-28,2026-04-30,18,182.2,-199.7,12.6,151.9,325.2,NA
2026-05-29,2026-04-30,17,182.2,-199.7,-187.3,151.9,325.2,NA
2026-05-30,2026-04-30,16,182.2,-199.7,-187.3,151.9,-12.3,NA
2026-05-31,2026-04-30,15,182.2,180.2,181.4,174.9,182.9,NA
2026-06-01,2026-04-30,14,182.2,180.2,181.4,104.9,112.9,NA
2026-06-02,2026-04-30,13,182.2,180.2,181.4,174.9,180.8,NA
2026-06-03,2026-04-30,12,182.2,180.2,181.4,174.9,182.9,NA
2026-06-04,2026-04-30,11,112.2,180.2,181.4,174.9,182.9,NA
2026-06-05,2026-04-30,10,179.4,175.5,177.8,174.9,182.9,NA
2026-06-06,2026-04-30,9,182.2,180.2,181.4,174.9,182.9,NA
2026-06-07,2026-04-30,8,182.2,18.1,18.7,177.4,182.9,NA
2026-06-08,2026-04-30,7,182.2,18.2,18.7,177.4,182.9,NA
2026-06-09,2026-04-30,6,182.2,18.1,181.4,177.4,182.9,NA
2026-06-10,2026-04-30,5,182.2,18.2,181.4,177.4,182.9,NA
2026-06-11,2026-04-30,4,182.2,18.2,181.4,177.4,182.9,NA
2026-06-12,2026-04-30,3,182.2,180.2,181.4,177.4,182.9,NA
2026-06-13,2026-04-30,2,182.2,180.2,181.4,177.4,182.9,NA
2026-06-14,2026-04-30,1,182.2,180.2,181.4,177.4,182.9,NA
2026-05-02,2026-05-01,45,198,198.4,199.9,190.2,189.3,NA
2026-05-03,2026-05-01,44,201.5,203.2,203.2,195,194.7,NA
2026-05-04,2026-05-01,43,204,206.3,206.2,198.1,196.4,NA
2026-05-05,2026-05-01,42,205.8,207.3,208,199.6,197.6,NA
2026-05-06,2026-05-01,41,208,208.9,210.7,202.9,201.9,NA
2026-05-07,2026-05-01,40,211.8,211.8,214.5,209.2,207.4,NA
2026-05-08,2026-05-01,39,215,215.3,217.7,215.9,214,NA
2026-05-09,2026-05-01,38,217.3,217.8,219.4,218.7,208.2,NA
2026-05-10,2026-05-01,37,218.4,219.1,219.9,219.5,213.2,NA
2026-05-11,2026-05-01,36,218.9,219.8,220.3,219.6,215.2,NA
2026-05-12,2026-05-01,35,219.8,220.3,221.2,219.8,216.6,NA
2026-05-13,2026-05-01,34,222.4,222.2,223.3,221.9,220.9,NA
2026-05-14,2026-05-01,33,182.2,180.3,181.5,174.9,182.9,NA
2026-05-15,2026-05-01,32,182.2,180.3,181.5,174.9,182.9,NA
2026-05-16,2026-05-01,31,182.2,180.2,181.5,174.9,182.9,NA
2026-05-17,2026-05-01,30,154.5,150.6,153,175,155.9,NA
2026-05-18,2026-05-01,29,182.3,180.3,181.4,175,182.9,NA
2026-05-19,2026-05-01,28,199.7,179.9,180.9,175,178.7,NA
2026-05-20,2026-05-01,27,199.7,180.3,181.4,174.9,182.9,NA
2026-05-21,2026-05-01,26,199.7,180.3,181.4,174.9,182.9,NA
2026-05-22,2026-05-01,25,199.7,180.3,181.4,174.9,182.9,NA
2026-05-23,2026-05-01,24,199.7,179.9,180.9,175,178.7,NA
2026-05-24,2026-05-01,23,205,179.9,180.9,175,178.7,NA
2026-05-25,2026-05-01,22,-179.3,-16.1,-14.3,175,178.7,NA
2026-05-26,2026-05-01,21,-179.3,12,12.4,175,159.5,NA
2026-05-27,2026-05-01,20,181.8,12,-14.3,152,159.5,NA
2026-05-28,2026-05-01,19,181.8,-202.9,12.4,152,370.5,NA
2026-05-29,2026-05-01,18,181.8,-202.9,-192.5,152,370.5,NA
2026-05-30,2026-05-01,17,181.8,-202.9,-192.5,152,-84.4,NA
2026-05-31,2026-05-01,16,181.8,179.9,180.9,175,178.7,NA
2026-06-01,2026-05-01,15,181.8,179.9,180.9,105,108.7,NA
2026-06-02,2026-05-01,14,181.8,179.9,180.9,175,172.4,NA
2026-06-03,2026-05-01,13,181.8,179.9,180.9,175,178.7,NA
2026-06-04,2026-05-01,12,111.8,179.9,180.9,175,178.7,NA
2026-06-05,2026-05-01,11,178.7,174.8,176.9,175,178.7,NA
2026-06-06,2026-05-01,10,181.8,179.9,180.9,175,178.7,NA
2026-06-07,2026-05-01,9,181.8,18,18.5,177.5,178.7,NA
2026-06-08,2026-05-01,8,181.8,17.9,18.5,177.5,178.7,NA
2026-06-09,2026-05-01,7,181.8,18,180.9,177.5,178.7,NA
2026-06-10,2026-05-01,6,181.8,17.9,180.9,177.5,178.7,NA
2026-06-11,2026-05-01,5,181.8,17.9,180.9,177.5,178.7,NA
2026-06-12,2026-05-01,4,181.8,179.9,180.9,177.5,178.7,NA
2026-06-13,2026-05-01,3,181.8,179.9,180.9,177.5,178.7,NA
2026-06-14,2026-05-01,2,181.8,179.9,180.9,177.5,178.7,NA
2026-06-15,2026-05-01,1,181.8,179.9,180.9,175,178.7,NA
2026-05-03,2026-05-02,45,198,198.4,199.9,190.2,189.3,NA
2026-05-04,2026-05-02,44,201.5,203.2,203.2,195,194.7,NA
2026-05-05,2026-05-02,43,204,206.3,206.2,198.1,196.4,NA
2026-05-06,2026-05-02,42,205.8,207.3,208,199.6,197.6,NA
2026-05-07,2026-05-02,41,208,208.9,210.7,202.9,201.9,NA
2026-05-08,2026-05-02,40,211.8,211.8,214.5,209.2,207.4,NA
2026-05-09,2026-05-02,39,215,215.3,217.7,215.9,214,NA
2026-05-10,2026-05-02,38,217.3,217.8,219.4,218.7,208.2,NA
2026-05-11,2026-05-02,37,218.4,219.1,219.9,219.5,213.2,NA
2026-05-12,2026-05-02,36,218.9,219.8,220.3,219.6,215.2,NA
2026-05-13,2026-05-02,35,219.8,220.3,221.2,219.8,216.6,NA
2026-05-14,2026-05-02,34,181.8,180,181,175.1,178.8,NA
2026-05-15,2026-05-02,33,181.8,180,181,175.1,178.8,NA
2026-05-16,2026-05-02,32,181.8,180,181,175.1,178.8,NA
2026-05-17,2026-05-02,31,153.7,149.9,151.9,175.1,147.5,NA
2026-05-18,2026-05-02,30,181.9,180,180.9,175.1,178.7,NA
2026-05-19,2026-05-02,29,199.6,179.5,180.8,175.2,177.6,NA
2026-05-20,2026-05-02,28,199.7,179.9,180.9,175,178.7,NA
2026-05-21,2026-05-02,27,199.7,179.9,180.9,175,178.7,NA
2026-05-22,2026-05-02,26,199.7,179.9,180.9,175,178.7,NA
2026-05-23,2026-05-02,25,199.6,179.5,180.8,175.2,177.6,NA
2026-05-24,2026-05-02,24,205,179.5,180.8,175.2,177.6,NA
2026-05-25,2026-05-02,23,-189.5,-17,-14.6,175.2,177.6,NA
2026-05-26,2026-05-02,22,-189.5,11.8,12.3,175.2,157.2,NA
2026-05-27,2026-05-02,21,181.2,11.8,-14.6,152.3,157.2,NA
2026-05-28,2026-05-02,20,181.2,-208.2,12.3,152.3,383.1,NA
2026-05-29,2026-05-02,19,181.2,-208.2,-194.5,152.3,383.1,NA
2026-05-30,2026-05-02,18,181.2,-208.2,-194.5,152.3,-105.1,NA
2026-05-31,2026-05-02,17,181.2,179.4,180.8,175.2,177.6,NA
2026-06-01,2026-05-02,16,181.2,179.4,180.8,105.1,107.6,NA
2026-06-02,2026-05-02,15,181.2,179.4,180.7,175.1,170.1,NA
2026-06-03,2026-05-02,14,181.2,179.4,180.7,175.1,177.6,NA
2026-06-04,2026-05-02,13,111.2,179.4,180.7,175.1,177.6,NA
2026-06-05,2026-05-02,12,177.4,173.9,176.5,175.1,177.6,NA
2026-06-06,2026-05-02,11,181.2,179.5,180.7,175.1,177.6,NA
2026-06-07,2026-05-02,10,181.2,17.7,18.4,177.7,177.5,NA
2026-06-08,2026-05-02,9,181.2,17.4,18.4,177.7,177.5,NA
2026-06-09,2026-05-02,8,181.2,17.7,180.7,177.7,177.5,NA
2026-06-10,2026-05-02,7,181.2,17.5,180.7,177.7,177.5,NA
2026-06-11,2026-05-02,6,181.2,17.5,180.7,177.7,177.5,NA
2026-06-12,2026-05-02,5,181.2,179.5,180.7,177.7,177.5,NA
2026-06-13,2026-05-02,4,181.2,179.5,180.7,177.7,177.5,NA
2026-06-14,2026-05-02,3,181.2,179.5,180.7,177.7,177.5,NA
2026-06-15,2026-05-02,2,181.2,179.5,180.7,175.1,177.5,NA
2026-06-16,2026-05-02,1,181.2,179.4,180.7,177.7,177.5,NA
2026-05-04,2026-05-03,45,198,198.4,199.9,190.2,189.3,NA
2026-05-05,2026-05-03,44,201.5,203.2,203.2,195,194.7,NA
2026-05-06,2026-05-03,43,204,206.3,206.2,198.1,196.4,NA
2026-05-07,2026-05-03,42,205.8,207.3,208,199.6,197.6,NA
2026-05-08,2026-05-03,41,208,208.9,210.7,202.9,201.9,NA
2026-05-09,2026-05-03,40,211.8,211.8,214.5,209.2,207.4,NA
2026-05-10,2026-05-03,39,215,215.3,217.7,215.9,214,NA
2026-05-11,2026-05-03,38,217.3,217.8,219.4,218.7,208.2,NA
2026-05-12,2026-05-03,37,218.4,219.1,219.9,219.5,213.2,NA
2026-05-13,2026-05-03,36,218.9,219.8,220.3,219.6,215.2,NA
2026-05-14,2026-05-03,35,181.2,179.5,180.7,175.2,177.5,NA
2026-05-15,2026-05-03,34,181.2,179.5,180.7,175.2,177.5,NA
2026-05-16,2026-05-03,33,181.2,179.5,180.7,175.2,177.5,NA
2026-05-17,2026-05-03,32,152.6,148.8,151.5,175.2,145.1,NA
2026-05-18,2026-05-03,31,181.2,179.5,180.7,175.2,177.6,NA
2026-05-19,2026-05-03,30,199.6,179.5,180.5,175.2,177.6,NA
2026-05-20,2026-05-03,29,199.6,179.5,180.8,175.2,177.6,NA
2026-05-21,2026-05-03,28,199.6,179.5,180.8,175.2,177.6,NA
2026-05-22,2026-05-03,27,199.6,179.5,180.8,175.2,177.6,NA
2026-05-23,2026-05-03,26,199.6,179.5,180.5,175.2,177.6,NA
2026-05-24,2026-05-03,25,205,179.5,180.5,175.2,177.6,NA
2026-05-25,2026-05-03,24,-192.6,-16.9,-15,175.2,177.6,NA
2026-05-26,2026-05-03,23,-192.6,11.8,12.2,175.2,157.1,NA
2026-05-27,2026-05-03,22,181,11.8,-15,152.3,157.1,NA
2026-05-28,2026-05-03,21,181,-207.5,12.2,152.3,383.8,NA
2026-05-29,2026-05-03,20,181,-207.5,-196.4,152.3,383.8,NA
2026-05-30,2026-05-03,19,181,-207.5,-196.4,152.3,-105.6,NA
2026-05-31,2026-05-03,18,181,179.5,180.5,175.2,177.5,NA
2026-06-01,2026-05-03,17,181,179.5,180.5,105.1,107.5,NA
2026-06-02,2026-05-03,16,181,179.5,180.5,175.2,170,NA
2026-06-03,2026-05-03,15,181,179.5,180.5,175.2,177.5,NA
2026-06-04,2026-05-03,14,111,179.5,180.5,175.1,177.5,NA
2026-06-05,2026-05-03,13,177.1,174.1,176,175.1,177.5,NA
2026-06-06,2026-05-03,12,181,179.5,180.5,175.1,177.5,NA
2026-06-07,2026-05-03,11,181,17.8,18.3,177.7,177.5,NA
2026-06-08,2026-05-03,10,181,17.5,18.3,177.7,177.5,NA
2026-06-09,2026-05-03,9,181,17.7,180.5,177.7,177.5,NA
2026-06-10,2026-05-03,8,181,17.5,180.5,177.8,177.5,NA
2026-06-11,2026-05-03,7,181,17.5,180.5,177.7,177.5,NA
2026-06-12,2026-05-03,6,181,179.5,180.5,177.7,177.5,NA
2026-06-13,2026-05-03,5,181,179.5,180.5,177.8,177.5,NA
2026-06-14,2026-05-03,4,181,179.5,180.5,177.7,177.5,NA
2026-06-15,2026-05-03,3,181,179.5,180.5,175.1,177.5,NA
2026-06-16,2026-05-03,2,181,179.5,180.5,177.8,177.5,NA
2026-06-17,2026-05-03,1,181,179.5,180.5,177.8,177.5,NA
2026-05-05,2026-05-04,45,198,198.4,199.9,190.2,189.3,NA
2026-05-06,2026-05-04,44,201.5,203.2,203.2,195,194.7,NA
2026-05-07,2026-05-04,43,204,206.3,206.2,198.1,196.4,NA
2026-05-08,2026-05-04,42,205.8,207.3,208,199.6,197.6,NA
2026-05-09,2026-05-04,41,208,208.9,210.7,202.9,201.9,NA
2026-05-10,2026-05-04,40,211.8,211.8,214.5,209.2,207.4,NA
2026-05-11,2026-05-04,39,215,215.3,217.7,215.9,214,NA
2026-05-12,2026-05-04,38,217.3,217.8,219.4,218.7,208.2,NA
2026-05-13,2026-05-04,37,218.4,219.1,219.9,219.5,213.2,NA
2026-05-14,2026-05-04,36,181.1,179.6,180.6,175.2,177.5,NA
2026-05-15,2026-05-04,35,181.1,179.6,180.6,175.2,177.5,NA
2026-05-16,2026-05-04,34,181.1,179.6,180.6,175.2,177.5,NA
2026-05-17,2026-05-04,33,152.1,149.1,151,175.2,145.1,NA
2026-05-18,2026-05-04,32,181,179.6,180.5,175.2,177.6,NA
2026-05-19,2026-05-04,31,199.6,179.4,180.5,175.9,177,NA
2026-05-20,2026-05-04,30,199.6,179.5,180.5,175.2,177.6,NA
2026-05-21,2026-05-04,29,199.6,179.5,180.5,175.2,177.6,NA
2026-05-22,2026-05-04,28,199.6,179.5,180.5,175.2,177.6,NA
2026-05-23,2026-05-04,27,199.6,179.4,180.5,175.9,177,NA
2026-05-24,2026-05-04,26,205,179.4,180.5,175.9,177,NA
2026-05-25,2026-05-04,25,-188.5,-17.2,-15,175.9,177,NA
2026-05-26,2026-05-04,24,-188.5,11.7,12.2,175.9,156.1,NA
2026-05-27,2026-05-04,23,181.3,11.7,-15,153.9,156.1,NA
2026-05-28,2026-05-04,22,181.3,-209.5,12.2,153.9,389.1,NA
2026-05-29,2026-05-04,21,181.3,-209.5,-196.4,153.9,389.1,NA
2026-05-30,2026-05-04,20,181.3,-209.5,-196.4,153.9,-114.1,NA
2026-05-31,2026-05-04,19,181.2,179.3,180.5,175.9,177,NA
2026-06-01,2026-05-04,18,181.3,179.3,180.5,105.9,107,NA
2026-06-02,2026-05-04,17,181.3,179.3,180.5,175.9,169.1,NA
2026-06-03,2026-05-04,16,181.3,179.3,180.5,175.9,177,NA
2026-06-04,2026-05-04,15,111.3,179.3,180.5,175.9,177,NA
2026-06-05,2026-05-04,14,177.5,173.7,176,175.9,177,NA
2026-06-06,2026-05-04,13,181.3,179.3,180.5,175.9,177,NA
2026-06-07,2026-05-04,12,181.3,17.7,18.2,178.9,177,NA
2026-06-08,2026-05-04,11,181.3,17.3,18.2,178.9,177,NA
2026-06-09,2026-05-04,10,181.3,17.7,180.5,178.9,177,NA
2026-06-10,2026-05-04,9,181.3,17.3,180.5,178.9,177,NA
2026-06-11,2026-05-04,8,181.3,17.3,180.5,178.9,177,NA
2026-06-12,2026-05-04,7,181.3,179.3,180.5,178.9,177,NA
2026-06-13,2026-05-04,6,181.3,179.3,180.5,178.9,177,NA
2026-06-14,2026-05-04,5,181.3,179.3,180.5,178.9,177,NA
2026-06-15,2026-05-04,4,181.3,179.3,180.5,175.9,177,NA
2026-06-16,2026-05-04,3,181.3,179.3,180.5,178.9,177,NA
2026-06-17,2026-05-04,2,181.3,179.3,180.5,178.9,177,NA
2026-06-18,2026-05-04,1,181.3,179.3,180.5,178.9,177,NA
2026-05-06,2026-05-05,45,198,198.4,199.9,190.2,189.3,NA
2026-05-07,2026-05-05,44,201.5,203.2,203.2,195,194.7,NA
2026-05-08,2026-05-05,43,204,206.3,206.2,198.1,196.4,NA
2026-05-09,2026-05-05,42,205.8,207.3,208,199.6,197.6,NA
2026-05-10,2026-05-05,41,208,208.9,210.7,202.9,201.9,NA
2026-05-11,2026-05-05,40,211.8,211.8,214.5,209.2,207.4,NA
2026-05-12,2026-05-05,39,215,215.3,217.7,215.9,214,NA
2026-05-13,2026-05-05,38,217.3,217.8,219.4,218.7,208.2,NA
2026-05-14,2026-05-05,37,181.3,179.3,180.6,176,177,NA
2026-05-15,2026-05-05,36,181.3,179.3,180.6,176,177,NA
2026-05-16,2026-05-05,35,181.3,179.4,180.6,176,177,NA
2026-05-17,2026-05-05,34,152.7,148.6,151,175.9,144,NA
2026-05-18,2026-05-05,33,181.2,179.3,180.5,175.9,176.9,NA
2026-05-19,2026-05-05,32,199.6,179.5,180,177.2,174.4,NA
2026-05-20,2026-05-05,31,199.6,179.4,180.5,175.9,177,NA
2026-05-21,2026-05-05,30,199.6,179.4,180.5,175.9,177,NA
2026-05-22,2026-05-05,29,199.6,179.4,180.5,175.9,177,NA
2026-05-23,2026-05-05,28,199.6,179.5,180,177.2,174.4,NA
2026-05-24,2026-05-05,27,205,179.5,180,177.2,174.4,NA
2026-05-25,2026-05-05,26,-199.8,-17,-16,177.2,174.4,NA
2026-05-26,2026-05-05,25,-199.8,11.8,12,177.2,150.8,NA
2026-05-27,2026-05-05,24,180.6,11.8,-16,156.2,150.8,NA
2026-05-28,2026-05-05,23,180.6,-208.2,12,156.2,417.7,NA
2026-05-29,2026-05-05,22,180.6,-208.2,-201.6,156.2,417.7,NA
2026-05-30,2026-05-05,21,180.6,-208.2,-201.6,156.2,-159.7,NA
2026-05-31,2026-05-05,20,180.6,179.4,180,177.1,174.4,NA
2026-06-01,2026-05-05,19,180.6,179.4,180,107.1,104.4,NA
2026-06-02,2026-05-05,18,180.6,179.4,180,177.1,163.7,NA
2026-06-03,2026-05-05,17,180.5,179.4,180,177.1,174.3,NA
2026-06-04,2026-05-05,16,110.5,179.4,180,177.1,174.4,NA
2026-06-05,2026-05-05,15,176.1,173.8,175.1,177.1,174.4,NA
2026-06-06,2026-05-05,14,180.6,179.5,180,177.1,174.4,NA
2026-06-07,2026-05-05,13,180.6,17.7,18,180.7,174.3,NA
2026-06-08,2026-05-05,12,180.6,17.4,18,180.7,174.3,NA
2026-06-09,2026-05-05,11,180.6,17.7,180,180.7,174.3,NA
2026-06-10,2026-05-05,10,180.6,17.4,180,180.7,174.3,NA
2026-06-11,2026-05-05,9,180.6,17.4,180,180.7,174.3,NA
2026-06-12,2026-05-05,8,180.6,179.5,180,180.7,174.3,NA
2026-06-13,2026-05-05,7,180.6,179.5,180,180.7,174.3,NA
2026-06-14,2026-05-05,6,180.6,179.5,180,180.7,174.3,NA
2026-06-15,2026-05-05,5,180.6,179.5,180,177.1,174.3,NA
2026-06-16,2026-05-05,4,180.6,179.4,180,180.7,174.3,NA
2026-06-17,2026-05-05,3,180.6,179.4,180,180.7,174.4,NA
2026-06-18,2026-05-05,2,180.6,179.4,180,180.7,174.4,NA
2026-06-19,2026-05-05,1,180.5,179.5,180,180.7,174.3,NA
2026-05-07,2026-05-06,45,198,198.4,199.9,190.2,189.3,NA
2026-05-08,2026-05-06,44,201.5,203.2,203.2,195,194.7,NA
2026-05-09,2026-05-06,43,204,206.3,206.2,198.1,196.4,NA
2026-05-10,2026-05-06,42,205.8,207.3,208,199.6,197.6,NA
2026-05-11,2026-05-06,41,208,208.9,210.7,202.9,201.9,NA
2026-05-12,2026-05-06,40,211.8,211.8,214.5,209.2,207.4,NA
2026-05-13,2026-05-06,39,215,215.3,217.7,215.9,214,NA
2026-05-14,2026-05-06,38,180.6,179.5,180.1,177.1,174.4,NA
2026-05-15,2026-05-06,37,180.6,179.5,180.1,177.1,174.4,NA
2026-05-16,2026-05-06,36,180.6,179.5,180.1,177.1,174.4,NA
2026-05-17,2026-05-06,35,151.2,148.8,150.2,177.2,139,NA
2026-05-18,2026-05-06,34,180.6,179.5,180.1,177.2,174.4,NA
2026-05-19,2026-05-06,33,199.6,180.3,180,178.1,186.3,NA
2026-05-20,2026-05-06,32,199.6,179.5,180,177.2,174.4,NA
2026-05-21,2026-05-06,31,199.6,179.5,180,177.2,174.4,NA
2026-05-22,2026-05-06,30,199.6,179.5,180,177.2,174.4,NA
2026-05-23,2026-05-06,29,199.6,180.3,180,178.1,186.3,NA
2026-05-24,2026-05-06,28,205,180.3,180,178.1,186.3,NA
2026-05-25,2026-05-06,27,-192.6,-15.6,-16,178.1,186.3,NA
2026-05-26,2026-05-06,26,-192.6,12.1,12,178.1,174.7,NA
2026-05-27,2026-05-06,25,181,12.1,-16,158.3,174.7,NA
2026-05-28,2026-05-06,24,181,-199.7,12,158.3,287.9,NA
2026-05-29,2026-05-06,23,181,-199.7,-201.6,158.3,287.9,NA
2026-05-30,2026-05-06,22,181,-199.7,-201.6,158.3,47,NA
2026-05-31,2026-05-06,21,181,180.2,180,178.1,186.3,NA
2026-06-01,2026-05-06,20,181,180.2,180.1,108.1,116.4,NA
2026-06-02,2026-05-06,19,181,180.2,180.1,178.1,187.8,NA
2026-06-03,2026-05-06,18,181,180.2,180.1,178.1,186.4,NA
2026-06-04,2026-05-06,17,111,180.2,180.1,178.1,186.4,NA
2026-06-05,2026-05-06,16,177,175.5,175.1,178.1,186.4,NA
2026-06-06,2026-05-06,15,181,180.2,180,178.1,186.4,NA
2026-06-07,2026-05-06,14,181,18.1,18,182.2,186.4,NA
2026-06-08,2026-05-06,13,181,18.2,18,182.2,186.4,NA
2026-06-09,2026-05-06,12,181,18.1,180,182.2,186.4,NA
2026-06-10,2026-05-06,11,181,18.2,180,182.2,186.4,NA
2026-06-11,2026-05-06,10,181,18.2,180,182.2,186.4,NA
2026-06-12,2026-05-06,9,181,180.2,180,182.2,186.4,NA
2026-06-13,2026-05-06,8,181,180.2,180,182.2,186.4,NA
2026-06-14,2026-05-06,7,181,180.2,180,182.2,186.4,NA
2026-06-15,2026-05-06,6,181,180.2,180,178.1,186.4,NA
2026-06-16,2026-05-06,5,181,180.2,180,182.2,186.4,NA
2026-06-17,2026-05-06,4,181,180.2,180,182.2,186.4,NA
2026-06-18,2026-05-06,3,181,180.2,180,182.2,186.3,NA
2026-06-19,2026-05-06,2,181,180.2,180,182.2,186.4,NA
2026-06-20,2026-05-06,1,181.1,180.3,180.1,182.3,186.4,NA
2026-05-08,2026-05-07,45,198,198.4,199.9,190.2,189.3,NA
2026-05-09,2026-05-07,44,201.5,203.2,203.2,195,194.7,NA
2026-05-10,2026-05-07,43,204,206.3,206.2,198.1,196.4,NA
2026-05-11,2026-05-07,42,205.8,207.3,208,199.6,197.6,NA
2026-05-12,2026-05-07,41,208,208.9,210.7,202.9,201.9,NA
2026-05-13,2026-05-07,40,211.8,211.8,214.5,209.2,207.4,NA
2026-05-14,2026-05-07,39,181.1,180.3,180.1,178.2,186.4,NA
2026-05-15,2026-05-07,38,181.1,180.3,180.1,178.2,186.4,NA
2026-05-16,2026-05-07,37,181.1,180.2,180.1,178.2,186.4,NA
2026-05-17,2026-05-07,36,152.1,150.6,150.2,178.2,162.7,NA
2026-05-18,2026-05-07,35,181,180.3,180.1,178.2,186.3,NA
2026-05-19,2026-05-07,34,199.7,181.8,181,179.5,183.8,NA
2026-05-20,2026-05-07,33,199.6,180.3,180,178.1,186.3,NA
2026-05-21,2026-05-07,32,199.6,180.3,180,178.1,186.3,NA
2026-05-22,2026-05-07,31,199.6,180.3,180,178.1,186.3,NA
2026-05-23,2026-05-07,30,199.7,181.8,181,179.5,183.8,NA
2026-05-24,2026-05-07,29,205,181.8,181,179.5,183.8,NA
2026-05-25,2026-05-07,28,-178.3,-12.9,-14.2,179.5,183.8,NA
2026-05-26,2026-05-07,27,-178.3,12.7,12.4,179.5,169.7,NA
2026-05-27,2026-05-07,26,181.9,12.7,-14.2,161,169.7,NA
2026-05-28,2026-05-07,25,181.9,-184.1,12.4,161,315.9,NA
2026-05-29,2026-05-07,24,181.9,-184.1,-191.2,161,315.9,NA
2026-05-30,2026-05-07,23,181.9,-184.1,-191.2,161,2.5,NA
2026-05-31,2026-05-07,22,181.9,181.7,181,179.5,183.8,NA
2026-06-01,2026-05-07,21,181.9,181.7,181,109.5,113.8,NA
2026-06-02,2026-05-07,20,181.9,181.7,181,179.5,182.6,NA
2026-06-03,2026-05-07,19,181.9,181.7,181,179.5,183.8,NA
2026-06-04,2026-05-07,18,111.9,181.7,181,179.5,183.8,NA
2026-06-05,2026-05-07,17,178.8,178.4,177,179.5,183.8,NA
2026-06-06,2026-05-07,16,181.9,181.7,181,179.5,183.8,NA
2026-06-07,2026-05-07,15,181.9,18.9,18.5,184.3,183.8,NA
2026-06-08,2026-05-07,14,181.9,19.7,18.5,184.3,183.8,NA
2026-06-09,2026-05-07,13,181.9,18.9,181,184.3,183.8,NA
2026-06-10,2026-05-07,12,181.9,19.7,181,184.3,183.8,NA
2026-06-11,2026-05-07,11,181.9,19.7,181,184.3,183.8,NA
2026-06-12,2026-05-07,10,181.9,181.7,181,184.3,183.8,NA
2026-06-13,2026-05-07,9,181.9,181.7,181,184.3,183.8,NA
2026-06-14,2026-05-07,8,181.9,181.7,181,184.3,183.8,NA
2026-06-15,2026-05-07,7,181.9,181.7,181,179.5,183.8,NA
2026-06-16,2026-05-07,6,181.9,181.7,181,184.3,183.8,NA
2026-06-17,2026-05-07,5,181.9,181.7,181,184.3,183.8,NA
2026-06-18,2026-05-07,4,181.9,181.7,181,184.3,183.8,NA
2026-06-19,2026-05-07,3,181.9,181.7,181,184.3,183.8,NA
2026-06-20,2026-05-07,2,181.9,181.7,181,184.3,183.8,NA
2026-06-21,2026-05-07,1,182,181.7,181,79.5,183.8,NA
2026-05-09,2026-05-08,45,198,198.4,199.9,190.2,189.3,NA
2026-05-10,2026-05-08,44,201.5,203.2,203.2,195,194.7,NA
2026-05-11,2026-05-08,43,204,206.3,206.2,198.1,196.4,NA
2026-05-12,2026-05-08,42,205.8,207.3,208,199.6,197.6,NA
2026-05-13,2026-05-08,41,208,208.9,210.7,202.9,201.9,NA
2026-05-14,2026-05-08,40,182,181.8,181.1,179.6,183.8,NA
2026-05-15,2026-05-08,39,182,181.8,181.1,179.6,183.8,NA
2026-05-16,2026-05-08,38,182,181.7,181.1,179.6,183.8,NA
2026-05-17,2026-05-08,37,153.9,153.5,152.1,179.6,157.6,NA
2026-05-18,2026-05-08,36,182,181.8,181,179.6,183.8,NA
2026-05-19,2026-05-08,35,199.8,182.4,181.5,180,181.2,NA
2026-05-20,2026-05-08,34,199.7,181.8,181,179.5,183.8,NA
2026-05-21,2026-05-08,33,199.7,181.8,181,179.5,183.8,NA
2026-05-22,2026-05-08,32,199.7,181.8,181,179.5,183.8,NA
2026-05-23,2026-05-08,31,199.8,182.4,181.5,180,181.2,NA
2026-05-24,2026-05-08,30,205,182.4,181.5,180,181.2,NA
2026-05-25,2026-05-08,29,-160.9,-11.6,-13.3,180,181.2,NA
2026-05-26,2026-05-08,28,-160.9,13,12.6,180,164.3,NA
2026-05-27,2026-05-08,27,182.9,13,-13.3,162,164.3,NA
2026-05-28,2026-05-08,26,182.9,-176.3,12.6,162,344.5,NA
2026-05-29,2026-05-08,25,182.9,-176.3,-186,162,344.5,NA
2026-05-30,2026-05-08,24,182.9,-176.3,-186,162,-43.1,NA
2026-05-31,2026-05-08,23,182.9,182.5,181.5,180,181.1,NA
2026-06-01,2026-05-08,22,182.9,182.4,181.5,110,111.1,NA
2026-06-02,2026-05-08,21,182.9,182.4,181.5,180,177.3,NA
2026-06-03,2026-05-08,20,182.9,182.4,181.5,180,181.1,NA
2026-06-04,2026-05-08,19,112.9,182.4,181.5,180,181.1,NA
2026-06-05,2026-05-08,18,180.8,179.8,178,180,181.1,NA
2026-06-06,2026-05-08,17,182.9,182.4,181.5,180,181.1,NA
2026-06-07,2026-05-08,16,182.9,19.2,18.8,185,181.1,NA
2026-06-08,2026-05-08,15,182.9,20.4,18.8,185,181.1,NA
2026-06-09,2026-05-08,14,182.9,19.2,181.5,185,181.1,NA
2026-06-10,2026-05-08,13,182.9,20.4,181.5,185,181.1,NA
2026-06-11,2026-05-08,12,182.9,20.4,181.5,185,181.1,NA
2026-06-12,2026-05-08,11,182.9,182.4,181.5,185,181.1,NA
2026-06-13,2026-05-08,10,182.9,182.4,181.5,185,181.1,NA
2026-06-14,2026-05-08,9,182.9,182.4,181.5,185,181.1,NA
2026-06-15,2026-05-08,8,182.9,182.4,181.5,180,181.1,NA
2026-06-16,2026-05-08,7,182.9,182.4,181.5,185,181.1,NA
2026-06-17,2026-05-08,6,182.9,182.4,181.5,185,181.1,NA
2026-06-18,2026-05-08,5,182.9,182.4,181.5,185,181.1,NA
2026-06-19,2026-05-08,4,182.9,182.4,181.5,185,181.1,NA
2026-06-20,2026-05-08,3,182.9,182.4,181.5,185,181.1,NA
2026-06-21,2026-05-08,2,182.9,182.4,181.5,80,181.1,NA
2026-06-22,2026-05-08,1,183,182.5,181.6,80,181.1,NA
2026-05-10,2026-05-09,45,198,198.4,199.9,190.2,189.3,NA
2026-05-11,2026-05-09,44,201.5,203.2,203.2,195,194.7,NA
2026-05-12,2026-05-09,43,204,206.3,206.2,198.1,196.4,NA
2026-05-13,2026-05-09,42,205.8,207.3,208,199.6,197.6,NA
2026-05-14,2026-05-09,41,182.9,182.5,181.6,180,181.2,NA
2026-05-15,2026-05-09,40,182.9,182.5,181.6,180,181.2,NA
2026-05-16,2026-05-09,39,182.9,182.5,181.6,180,181.2,NA
2026-05-17,2026-05-09,38,155.9,155,153,180.1,152.4,NA
2026-05-18,2026-05-09,37,182.9,182.5,181.5,180.1,181.1,NA
2026-05-19,2026-05-09,36,199.9,183.6,182.4,180.4,180.4,NA
2026-05-20,2026-05-09,35,199.8,182.4,181.5,180,181.2,NA
2026-05-21,2026-05-09,34,199.8,182.4,181.5,180,181.2,NA
2026-05-22,2026-05-09,33,199.8,182.4,181.5,180,181.2,NA
2026-05-23,2026-05-09,32,199.9,183.6,182.4,180.4,180.4,NA
2026-05-24,2026-05-09,31,205,183.6,182.4,180.4,180.4,NA
2026-05-25,2026-05-09,30,-145,-9.5,-11.6,180.4,180.4,NA
2026-05-26,2026-05-09,29,-144.5,13.5,13,180.4,162.7,NA
2026-05-27,2026-05-09,28,183.9,13.5,-11.6,162.8,162.7,NA
2026-05-28,2026-05-09,27,183.9,-163.9,13,162.8,353.2,NA
2026-05-29,2026-05-09,26,183.9,-163.9,-176.3,162.8,353.2,NA
2026-05-30,2026-05-09,25,183.9,-163.9,-176.3,162.8,-56.9,NA
2026-05-31,2026-05-09,24,183.9,183.6,182.5,180.4,180.3,NA
2026-06-01,2026-05-09,23,183.9,183.6,182.5,110.4,110.3,NA
2026-06-02,2026-05-09,22,183.9,183.6,182.4,180.4,175.6,NA
2026-06-03,2026-05-09,21,183.9,183.6,182.4,180.4,180.3,NA
2026-06-04,2026-05-09,20,113.9,183.6,182.4,180.4,180.3,NA
2026-06-05,2026-05-09,19,182.9,182.2,179.7,180.4,180.3,NA
2026-06-06,2026-05-09,18,183.9,183.6,182.4,180.4,180.3,NA
2026-06-07,2026-05-09,17,183.9,19.8,19.2,185.6,180.3,NA
2026-06-08,2026-05-09,16,183.9,21.6,19.2,185.6,180.3,NA
2026-06-09,2026-05-09,15,183.9,19.8,182.4,185.6,180.3,NA
2026-06-10,2026-05-09,14,183.9,21.6,182.4,185.6,180.3,NA
2026-06-11,2026-05-09,13,183.9,21.6,182.4,185.6,180.3,NA
2026-06-12,2026-05-09,12,183.9,183.6,182.4,185.6,180.3,NA
2026-06-13,2026-05-09,11,183.9,183.6,182.4,185.6,180.3,NA
2026-06-14,2026-05-09,10,183.9,183.6,182.4,185.6,180.3,NA
2026-06-15,2026-05-09,9,183.9,183.6,182.4,180.4,180.3,NA
2026-06-16,2026-05-09,8,183.9,183.6,182.4,185.6,180.3,NA
2026-06-17,2026-05-09,7,183.9,183.6,182.4,185.6,180.3,NA
2026-06-18,2026-05-09,6,183.9,183.6,182.4,185.6,180.3,NA
2026-06-19,2026-05-09,5,183.9,183.6,182.4,185.6,180.3,NA
2026-06-20,2026-05-09,4,183.9,183.6,182.4,185.6,180.3,NA
2026-06-21,2026-05-09,3,183.9,183.6,182.4,80.4,180.3,NA
2026-06-22,2026-05-09,2,183.9,183.6,182.4,80.4,180.3,NA
2026-06-23,2026-05-09,1,183.9,183.6,182.4,80.4,180.3,NA
2026-05-11,2026-05-10,45,198,198.4,199.9,190.2,189.3,NA
2026-05-12,2026-05-10,44,201.5,203.2,203.2,195,194.7,NA
2026-05-13,2026-05-10,43,204,206.3,206.2,198.1,196.4,NA
2026-05-14,2026-05-10,42,183.9,183.7,182.5,180.4,180.4,NA
2026-05-15,2026-05-10,41,183.9,183.7,182.5,180.4,180.4,NA
2026-05-16,2026-05-10,40,183.9,183.7,182.5,180.4,180.4,NA
2026-05-17,2026-05-10,39,157.8,157.4,155,180.4,150.6,NA
2026-05-18,2026-05-10,38,183.9,183.6,182.5,180.5,180.4,NA
2026-05-19,2026-05-10,37,199.9,183.9,182.6,180,180,NA
2026-05-20,2026-05-10,36,199.9,183.6,182.4,180.4,180.4,NA
2026-05-21,2026-05-10,35,199.9,183.6,182.4,180.4,180.4,NA
2026-05-22,2026-05-10,34,199.9,183.6,182.4,180.4,180.4,NA
2026-05-23,2026-05-10,33,199.9,183.9,182.6,180,180,NA
2026-05-24,2026-05-10,32,205,183.9,182.6,180,180,NA
2026-05-25,2026-05-10,31,-141.4,-9.1,-11.4,180,180,NA
2026-05-26,2026-05-10,30,-141.4,13.5,13,180,161.9,NA
2026-05-27,2026-05-10,29,184.1,13.5,-11.4,162,161.9,NA
2026-05-28,2026-05-10,28,184.1,-161.3,13,162,357.1,NA
2026-05-29,2026-05-10,27,184.1,-161.3,-175.6,162,357.1,NA
2026-05-30,2026-05-10,26,184.1,-161.3,-175.6,162,-63.2,NA
2026-05-31,2026-05-10,25,184.2,183.9,182.5,180,180,NA
2026-06-01,2026-05-10,24,184.1,183.9,182.5,110,110,NA
2026-06-02,2026-05-10,23,184.1,183.9,182.5,180,175.1,NA
2026-06-03,2026-05-10,22,184.1,183.9,182.5,180,180,NA
2026-06-04,2026-05-10,21,114.1,183.9,182.5,180,180,NA
2026-06-05,2026-05-10,20,183.3,182.8,180.1,180,180,NA
2026-06-06,2026-05-10,19,184.1,183.9,182.5,180,180,NA
2026-06-07,2026-05-10,18,184.1,19.9,19.3,185,180,NA
2026-06-08,2026-05-10,17,184.1,21.9,19.3,185,180,NA
2026-06-09,2026-05-10,16,184.1,19.9,182.5,185,180,NA
2026-06-10,2026-05-10,15,184.1,21.9,182.5,185,180,NA
2026-06-11,2026-05-10,14,184.1,21.9,182.5,185,180,NA
2026-06-12,2026-05-10,13,184.1,183.9,182.5,185,180,NA
2026-06-13,2026-05-10,12,184.1,183.9,182.5,185,180,NA
2026-06-14,2026-05-10,11,184.1,183.9,182.5,185,180,NA
2026-06-15,2026-05-10,10,184.1,183.9,182.5,180,180,NA
2026-06-16,2026-05-10,9,184.1,183.9,182.5,185,180,NA
2026-06-17,2026-05-10,8,184.1,183.9,182.5,185,180,NA
2026-06-18,2026-05-10,7,184.1,183.9,182.5,185,180,NA
2026-06-19,2026-05-10,6,184.1,183.9,182.5,185,180,NA
2026-06-20,2026-05-10,5,184.2,183.9,182.5,185,180,NA
2026-06-21,2026-05-10,4,184.2,183.9,182.5,80,180,NA
2026-06-22,2026-05-10,3,184.2,183.9,182.5,80,180,NA
2026-06-23,2026-05-10,2,184.2,183.9,182.5,80,180,NA
2026-06-24,2026-05-10,1,184.2,183.9,182.5,180,180,NA
2026-05-12,2026-05-11,45,198,198.4,199.9,190.2,189.3,NA
2026-05-13,2026-05-11,44,201.5,203.2,203.2,195,194.7,NA
2026-05-14,2026-05-11,43,184.2,184,182.6,180,180.1,NA
2026-05-15,2026-05-11,42,184.2,183.8,182.6,180,180.1,NA
2026-05-16,2026-05-11,41,184.2,183.8,182.6,180,180.1,NA
2026-05-17,2026-05-11,40,158.3,157.7,155.2,180.1,149.9,NA
2026-05-18,2026-05-11,39,184.2,183.8,182.6,180.1,180,NA
2026-05-19,2026-05-11,38,199.9,182.7,183.2,178.9,178.3,NA
2026-05-20,2026-05-11,37,199.9,183.9,182.6,180,180,NA
2026-05-21,2026-05-11,36,199.9,183.9,182.6,180,180,NA
2026-05-22,2026-05-11,35,199.9,183.9,182.6,180,180,NA
2026-05-23,2026-05-11,34,199.9,182.8,183.2,178.9,178.3,NA
2026-05-24,2026-05-11,33,205,182.8,183.2,178.9,178.3,NA
2026-05-25,2026-05-11,32,-141.4,-10.9,-10.3,178.9,178.3,NA
2026-05-26,2026-05-11,31,-141.4,13.1,13.3,178.9,158.7,NA
2026-05-27,2026-05-11,30,184.1,13.1,-10.3,159.7,158.7,NA
2026-05-28,2026-05-11,29,184.1,-173,13.3,159.7,375.1,NA
2026-05-29,2026-05-11,28,184.1,-173,-169.1,159.7,375.1,NA
2026-05-30,2026-05-11,27,184.1,-173,-169.1,159.7,-91.9,NA
2026-05-31,2026-05-11,26,184.2,182.8,183.1,178.8,178.3,NA
2026-06-01,2026-05-11,25,184.1,182.8,183.1,108.8,108.3,NA
2026-06-02,2026-05-11,24,184.1,182.8,183.1,178.8,171.6,NA
2026-06-03,2026-05-11,23,184.1,182.8,183.1,178.8,178.3,NA
2026-06-04,2026-05-11,22,114.1,182.8,183.1,178.8,178.3,NA
2026-06-05,2026-05-11,21,183.3,180.6,181.2,178.8,178.3,NA
2026-06-06,2026-05-11,20,184.1,182.7,183.1,178.8,178.3,NA
2026-06-07,2026-05-11,19,184.1,19.4,19.6,183.3,178.3,NA
2026-06-08,2026-05-11,18,184.1,20.7,19.6,183.3,178.3,NA
2026-06-09,2026-05-11,17,184.1,19.4,183.1,183.3,178.3,NA
2026-06-10,2026-05-11,16,184.1,20.7,183.1,183.3,178.3,NA
2026-06-11,2026-05-11,15,184.1,20.7,183.1,183.3,178.3,NA
2026-06-12,2026-05-11,14,184.1,182.7,183.1,183.3,178.3,NA
2026-06-13,2026-05-11,13,184.1,182.7,183.1,183.3,178.3,NA
2026-06-14,2026-05-11,12,184.1,182.7,183.1,183.3,178.3,NA
2026-06-15,2026-05-11,11,184.1,182.7,183.1,178.8,178.3,NA
2026-06-16,2026-05-11,10,184.1,182.8,183.1,183.3,178.3,NA
2026-06-17,2026-05-11,9,184.1,182.8,183.1,183.3,178.3,NA
2026-06-18,2026-05-11,8,184.1,182.8,183.1,183.3,178.3,NA
2026-06-19,2026-05-11,7,184.1,182.8,183.1,183.3,178.3,NA
2026-06-20,2026-05-11,6,184.2,182.8,183.1,183.3,178.3,NA
2026-06-21,2026-05-11,5,184.2,182.8,183.1,78.8,178.3,NA
2026-06-22,2026-05-11,4,184.2,182.8,183.1,78.8,178.3,NA
2026-06-23,2026-05-11,3,184.2,182.8,183.1,78.8,178.3,NA
2026-06-24,2026-05-11,2,184.2,182.8,183.1,178.8,178.3,NA
2026-06-25,2026-05-11,1,184.2,182.7,183.1,178.8,178.3,NA
2026-05-13,2026-05-12,45,198,198.4,199.9,190.2,189.3,NA
2026-05-14,2026-05-12,44,184.2,182.7,183.2,178.9,178.4,NA
2026-05-15,2026-05-12,43,184.2,182.7,183.2,178.9,178.4,NA
2026-05-16,2026-05-12,42,184.2,182.8,183.2,178.9,178.4,NA
2026-05-17,2026-05-12,41,158.3,155.4,156.3,178.8,146.7,NA
2026-05-18,2026-05-12,40,184.2,182.8,183.1,178.8,178.3,NA
2026-05-19,2026-05-12,39,199.9,182.7,183.9,177.6,174.1,NA
2026-05-20,2026-05-12,38,199.9,182.7,183.2,178.9,178.3,NA
2026-05-21,2026-05-12,37,199.9,182.8,183.2,178.9,178.3,NA
2026-05-22,2026-05-12,36,199.9,182.8,183.2,178.9,178.3,NA
2026-05-23,2026-05-12,35,199.9,182.7,183.9,177.6,174.1,NA
2026-05-24,2026-05-12,34,205,182.7,183.9,177.6,174.1,NA
2026-05-25,2026-05-12,33,-138.4,-11.1,-9.1,177.6,174.1,NA
2026-05-26,2026-05-12,32,-138.4,13.1,13.6,177.6,150.2,NA
2026-05-27,2026-05-12,31,184.3,13.1,-9,157.1,150.2,NA
2026-05-28,2026-05-12,30,184.3,-173,13.5,157.1,421.1,NA
2026-05-29,2026-05-12,29,184.3,-173,-161.3,157.1,421.1,NA
2026-05-30,2026-05-12,28,184.3,-173,-161.3,157.1,-165,NA
2026-05-31,2026-05-12,27,184.3,182.8,183.9,177.5,174.1,NA
2026-06-01,2026-05-12,26,184.3,182.8,183.9,107.5,104.1,NA
2026-06-02,2026-05-12,25,184.3,182.8,183.9,177.5,163.1,NA
2026-06-03,2026-05-12,24,184.3,182.8,183.9,177.5,174.1,NA
2026-06-04,2026-05-12,23,114.3,182.8,183.9,177.5,174,NA
2026-06-05,2026-05-12,22,183.6,180.6,182.8,177.5,174,NA
2026-06-06,2026-05-12,21,184.3,182.8,183.9,177.5,174,NA
2026-06-07,2026-05-12,20,184.3,19.4,19.9,181.3,174,NA
2026-06-08,2026-05-12,19,184.3,20.8,19.9,181.3,174.1,NA
2026-06-09,2026-05-12,18,184.3,19.4,183.9,181.3,174.1,NA
2026-06-10,2026-05-12,17,184.3,20.8,183.9,181.3,174.1,NA
2026-06-11,2026-05-12,16,184.3,20.8,183.9,181.3,174.1,NA
2026-06-12,2026-05-12,15,184.3,182.8,183.9,181.3,174.1,NA
2026-06-13,2026-05-12,14,184.3,182.8,183.9,181.3,174.1,NA
2026-06-14,2026-05-12,13,184.3,182.8,183.9,181.3,174.1,NA
2026-06-15,2026-05-12,12,184.3,182.8,183.9,177.5,174.1,NA
2026-06-16,2026-05-12,11,184.3,182.8,183.9,181.3,174.1,NA
2026-06-17,2026-05-12,10,184.3,182.8,183.9,181.3,174.1,NA
2026-06-18,2026-05-12,9,184.3,182.8,183.9,181.3,174.1,NA
2026-06-19,2026-05-12,8,184.3,182.8,183.9,181.3,174.1,NA
2026-06-20,2026-05-12,7,184.3,182.8,183.9,181.3,174.1,NA
2026-06-21,2026-05-12,6,184.3,182.8,183.9,77.5,174.1,NA
2026-06-22,2026-05-12,5,184.3,182.8,183.9,77.5,174.1,NA
2026-06-23,2026-05-12,4,184.3,182.8,183.9,77.5,174.1,NA
2026-06-24,2026-05-12,3,184.3,182.8,183.9,177.5,174.1,NA
2026-06-25,2026-05-12,2,184.3,182.8,183.9,177.5,174.1,NA
2026-06-26,2026-05-12,1,184.3,182.8,183.9,177.5,174,NA
2026-05-14,2026-05-13,45,184.3,182.9,183.9,177.5,174.2,NA
2026-05-15,2026-05-13,44,184.3,182.8,183.9,177.5,174.2,NA
2026-05-16,2026-05-13,43,184.3,182.8,183.9,177.5,174.2,NA
2026-05-17,2026-05-13,42,158.7,155.4,157.8,177.6,138.3,NA
2026-05-18,2026-05-13,41,184.4,182.8,183.9,177.6,174.1,NA
2026-05-19,2026-05-13,40,200,181.4,183.7,176,184,NA
2026-05-20,2026-05-13,39,199.9,182.7,183.9,177.6,174.1,NA
2026-05-21,2026-05-13,38,199.9,182.7,183.9,177.6,174.1,NA
2026-05-22,2026-05-13,37,199.9,182.7,183.9,177.6,174.1,NA
2026-05-23,2026-05-13,36,200,181.4,183.8,176,184,NA
2026-05-24,2026-05-13,35,205,181.4,183.8,176,184.1,NA
2026-05-25,2026-05-13,34,-131.2,-13.4,-9.2,176,184,NA
2026-05-26,2026-05-13,33,-131.2,12.6,13.5,176,170.1,NA
2026-05-27,2026-05-13,32,184.7,12.6,-9.2,154.1,170.1,NA
2026-05-28,2026-05-13,31,184.7,-187.3,13.5,154.1,313.2,NA
2026-05-29,2026-05-13,30,184.7,-187.3,-162.3,154.1,313.2,NA
2026-05-30,2026-05-13,29,184.7,-187.3,-162,154.1,6.7,NA
2026-05-31,2026-05-13,28,184.8,181.4,183.8,176,184.1,NA
2026-06-01,2026-05-13,27,184.7,181.4,183.8,106,114.1,NA
2026-06-02,2026-05-13,26,184.7,181.4,183.8,176,183.2,NA
2026-06-03,2026-05-13,25,184.7,181.4,183.8,176,184.1,NA
2026-06-04,2026-05-13,24,114.7,181.4,183.8,176,184.1,NA
2026-06-05,2026-05-13,23,184.4,177.8,182.5,176,184.1,NA
2026-06-06,2026-05-13,22,184.7,181.4,183.8,176,184.1,NA
2026-06-07,2026-05-13,21,184.7,18.7,19.9,179,184.1,NA
2026-06-08,2026-05-13,20,184.7,19.4,19.9,179,184.1,NA
2026-06-09,2026-05-13,19,184.7,18.7,183.8,179,184.1,NA
2026-06-10,2026-05-13,18,184.7,19.4,183.8,179,184.1,NA
2026-06-11,2026-05-13,17,184.7,19.4,183.8,179,184.1,NA
2026-06-12,2026-05-13,16,184.7,181.4,183.8,179,184.1,NA
2026-06-13,2026-05-13,15,184.7,181.4,183.8,179,184.1,NA
2026-06-14,2026-05-13,14,184.7,181.4,183.8,179,184.1,NA
2026-06-15,2026-05-13,13,184.7,181.4,183.8,176,184.1,NA
2026-06-16,2026-05-13,12,184.7,181.4,183.8,179,184.1,NA
2026-06-17,2026-05-13,11,184.7,181.4,183.8,179,184.1,NA
2026-06-18,2026-05-13,10,184.7,181.4,183.8,179,184.1,NA
2026-06-19,2026-05-13,9,184.7,181.4,183.8,179,184.1,NA
2026-06-20,2026-05-13,8,184.8,181.4,183.8,179,184.1,NA
2026-06-21,2026-05-13,7,184.8,181.4,183.8,76,184.1,NA
2026-06-22,2026-05-13,6,184.8,181.4,183.8,76,184.1,NA
2026-06-23,2026-05-13,5,184.8,181.4,183.8,76,184.1,NA
2026-06-24,2026-05-13,4,184.8,181.4,183.8,176,184.1,NA
2026-06-25,2026-05-13,3,184.8,181.4,183.8,176,184.1,NA
2026-06-26,2026-05-13,2,184.8,181.4,183.8,176,184.1,NA
2026-06-27,2026-05-13,1,184.8,181.4,183.8,176,184.1,NA
2026-05-15,2026-05-14,45,184.8,181.5,183.8,176,184.1,NA
2026-05-16,2026-05-14,44,184.8,181.5,183.8,176,183.9,NA
2026-05-17,2026-05-14,43,159.6,153,157.6,176,158.1,NA
2026-05-18,2026-05-14,42,184.8,181.4,183.7,176,184.1,NA
2026-05-19,2026-05-14,41,200.1,180.6,184.8,175.2,179.9,NA
2026-05-20,2026-05-14,40,200,181.4,183.7,176,184,NA
2026-05-21,2026-05-14,39,200,181.4,183.8,176,184,NA
2026-05-22,2026-05-14,38,200,181.4,183.8,176,184.1,NA
2026-05-23,2026-05-14,37,200.1,180.6,184.8,175.2,179.9,NA
2026-05-24,2026-05-14,36,205,180.6,184.8,175.2,179.9,NA
2026-05-25,2026-05-14,35,-105.6,-14.9,-7.4,175.2,179.9,NA
2026-05-26,2026-05-14,34,-105.6,12.2,13.9,175.2,161.7,NA
2026-05-27,2026-05-14,33,186.2,12.2,-7.4,152.3,161.7,NA
2026-05-28,2026-05-14,32,186.2,-195.8,13.9,152.3,359.1,NA
2026-05-29,2026-05-14,31,186.2,-195.8,-152.2,152.3,359.1,NA
2026-05-30,2026-05-14,30,186.2,-195.8,-152.2,152.3,-66.4,NA
2026-05-31,2026-05-14,29,186.3,180.6,184.8,175.2,179.8,NA
2026-06-01,2026-05-14,28,186.3,180.6,184.8,105.1,109.8,NA
2026-06-02,2026-05-14,27,186.3,180.6,184.8,175.1,174.6,NA
2026-06-03,2026-05-14,26,186.3,180.6,184.8,175.1,179.8,NA
2026-06-04,2026-05-14,25,116.3,180.6,184.8,175.1,179.8,NA
2026-06-05,2026-05-14,24,187.5,176.2,184.6,175.1,179.8,NA
2026-06-06,2026-05-14,23,186.3,180.6,184.8,175.1,179.8,NA
2026-06-07,2026-05-14,22,186.3,18.3,20.4,177.7,179.8,NA
2026-06-08,2026-05-14,21,186.3,18.6,20.4,177.7,179.8,NA
2026-06-09,2026-05-14,20,186.3,18.3,184.8,177.7,179.8,NA
2026-06-10,2026-05-14,19,186.3,18.6,184.8,177.7,179.8,NA
2026-06-11,2026-05-14,18,186.3,18.6,184.8,177.7,179.8,NA
2026-06-12,2026-05-14,17,186.3,180.6,184.8,177.7,179.8,NA
2026-06-13,2026-05-14,16,186.3,180.6,184.8,177.7,179.8,NA
2026-06-14,2026-05-14,15,186.3,180.6,184.8,177.7,179.8,NA
2026-06-15,2026-05-14,14,186.3,180.6,184.8,175.1,179.8,NA
2026-06-16,2026-05-14,13,186.3,180.6,184.8,177.7,179.8,NA
2026-06-17,2026-05-14,12,186.3,180.6,184.8,177.7,179.8,NA
2026-06-18,2026-05-14,11,186.3,180.6,184.8,177.7,179.8,NA
2026-06-19,2026-05-14,10,186.3,180.6,184.8,177.7,179.8,NA
2026-06-20,2026-05-14,9,186.3,180.6,184.8,177.7,179.8,NA
2026-06-21,2026-05-14,8,186.3,180.6,184.8,75.1,179.8,NA
2026-06-22,2026-05-14,7,186.3,180.6,184.8,75.1,179.8,NA
2026-06-23,2026-05-14,6,186.3,180.6,184.8,75.1,179.8,NA
2026-06-24,2026-05-14,5,186.3,180.6,184.8,175.1,179.8,NA
2026-06-25,2026-05-14,4,186.3,180.6,184.8,175.1,179.8,NA
2026-06-26,2026-05-14,3,186.3,180.6,184.8,175.1,179.8,NA
2026-06-27,2026-05-14,2,186.2,180.6,184.8,175.1,179.8,NA
2026-06-28,2026-05-14,1,186.3,180.6,184.8,175.1,179.8,NA
2026-05-16,2026-05-15,45,186.3,180.6,184.9,175.2,180,NA
2026-05-17,2026-05-15,44,162.4,151.3,159.8,175.2,149.7,NA
2026-05-18,2026-05-15,43,186.2,180.6,184.8,175.2,179.9,NA
2026-05-19,2026-05-15,42,200.1,179.9,184.7,174.4,177.3,NA
2026-05-20,2026-05-15,41,200.1,180.6,184.8,175.2,179.9,NA
2026-05-21,2026-05-15,40,200.1,180.6,184.8,175.2,179.9,NA
2026-05-22,2026-05-15,39,200.1,180.6,184.8,175.2,179.9,NA
2026-05-23,2026-05-15,38,200.1,179.9,184.7,174.4,177.3,NA
2026-05-24,2026-05-15,37,205,179.9,184.7,174.4,177.3,NA
2026-05-25,2026-05-15,36,-110.7,-16.1,-7.5,174.4,177.3,NA
2026-05-26,2026-05-15,35,-110.7,12,13.9,174.4,156.7,NA
2026-05-27,2026-05-15,34,186,12,-7.5,150.8,156.7,NA
2026-05-28,2026-05-15,33,186,-203.6,13.9,150.8,385.8,NA
2026-05-29,2026-05-15,32,186,-203.6,-152.8,150.8,385.8,NA
2026-05-30,2026-05-15,31,186,-203.6,-152.8,150.8,-108.8,NA
2026-05-31,2026-05-15,30,186,179.9,184.7,174.4,177.3,NA
2026-06-01,2026-05-15,29,186,179.9,184.7,104.4,107.3,NA
2026-06-02,2026-05-15,28,186,179.9,184.7,174.3,169.6,NA
2026-06-03,2026-05-15,27,186,179.9,184.7,174.3,177.3,NA
2026-06-04,2026-05-15,26,116,179.8,184.7,174.3,177.3,NA
2026-06-05,2026-05-15,25,186.9,174.7,184.3,174.4,177.3,NA
2026-06-06,2026-05-15,24,186,179.9,184.7,174.4,177.3,NA
2026-06-07,2026-05-15,23,186,17.9,20.3,176.5,177.3,NA
2026-06-08,2026-05-15,22,186,17.8,20.3,176.5,177.3,NA
2026-06-09,2026-05-15,21,186,17.9,184.7,176.5,177.3,NA
2026-06-10,2026-05-15,20,186,17.8,184.7,176.5,177.3,NA
2026-06-11,2026-05-15,19,186,17.8,184.7,176.5,177.3,NA
2026-06-12,2026-05-15,18,186,179.9,184.7,176.5,177.3,NA
2026-06-13,2026-05-15,17,186,179.9,184.7,176.5,177.3,NA
2026-06-14,2026-05-15,16,186,179.9,184.7,176.5,177.3,NA
2026-06-15,2026-05-15,15,186,179.9,184.7,174.4,177.3,NA
2026-06-16,2026-05-15,14,186,179.8,184.7,176.5,177.3,NA
2026-06-17,2026-05-15,13,186,179.8,184.7,176.5,177.3,NA
2026-06-18,2026-05-15,12,186,179.8,184.7,176.5,177.3,NA
2026-06-19,2026-05-15,11,186,179.8,184.7,176.5,177.3,NA
2026-06-20,2026-05-15,10,186,179.8,184.7,176.5,177.3,NA
2026-06-21,2026-05-15,9,186,179.8,184.7,74.4,177.3,NA
2026-06-22,2026-05-15,8,186,179.8,184.7,74.4,177.3,NA
2026-06-23,2026-05-15,7,186,179.9,184.7,74.4,177.3,NA
2026-06-24,2026-05-15,6,186,179.9,184.7,174.4,177.3,NA
2026-06-25,2026-05-15,5,186,179.9,184.7,174.4,177.3,NA
2026-06-26,2026-05-15,4,186,179.9,184.7,174.4,177.3,NA
2026-06-27,2026-05-15,3,186,179.9,184.7,174.4,177.3,NA
2026-06-28,2026-05-15,2,186,179.9,184.7,174.4,177.3,NA
2026-06-29,2026-05-15,1,186,179.8,184.7,174.3,177.3,NA
2026-05-17,2026-05-16,45,162,149.7,159.4,174.3,144.9,NA
2026-05-18,2026-05-16,44,186,180,184.8,174.4,177.4,NA
2026-05-19,2026-05-16,43,200.4,184.5,187,181.7,176.8,NA
2026-05-20,2026-05-16,42,200.1,179.9,184.7,174.4,177.3,NA
2026-05-21,2026-05-16,41,200.1,179.9,184.7,174.4,177.3,NA
2026-05-22,2026-05-16,40,200.1,179.9,184.7,174.4,177.3,NA
2026-05-23,2026-05-16,39,200.4,184.5,187,181.7,176.8,NA
2026-05-24,2026-05-16,38,205,184.5,187,181.7,176.8,NA
2026-05-25,2026-05-16,37,-68.8,-8,-3.3,181.7,176.8,NA
2026-05-26,2026-05-16,36,-68.8,13.8,14.8,181.7,155.7,NA
2026-05-27,2026-05-16,35,188.5,13.8,-3.3,165.3,155.7,NA
2026-05-28,2026-05-16,34,188.5,-155.4,14.8,165.3,391.1,NA
2026-05-29,2026-05-16,33,188.5,-155.4,-128.1,165.3,391.1,NA
2026-05-30,2026-05-16,32,188.5,-155.4,-128.1,165.3,-117.3,NA
2026-05-31,2026-05-16,31,188.5,184.4,187,181.6,176.8,NA
2026-06-01,2026-05-16,30,188.5,184.4,187,111.6,106.8,NA
2026-06-02,2026-05-16,29,188.5,184.4,187,181.6,168.6,NA
2026-06-03,2026-05-16,28,188.5,184.4,187,181.6,176.8,NA
2026-06-04,2026-05-16,27,118.5,184.4,187,181.6,176.8,NA
2026-06-05,2026-05-16,26,192.1,183.8,189,181.6,176.8,NA
2026-06-06,2026-05-16,25,188.5,184.4,187,181.6,176.8,NA
2026-06-07,2026-05-16,24,188.5,20.2,21.5,187.4,176.8,NA
2026-06-08,2026-05-16,23,188.5,22.4,21.5,187.4,176.8,NA
2026-06-09,2026-05-16,22,188.5,20.2,187,187.4,176.8,NA
2026-06-10,2026-05-16,21,188.5,22.4,187,187.4,176.8,NA
2026-06-11,2026-05-16,20,188.5,22.4,187,187.4,176.8,NA
2026-06-12,2026-05-16,19,188.5,184.4,187,187.4,176.8,NA
2026-06-13,2026-05-16,18,188.5,184.4,187,187.4,176.8,NA
2026-06-14,2026-05-16,17,188.5,184.4,187,187.4,176.8,NA
2026-06-15,2026-05-16,16,188.5,184.4,187,181.6,176.8,NA
2026-06-16,2026-05-16,15,188.5,184.4,187,187.4,176.8,NA
2026-06-17,2026-05-16,14,188.5,184.4,187,187.4,176.8,NA
2026-06-18,2026-05-16,13,188.5,184.4,187,187.4,176.8,NA
2026-06-19,2026-05-16,12,188.5,184.4,187,187.4,176.8,NA
2026-06-20,2026-05-16,11,188.5,184.4,187,187.4,176.8,NA
2026-06-21,2026-05-16,10,188.5,184.4,187,81.6,176.8,NA
2026-06-22,2026-05-16,9,188.5,184.4,187,81.6,176.8,NA
2026-06-23,2026-05-16,8,188.5,184.4,187,81.6,176.8,NA
2026-06-24,2026-05-16,7,188.5,184.4,187,181.6,176.8,NA
2026-06-25,2026-05-16,6,188.5,184.4,187,181.6,176.8,NA
2026-06-26,2026-05-16,5,188.5,184.4,187,181.6,176.8,NA
2026-06-27,2026-05-16,4,188.5,184.4,187,181.6,176.8,NA
2026-06-28,2026-05-16,3,188.5,184.4,187,181.6,176.8,NA
2026-06-29,2026-05-16,2,188.5,184.4,187,181.6,176.8,NA
2026-06-30,2026-05-16,1,188.6,184.5,187.1,181.6,176.8,NA
2026-05-18,2026-05-17,45,188.4,184.4,187,181.5,176.8,NA
2026-05-19,2026-05-17,44,200.6,187.3,188.3,182.3,176.9,NA
2026-05-20,2026-05-17,43,200.4,184.5,187,181.7,176.8,NA
2026-05-21,2026-05-17,42,200.4,184.5,187,181.7,176.8,NA
2026-05-22,2026-05-17,41,200.4,184.5,187,181.7,176.8,NA
2026-05-23,2026-05-17,40,200.6,187.3,188.3,182.3,176.9,NA
2026-05-24,2026-05-17,39,205,187.3,188.3,182.3,176.9,NA
2026-05-25,2026-05-17,38,-34,-2.7,-1,182.3,176.9,NA
2026-05-26,2026-05-17,37,-34,15,15.3,182.3,155.8,NA
2026-05-27,2026-05-17,36,190.6,15,-1,166.8,155.8,NA
2026-05-28,2026-05-17,35,190.6,-124.2,15.3,166.8,390.4,NA
2026-05-29,2026-05-17,34,190.6,-124.2,-113.8,166.8,390.4,NA
2026-05-30,2026-05-17,33,190.6,-124.2,-113.8,166.8,-116.2,NA
2026-05-31,2026-05-17,32,190.6,187.4,188.4,182.4,176.9,NA
2026-06-01,2026-05-17,31,190.6,187.4,188.4,112.4,106.9,NA
2026-06-02,2026-05-17,30,190.6,187.4,188.4,182.4,168.8,NA
2026-06-03,2026-05-17,29,190.7,187.4,188.4,182.4,176.9,NA
2026-06-04,2026-05-17,28,120.6,187.4,188.4,182.4,176.9,NA
2026-06-05,2026-05-17,27,196.3,189.8,191.7,182.4,176.9,NA
2026-06-06,2026-05-17,26,190.6,187.4,188.4,182.4,176.9,NA
2026-06-07,2026-05-17,25,190.6,21.7,22.2,188.6,176.9,NA
2026-06-08,2026-05-17,24,190.6,25.4,22.2,188.6,176.9,NA
2026-06-09,2026-05-17,23,190.6,21.7,188.4,188.6,176.9,NA
2026-06-10,2026-05-17,22,190.6,25.4,188.4,188.6,176.9,NA
2026-06-11,2026-05-17,21,190.6,25.4,188.4,188.6,176.9,NA
2026-06-12,2026-05-17,20,190.6,187.4,188.4,188.6,176.9,NA
2026-06-13,2026-05-17,19,190.6,187.4,188.4,188.6,176.9,NA
2026-06-14,2026-05-17,18,190.6,187.4,188.4,188.6,176.9,NA
2026-06-15,2026-05-17,17,190.6,187.4,188.4,182.4,176.9,NA
2026-06-16,2026-05-17,16,190.6,187.4,188.4,188.6,176.9,NA
2026-06-17,2026-05-17,15,190.6,187.4,188.4,188.6,176.9,NA
2026-06-18,2026-05-17,14,190.6,187.4,188.4,188.6,176.9,NA
2026-06-19,2026-05-17,13,190.6,187.4,188.4,188.6,176.9,NA
2026-06-20,2026-05-17,12,190.6,187.4,188.4,188.6,176.9,NA
2026-06-21,2026-05-17,11,190.6,187.4,188.4,82.4,176.9,NA
2026-06-22,2026-05-17,10,190.6,187.4,188.4,82.4,176.9,NA
2026-06-23,2026-05-17,9,190.6,187.4,188.4,82.4,176.9,NA
2026-06-24,2026-05-17,8,190.6,187.4,188.4,182.4,176.9,NA
2026-06-25,2026-05-17,7,190.6,187.4,188.4,182.4,176.9,NA
2026-06-26,2026-05-17,6,190.6,187.4,188.4,182.4,176.9,NA
2026-06-27,2026-05-17,5,190.6,187.4,188.4,182.4,176.9,NA
2026-06-28,2026-05-17,4,190.6,187.4,188.4,182.4,176.9,NA
2026-06-29,2026-05-17,3,190.6,187.4,188.4,182.4,176.9,NA
2026-06-30,2026-05-17,2,190.6,187.4,188.4,182.4,176.9,NA
2026-07-01,2026-05-17,1,190.7,187.4,188.4,182.4,176.9,NA
2026-05-19,2026-05-18,45,200.4,187.2,188,175.7,176.6,NA
2026-05-20,2026-05-18,44,200.6,187.3,188.3,182.3,176.9,NA
2026-05-21,2026-05-18,43,200.6,187.3,188.3,182.3,176.9,NA
2026-05-22,2026-05-18,42,200.6,187.3,188.3,182.3,176.9,NA
2026-05-23,2026-05-18,41,200.4,187.2,188,175.8,176.5,NA
2026-05-24,2026-05-18,40,205,187.2,188,175.8,176.5,NA
2026-05-25,2026-05-18,39,-55.5,-3.2,-1.6,175.8,176.5,NA
2026-05-26,2026-05-18,38,-55.5,14.8,15.2,175.8,154.9,NA
2026-05-27,2026-05-18,37,189.3,14.8,-1.6,153.4,154.9,NA
2026-05-28,2026-05-18,36,189.3,-126.8,15.2,153.4,394.4,NA
2026-05-29,2026-05-18,35,189.3,-126.8,-117.7,153.4,394.4,NA
2026-05-30,2026-05-18,34,189.3,-126.8,-117.7,153.4,-123.7,NA
2026-05-31,2026-05-18,33,189.3,187.1,188,175.7,176.5,NA
2026-06-01,2026-05-18,32,189.3,187.1,188,105.7,106.5,NA
2026-06-02,2026-05-18,31,189.3,187.1,188,175.7,168.1,NA
2026-06-03,2026-05-18,30,189.3,187.1,188,175.7,176.5,NA
2026-06-04,2026-05-18,29,119.3,187.1,188,175.7,176.5,NA
2026-06-05,2026-05-18,28,193.6,189.3,191,175.7,176.5,NA
2026-06-06,2026-05-18,27,189.3,187.1,188,175.7,176.5,NA
2026-06-07,2026-05-18,26,189.3,21.6,22,178.5,176.5,NA
2026-06-08,2026-05-18,25,189.3,25.1,22,178.5,176.5,NA
2026-06-09,2026-05-18,24,189.3,21.6,188,178.5,176.5,NA
2026-06-10,2026-05-18,23,189.3,25.1,188,178.5,176.5,NA
2026-06-11,2026-05-18,22,189.3,25.1,188,178.5,176.5,NA
2026-06-12,2026-05-18,21,189.3,187.1,188,178.5,176.5,NA
2026-06-13,2026-05-18,20,189.3,187.1,188,178.5,176.5,NA
2026-06-14,2026-05-18,19,189.3,187.1,188,178.5,176.5,NA
2026-06-15,2026-05-18,18,189.3,187.1,188,175.7,176.5,NA
2026-06-16,2026-05-18,17,189.3,187.1,188,178.5,176.5,NA
2026-06-17,2026-05-18,16,189.3,187.1,188,178.5,176.5,NA
2026-06-18,2026-05-18,15,189.3,187.1,188,178.5,176.5,NA
2026-06-19,2026-05-18,14,189.3,187.1,188,178.5,176.5,NA
2026-06-20,2026-05-18,13,189.3,187.1,188,178.5,176.5,NA
2026-06-21,2026-05-18,12,189.3,187.1,188,75.7,176.5,NA
2026-06-22,2026-05-18,11,189.3,187.1,188,75.7,176.5,NA
2026-06-23,2026-05-18,10,189.3,187.1,188,75.7,176.5,NA
2026-06-24,2026-05-18,9,189.3,187.1,188,175.7,176.5,NA
2026-06-25,2026-05-18,8,189.3,187.1,188,175.7,176.5,NA
2026-06-26,2026-05-18,7,189.3,187.1,188,175.7,176.5,NA
2026-06-27,2026-05-18,6,189.3,187.1,188,175.7,176.5,NA
2026-06-28,2026-05-18,5,189.3,187.2,188,175.7,176.5,NA
2026-06-29,2026-05-18,4,189.3,187.2,188,175.7,176.5,NA
2026-06-30,2026-05-18,3,189.3,187.2,188,175.7,176.5,NA
2026-07-01,2026-05-18,2,189.3,187.2,188,175.7,176.4,NA
2026-07-02,2026-05-18,1,189.3,187.2,188,175.6,176.4,NA
2026-05-20,2026-05-19,45,200.4,187.2,188,175.7,176.6,NA
2026-05-21,2026-05-19,44,200.4,187.2,188,175.8,176.5,NA
2026-05-22,2026-05-19,43,200.4,187.2,188,175.8,176.5,NA
2026-05-23,2026-05-19,42,200.3,186.8,187.8,176.4,174.5,NA
2026-05-24,2026-05-19,41,205,186.8,187.8,176.4,174.5,NA
2026-05-25,2026-05-19,40,-78,-3.9,-1.9,176.4,174.5,NA
2026-05-26,2026-05-19,39,-78,14.7,15.1,176.4,151,NA
2026-05-27,2026-05-19,38,188,14.7,-1.9,154.9,151,NA
2026-05-28,2026-05-19,37,188,-131.4,15.1,154.9,416.4,NA
2026-05-29,2026-05-19,36,188,-131.4,-119.7,154.9,416.4,NA
2026-05-30,2026-05-19,35,188,-131.4,-119.7,154.9,-157.6,NA
2026-05-31,2026-05-19,34,188,186.7,187.8,176.4,174.5,NA
2026-06-01,2026-05-19,33,188,186.7,187.8,106.4,104.5,NA
2026-06-02,2026-05-19,32,188,186.7,187.8,176.4,164,NA
2026-06-03,2026-05-19,31,187.9,186.7,187.8,176.4,174.5,NA
2026-06-04,2026-05-19,30,118,186.7,187.8,176.4,174.5,NA
2026-06-05,2026-05-19,29,190.9,188.5,190.7,176.4,174.5,NA
2026-06-06,2026-05-19,28,188,186.7,187.8,176.4,174.5,NA
2026-06-07,2026-05-19,27,188,21.4,21.9,179.6,174.5,NA
2026-06-08,2026-05-19,26,188,24.7,21.9,179.6,174.5,NA
2026-06-09,2026-05-19,25,188,21.4,187.8,179.6,174.5,NA
2026-06-10,2026-05-19,24,188,24.7,187.8,179.6,174.5,NA
2026-06-11,2026-05-19,23,188,24.7,187.8,179.6,174.5,NA
2026-06-12,2026-05-19,22,188,186.7,187.8,179.6,174.5,NA
2026-06-13,2026-05-19,21,188,186.7,187.8,179.6,174.5,NA
2026-06-14,2026-05-19,20,188,186.7,187.8,179.6,174.5,NA
2026-06-15,2026-05-19,19,188,186.7,187.8,176.4,174.5,NA
2026-06-16,2026-05-19,18,188,186.7,187.8,179.6,174.5,NA
2026-06-17,2026-05-19,17,188,186.7,187.8,179.6,174.5,NA
2026-06-18,2026-05-19,16,188,186.7,187.8,179.6,174.5,NA
2026-06-19,2026-05-19,15,188,186.7,187.8,179.6,174.5,NA
2026-06-20,2026-05-19,14,188,186.7,187.8,179.6,174.5,NA
2026-06-21,2026-05-19,13,188,186.7,187.8,76.4,174.5,NA
2026-06-22,2026-05-19,12,188,186.7,187.8,76.4,174.5,NA
2026-06-23,2026-05-19,11,188,186.7,187.8,76.4,174.5,NA
2026-06-24,2026-05-19,10,188,186.7,187.8,176.4,174.5,NA
2026-06-25,2026-05-19,9,188,186.7,187.8,176.4,174.5,NA
2026-06-26,2026-05-19,8,188,186.7,187.8,176.4,174.5,NA
2026-06-27,2026-05-19,7,188,186.7,187.8,176.5,174.5,NA
2026-06-28,2026-05-19,6,188,186.7,187.8,176.5,174.5,NA
2026-06-29,2026-05-19,5,188,186.7,187.8,176.5,174.5,NA
2026-06-30,2026-05-19,4,188,186.7,187.8,176.5,174.5,NA
2026-07-01,2026-05-19,3,188,186.7,187.8,176.5,174.5,NA
2026-07-02,2026-05-19,2,188,186.7,187.8,176.4,174.5,NA
2026-07-03,2026-05-19,1,187.9,186.7,187.8,176.4,174.4,NA
2026-05-21,2026-05-20,45,200.3,186.8,187.8,176.4,174.5,NA
2026-05-22,2026-05-20,44,200.3,186.8,187.8,176.4,174.5,NA
2026-05-23,2026-05-20,43,200.3,186.5,187.7,177.2,187.1,NA
2026-05-24,2026-05-20,42,205,186.5,187.7,177.2,187.2,NA
2026-05-25,2026-05-20,41,-80,-4.3,-2.3,177.2,187.1,NA
2026-05-26,2026-05-20,40,-80,14.6,15,177.2,176.4,NA
2026-05-27,2026-05-20,39,187.8,14.6,-2.3,156.2,176.2,NA
2026-05-28,2026-05-20,38,187.8,-133.3,15,156.2,279.3,NA
2026-05-29,2026-05-20,37,187.8,-133.3,-121.6,156.2,279.9,NA
2026-05-30,2026-05-20,36,187.8,-133.3,-121.6,156.2,59.8,NA
2026-05-31,2026-05-20,35,187.8,186.5,187.6,177.1,187.2,NA
2026-06-01,2026-05-20,34,187.8,186.5,187.6,107.1,117.2,NA
2026-06-02,2026-05-20,33,187.8,186.5,187.6,177.1,189.4,NA
2026-06-03,2026-05-20,32,187.8,186.5,187.6,177.1,187.2,NA
2026-06-04,2026-05-20,31,117.8,186.5,187.6,177.1,187.2,NA
2026-06-05,2026-05-20,30,190.7,188,190.3,177.1,187.2,NA
2026-06-06,2026-05-20,29,187.8,186.5,187.6,177.1,187.2,NA
2026-06-07,2026-05-20,28,187.8,21.3,21.8,180.7,187.2,NA
2026-06-08,2026-05-20,27,187.8,24.5,21.8,180.7,187.2,NA
2026-06-09,2026-05-20,26,187.8,21.3,187.6,180.7,187.2,NA
2026-06-10,2026-05-20,25,187.8,24.5,187.6,180.7,187.2,NA
2026-06-11,2026-05-20,24,187.8,24.5,187.6,180.7,187.2,NA
2026-06-12,2026-05-20,23,187.8,186.5,187.6,180.7,187.2,NA
2026-06-13,2026-05-20,22,187.8,186.5,187.6,180.7,187.2,NA
2026-06-14,2026-05-20,21,187.8,186.5,187.6,180.7,187.2,NA
2026-06-15,2026-05-20,20,187.8,186.5,187.6,177.1,187.2,NA
2026-06-16,2026-05-20,19,187.8,186.5,187.6,180.7,187.2,NA
2026-06-17,2026-05-20,18,187.8,186.5,187.6,180.7,187.2,NA
2026-06-18,2026-05-20,17,187.8,186.5,187.6,180.7,187.2,NA
2026-06-19,2026-05-20,16,187.8,186.5,187.6,180.7,187.2,NA
2026-06-20,2026-05-20,15,187.8,186.5,187.6,180.7,187.2,NA
2026-06-21,2026-05-20,14,187.8,186.5,187.6,77.1,187.2,NA
2026-06-22,2026-05-20,13,187.8,186.5,187.6,77.1,187.2,NA
2026-06-23,2026-05-20,12,187.8,186.5,187.6,77.1,187.2,NA
2026-06-24,2026-05-20,11,187.8,186.5,187.6,177.1,187.2,NA
2026-06-25,2026-05-20,10,187.8,186.5,187.6,177.1,187.2,NA
2026-06-26,2026-05-20,9,187.8,186.5,187.6,177.1,187.1,NA
2026-06-27,2026-05-20,8,187.8,186.5,187.6,177.1,187.2,NA
2026-06-28,2026-05-20,7,187.8,186.5,187.6,177.1,187.2,NA
2026-06-29,2026-05-20,6,187.8,186.5,187.6,177.1,187.1,NA
2026-06-30,2026-05-20,5,187.8,186.5,187.6,177.1,187.2,NA
2026-07-01,2026-05-20,4,187.8,186.5,187.6,177.1,187.2,NA
2026-07-02,2026-05-20,3,187.8,186.5,187.6,177.1,187.2,NA
2026-07-03,2026-05-20,2,187.8,186.5,187.6,177.1,187.2,NA
2026-07-04,2026-05-20,1,187.8,186.5,187.6,177.1,187.2,NA
2026-05-22,2026-05-21,45,200.3,186.5,187.7,177.2,187.3,NA
2026-05-23,2026-05-21,44,200.3,186.4,187.5,177.5,184.3,NA
2026-05-24,2026-05-21,43,205,186.4,187.5,177.5,184.3,NA
2026-05-25,2026-05-21,42,-83.1,-4.7,-2.4,177.5,184.3,NA
2026-05-26,2026-05-21,41,-83.1,14.5,15,177.5,170.6,NA
2026-05-27,2026-05-21,40,187.6,14.5,-2.4,156.9,170.6,NA
2026-05-28,2026-05-21,39,187.6,-135.3,15,156.9,310.5,NA
2026-05-29,2026-05-21,38,187.6,-135.3,-122.9,156.9,310.5,NA
2026-05-30,2026-05-21,37,187.6,-135.3,-122.9,156.9,11,NA
2026-05-31,2026-05-21,36,187.6,186.3,187.5,177.5,184.3,NA
2026-06-01,2026-05-21,35,187.6,186.3,187.5,107.4,114.3,NA
2026-06-02,2026-05-21,34,187.6,186.3,187.5,177.4,183.6,NA
2026-06-03,2026-05-21,33,187.6,186.3,187.5,177.4,184.3,NA
2026-06-04,2026-05-21,32,117.6,186.3,187.5,177.4,184.3,NA
2026-06-05,2026-05-21,31,190.3,187.6,190,177.4,184.3,NA
2026-06-06,2026-05-21,30,187.6,186.3,187.5,177.4,184.3,NA
2026-06-07,2026-05-21,29,187.6,21.2,21.8,181.2,184.3,NA
2026-06-08,2026-05-21,28,187.6,24.3,21.8,181.2,184.3,NA
2026-06-09,2026-05-21,27,187.6,21.2,187.5,181.2,184.3,NA
2026-06-10,2026-05-21,26,187.6,24.3,187.5,181.2,184.3,NA
2026-06-11,2026-05-21,25,187.6,24.3,187.5,181.2,184.3,NA
2026-06-12,2026-05-21,24,187.6,186.3,187.5,181.2,184.3,NA
2026-06-13,2026-05-21,23,187.6,186.3,187.5,181.2,184.3,NA
2026-06-14,2026-05-21,22,187.6,186.3,187.5,181.2,184.3,NA
2026-06-15,2026-05-21,21,187.6,186.3,187.5,177.4,184.3,NA
2026-06-16,2026-05-21,20,187.6,186.3,187.5,181.2,184.3,NA
2026-06-17,2026-05-21,19,187.6,186.3,187.5,181.2,184.3,NA
2026-06-18,2026-05-21,18,187.6,186.3,187.5,181.2,184.3,NA
2026-06-19,2026-05-21,17,187.6,186.3,187.5,181.2,184.3,NA
2026-06-20,2026-05-21,16,187.6,186.3,187.5,181.2,184.3,NA
2026-06-21,2026-05-21,15,187.6,186.3,187.5,77.4,184.3,NA
2026-06-22,2026-05-21,14,187.6,186.3,187.5,77.4,184.3,NA
2026-06-23,2026-05-21,13,187.6,186.3,187.5,77.4,184.3,NA
2026-06-24,2026-05-21,12,187.6,186.3,187.5,177.4,184.3,NA
2026-06-25,2026-05-21,11,187.6,186.3,187.5,177.4,184.3,NA
2026-06-26,2026-05-21,10,187.6,186.3,187.5,177.4,184.3,NA
2026-06-27,2026-05-21,9,187.6,186.3,187.5,177.4,184.3,NA
2026-06-28,2026-05-21,8,187.6,186.3,187.5,177.4,184.3,NA
2026-06-29,2026-05-21,7,187.6,186.3,187.5,177.4,184.3,NA
2026-06-30,2026-05-21,6,187.6,186.3,187.5,177.4,184.3,NA
2026-07-01,2026-05-21,5,187.6,186.3,187.5,177.4,184.3,NA
2026-07-02,2026-05-21,4,187.6,186.3,187.5,177.4,184.3,NA
2026-07-03,2026-05-21,3,187.6,186.3,187.5,177.4,184.3,NA
2026-07-04,2026-05-21,2,187.6,186.3,187.5,177.4,184.3,NA
2026-07-05,2026-05-21,1,187.6,186.3,187.5,177.4,184.3,NA
2026-05-23,2026-05-22,45,200.3,186,187.4,177.5,182.5,NA
2026-05-24,2026-05-22,44,205,186,187.4,177.5,182.4,NA
2026-05-25,2026-05-22,43,-85.2,-5.2,-2.6,177.5,182.4,NA
2026-05-26,2026-05-22,42,-85.2,14.4,15,177.5,166.9,NA
2026-05-27,2026-05-22,41,187.5,14.4,-2.6,156.9,166.9,NA
2026-05-28,2026-05-22,40,187.5,-138.5,15,156.9,330.5,NA
2026-05-29,2026-05-22,39,187.5,-138.5,-123.6,156.9,330.5,NA
2026-05-30,2026-05-22,38,187.5,-138.5,-123.6,156.9,-20.8,NA
2026-05-31,2026-05-22,37,187.5,186,187.4,177.5,182.4,NA
2026-06-01,2026-05-22,36,187.5,186,187.4,107.4,112.4,NA
2026-06-02,2026-05-22,35,187.5,186,187.4,177.4,179.8,NA
2026-06-03,2026-05-22,34,187.5,186,187.4,177.4,182.4,NA
2026-06-04,2026-05-22,33,117.5,186,187.4,177.4,182.4,NA
2026-06-05,2026-05-22,32,190,187.1,189.8,177.4,182.4,NA
2026-06-06,2026-05-22,31,187.5,186,187.4,177.4,182.4,NA
2026-06-07,2026-05-22,30,187.5,21,21.7,181.2,182.4,NA
2026-06-08,2026-05-22,29,187.5,24,21.7,181.2,182.4,NA
2026-06-09,2026-05-22,28,187.5,21,187.4,181.2,182.4,NA
2026-06-10,2026-05-22,27,187.5,24,187.4,181.2,182.4,NA
2026-06-11,2026-05-22,26,187.5,24,187.4,181.2,182.4,NA
2026-06-12,2026-05-22,25,187.5,186,187.4,181.2,182.4,NA
2026-06-13,2026-05-22,24,187.5,186,187.4,181.2,182.4,NA
2026-06-14,2026-05-22,23,187.5,186,187.4,181.2,182.4,NA
2026-06-15,2026-05-22,22,187.5,186,187.4,177.4,182.4,NA
2026-06-16,2026-05-22,21,187.5,186,187.4,181.2,182.4,NA
2026-06-17,2026-05-22,20,187.5,186,187.4,181.2,182.4,NA
2026-06-18,2026-05-22,19,187.5,186,187.4,181.2,182.4,NA
2026-06-19,2026-05-22,18,187.5,186,187.4,181.2,182.4,NA
2026-06-20,2026-05-22,17,187.5,186,187.4,181.2,182.4,NA
2026-06-21,2026-05-22,16,187.5,186,187.4,77.4,182.4,NA
2026-06-22,2026-05-22,15,187.5,186,187.4,77.4,182.4,NA
2026-06-23,2026-05-22,14,187.5,186,187.4,77.4,182.4,NA
2026-06-24,2026-05-22,13,187.5,186,187.4,177.4,182.4,NA
2026-06-25,2026-05-22,12,187.5,186,187.4,177.4,182.4,NA
2026-06-26,2026-05-22,11,187.5,186,187.4,177.4,182.4,NA
2026-06-27,2026-05-22,10,187.5,186,187.4,177.4,182.4,NA
2026-06-28,2026-05-22,9,187.5,186,187.4,177.4,182.4,NA
2026-06-29,2026-05-22,8,187.5,186,187.4,177.4,182.4,NA
2026-06-30,2026-05-22,7,187.5,186,187.4,177.4,182.4,NA
2026-07-01,2026-05-22,6,187.5,186,187.4,177.4,182.4,NA
2026-07-02,2026-05-22,5,187.5,186,187.4,177.4,182.4,NA
2026-07-03,2026-05-22,4,187.5,186,187.4,177.4,182.4,NA
2026-07-04,2026-05-22,3,187.5,186,187.4,177.4,182.4,NA
2026-07-05,2026-05-22,2,187.5,186,187.4,177.4,182.4,NA
2026-07-06,2026-05-22,1,187.5,186,187.4,177.4,182.4,NA
2026-05-24,2026-05-23,45,205,186,187,177.1,181.9,NA
2026-05-25,2026-05-23,44,-88.2,-5.2,-3.3,177.1,181.9,NA
2026-05-26,2026-05-23,43,-88.2,14.4,14.8,177.1,165.8,NA
2026-05-27,2026-05-23,42,187.3,14.4,-3.3,156.1,165.8,NA
2026-05-28,2026-05-23,41,187.3,-138.5,14.8,156.1,335.8,NA
2026-05-29,2026-05-23,40,187.3,-138.5,-128.1,156.1,335.8,NA
2026-05-30,2026-05-23,39,187.3,-138.5,-128.1,156.1,-29.3,NA
2026-05-31,2026-05-23,38,187.3,186,187,177,181.9,NA
2026-06-01,2026-05-23,37,187.3,186,187,107,111.9,NA
2026-06-02,2026-05-23,36,187.3,186,187,177,178.8,NA
2026-06-03,2026-05-23,35,187.3,186,187,177,181.9,NA
2026-06-04,2026-05-23,34,117.3,186,187,177,181.9,NA
2026-06-05,2026-05-23,33,189.6,187.1,189,177,181.9,NA
2026-06-06,2026-05-23,32,187.3,186,187,177,181.9,NA
2026-06-07,2026-05-23,31,187.3,21,21.5,180.5,181.9,NA
2026-06-08,2026-05-23,30,187.3,24,21.5,180.5,181.9,NA
2026-06-09,2026-05-23,29,187.3,21,187,180.5,181.9,NA
2026-06-10,2026-05-23,28,187.3,24,187,180.5,181.9,NA
2026-06-11,2026-05-23,27,187.3,24,187,180.5,181.9,NA
2026-06-12,2026-05-23,26,187.3,186,187,180.5,181.9,NA
2026-06-13,2026-05-23,25,187.3,186,187,180.5,181.9,NA
2026-06-14,2026-05-23,24,187.3,186,187,180.5,181.9,NA
2026-06-15,2026-05-23,23,187.3,186,187,177,181.9,NA
2026-06-16,2026-05-23,22,187.3,186,187,180.5,181.9,NA
2026-06-17,2026-05-23,21,187.3,186,187,180.5,181.9,NA
2026-06-18,2026-05-23,20,187.3,186,187,180.5,181.9,NA
2026-06-19,2026-05-23,19,187.3,186,187,180.5,181.9,NA
2026-06-20,2026-05-23,18,187.3,186,187,180.5,181.9,NA
2026-06-21,2026-05-23,17,187.3,186,187,77,181.9,NA
2026-06-22,2026-05-23,16,187.3,186,187,77,181.9,NA
2026-06-23,2026-05-23,15,187.3,186,187,77,181.9,NA
2026-06-24,2026-05-23,14,187.3,186,187,177,181.9,NA
2026-06-25,2026-05-23,13,187.3,186,187,177,181.9,NA
2026-06-26,2026-05-23,12,187.3,186,187,177,181.9,NA
2026-06-27,2026-05-23,11,187.4,186,187,177,181.9,NA
2026-06-28,2026-05-23,10,187.4,186,187,177,181.9,NA
2026-06-29,2026-05-23,9,187.4,186,187,177,181.9,NA
2026-06-30,2026-05-23,8,187.4,186,187,177,181.9,NA
2026-07-01,2026-05-23,7,187.4,186,187,177,181.9,NA
2026-07-02,2026-05-23,6,187.3,186,187,177,181.9,NA
2026-07-03,2026-05-23,5,187.3,186,187,177,181.9,NA
2026-07-04,2026-05-23,4,187.3,186,187,177,181.9,NA
2026-07-05,2026-05-23,3,187.3,186,187,177,181.9,NA
2026-07-06,2026-05-23,2,187.3,186,187,177,181.9,NA
2026-07-07,2026-05-23,1,187.3,186,187,177,181.9,NA
2026-05-25,2026-05-24,45,-90.3,-5.2,-3.5,177.2,181.7,NA
2026-05-26,2026-05-24,44,-90.3,14.4,14.8,177.2,165.2,NA
2026-05-27,2026-05-24,43,187.2,14.4,-3.5,156.2,165.3,NA
2026-05-28,2026-05-24,42,187.2,-138.5,14.8,156.2,339.2,NA
2026-05-29,2026-05-24,41,187.2,-138.5,-128.8,156.2,339.5,NA
2026-05-30,2026-05-24,40,187.2,-138.5,-128.8,156.2,-34.6,NA
2026-05-31,2026-05-24,39,187.2,186,186.9,177.1,181.6,NA
2026-06-01,2026-05-24,38,187.2,186,186.9,107.1,111.6,NA
2026-06-02,2026-05-24,37,187.2,186,186.9,177.1,178.2,NA
2026-06-03,2026-05-24,36,187.2,186,186.9,177.1,181.6,NA
2026-06-04,2026-05-24,35,117.2,186,186.9,177.1,181.6,NA
2026-06-05,2026-05-24,34,189.4,187.1,188.9,177.1,181.6,NA
2026-06-06,2026-05-24,33,187.2,186,186.9,177.1,181.6,NA
2026-06-07,2026-05-24,32,187.2,21,21.5,180.7,181.6,NA
2026-06-08,2026-05-24,31,187.2,24,21.5,180.7,181.6,NA
2026-06-09,2026-05-24,30,187.2,21,186.9,180.7,181.6,NA
2026-06-10,2026-05-24,29,187.2,24,186.9,180.7,181.6,NA
2026-06-11,2026-05-24,28,187.2,24,186.9,180.7,181.6,NA
2026-06-12,2026-05-24,27,187.2,186,186.9,180.7,181.6,NA
2026-06-13,2026-05-24,26,187.2,186,186.9,180.7,181.6,NA
2026-06-14,2026-05-24,25,187.2,186,186.9,180.7,181.6,NA
2026-06-15,2026-05-24,24,187.2,186,186.9,177.1,181.6,NA
2026-06-16,2026-05-24,23,187.2,186,186.9,180.7,181.6,NA
2026-06-17,2026-05-24,22,187.2,186,186.9,180.7,181.6,NA
2026-06-18,2026-05-24,21,187.2,186,186.9,180.7,181.6,NA
2026-06-19,2026-05-24,20,187.2,186,186.9,180.7,181.6,NA
2026-06-20,2026-05-24,19,187.2,186,186.9,180.7,181.6,NA
2026-06-21,2026-05-24,18,187.2,186,186.9,77.1,181.6,NA
2026-06-22,2026-05-24,17,187.2,186,186.9,77.1,181.6,NA
2026-06-23,2026-05-24,16,187.2,186,186.9,77.1,181.6,NA
2026-06-24,2026-05-24,15,187.2,186,186.9,177.1,181.6,NA
2026-06-25,2026-05-24,14,187.2,186,186.9,177.1,181.6,NA
2026-06-26,2026-05-24,13,187.2,186,186.9,177.1,181.6,NA
2026-06-27,2026-05-24,12,187.2,186,186.9,177.1,181.6,NA
2026-06-28,2026-05-24,11,187.2,186,186.9,177.1,181.6,NA
2026-06-29,2026-05-24,10,187.2,186,186.9,177.1,181.6,NA
2026-06-30,2026-05-24,9,187.2,186,186.9,177.1,181.6,NA
2026-07-01,2026-05-24,8,187.2,186,186.9,177.1,181.6,NA
2026-07-02,2026-05-24,7,187.2,186,186.9,177.1,181.6,NA
2026-07-03,2026-05-24,6,187.2,186,186.9,177.1,181.6,NA
2026-07-04,2026-05-24,5,187.2,186,186.9,177.1,181.6,NA
2026-07-05,2026-05-24,4,187.2,186,186.9,177.1,181.6,NA
2026-07-06,2026-05-24,3,187.2,186,186.9,177.1,181.6,NA
2026-07-07,2026-05-24,2,187.2,186,186.9,177.1,181.6,NA
2026-07-08,2026-05-24,1,187.2,186,186.9,177.1,181.6,NA
2026-05-26,2026-05-25,45,-93.3,14.2,14.8,177.1,162.8,NA
2026-05-27,2026-05-25,44,187,14.2,-3.3,156.1,162.7,NA
2026-05-28,2026-05-25,43,187,-143.1,14.8,156.1,353.2,NA
2026-05-29,2026-05-25,42,187,-143.1,-128.1,156.1,353.2,NA
2026-05-30,2026-05-25,41,187,-143.1,-128.1,156.1,-56.9,NA
2026-05-31,2026-05-25,40,187,185.6,187,177,180.3,NA
2026-06-01,2026-05-25,39,187,185.6,187,107,110.3,NA
2026-06-02,2026-05-25,38,187,185.6,187,177,175.6,NA
2026-06-03,2026-05-25,37,187,185.6,187,177,180.3,NA
2026-06-04,2026-05-25,36,117,185.6,187,177,180.3,NA
2026-06-05,2026-05-25,35,189,186.2,189,177,180.3,NA
2026-06-06,2026-05-25,34,187,185.6,187,177,180.3,NA
2026-06-07,2026-05-25,33,187,20.8,21.5,180.5,180.3,NA
2026-06-08,2026-05-25,32,187,23.6,21.5,180.5,180.3,NA
2026-06-09,2026-05-25,31,187,20.8,187,180.5,180.3,NA
2026-06-10,2026-05-25,30,187,23.6,187,180.5,180.3,NA
2026-06-11,2026-05-25,29,187,23.6,187,180.5,180.3,NA
2026-06-12,2026-05-25,28,187,185.6,187,180.5,180.3,NA
2026-06-13,2026-05-25,27,187,185.6,187,180.5,180.3,NA
2026-06-14,2026-05-25,26,187,185.6,187,180.5,180.3,NA
2026-06-15,2026-05-25,25,187,185.6,187,177,180.3,NA
2026-06-16,2026-05-25,24,187,185.6,187,180.5,180.3,NA
2026-06-17,2026-05-25,23,187,185.6,187,180.5,180.3,NA
2026-06-18,2026-05-25,22,187,185.6,187,180.5,180.3,NA
2026-06-19,2026-05-25,21,187,185.6,187,180.5,180.3,NA
2026-06-20,2026-05-25,20,187,185.6,187,180.5,180.3,NA
2026-06-21,2026-05-25,19,187,185.6,187,77,180.3,NA
2026-06-22,2026-05-25,18,187,185.6,187,77,180.3,NA
2026-06-23,2026-05-25,17,187,185.6,187,77,180.3,NA
2026-06-24,2026-05-25,16,187,185.6,187,177,180.3,NA
2026-06-25,2026-05-25,15,187,185.6,187,177,180.3,NA
2026-06-26,2026-05-25,14,187,185.6,187,177,180.3,NA
2026-06-27,2026-05-25,13,187,185.6,187,177,180.3,NA
2026-06-28,2026-05-25,12,187,185.6,187,177,180.3,NA
2026-06-29,2026-05-25,11,187,185.6,187,177,180.3,NA
2026-06-30,2026-05-25,10,187,185.6,187,177,180.3,NA
2026-07-01,2026-05-25,9,187,185.6,187,177,180.3,NA
2026-07-02,2026-05-25,8,187,185.6,187,177,180.3,NA
2026-07-03,2026-05-25,7,187,185.6,187,177,180.3,NA
2026-07-04,2026-05-25,6,187,185.6,187,177,180.3,NA
2026-07-05,2026-05-25,5,187,185.6,187,177,180.3,NA
2026-07-06,2026-05-25,4,187,185.6,187,177,180.3,NA
2026-07-07,2026-05-25,3,187,185.6,187,177,180.3,NA
2026-07-08,2026-05-25,2,187,185.6,187,177,180.3,NA
2026-07-09,2026-05-25,1,187,185.6,187,177,180.3,NA
2026-05-27,2026-05-26,45,186.4,14.2,-3.7,154.9,155.6,NA
2026-05-28,2026-05-26,44,186.4,-145.7,14.7,154.9,391.8,NA
2026-05-29,2026-05-26,43,186.4,-145.7,-130.4,154.9,391.8,NA
2026-05-30,2026-05-26,42,186.4,-145.4,-130.4,154.9,-118.4,NA
2026-05-31,2026-05-26,41,186.5,185.4,186.8,176.4,176.8,NA
2026-06-01,2026-05-26,40,186.4,185.4,186.8,106.4,106.8,NA
2026-06-02,2026-05-26,39,186.4,185.4,186.8,176.4,168.6,NA
2026-06-03,2026-05-26,38,186.4,185.4,186.8,176.4,176.8,NA
2026-06-04,2026-05-26,37,116.4,185.4,186.8,176.4,176.8,NA
2026-06-05,2026-05-26,36,187.9,185.7,188.6,176.4,176.8,NA
2026-06-06,2026-05-26,35,186.4,185.4,186.8,176.4,176.8,NA
2026-06-07,2026-05-26,34,186.4,20.7,21.4,179.6,176.7,NA
2026-06-08,2026-05-26,33,186.4,23.4,21.4,179.6,176.8,NA
2026-06-09,2026-05-26,32,186.4,20.7,186.8,179.6,176.8,NA
2026-06-10,2026-05-26,31,186.4,23.4,186.8,179.6,176.8,NA
2026-06-11,2026-05-26,30,186.4,23.4,186.8,179.6,176.8,NA
2026-06-12,2026-05-26,29,186.4,185.4,186.8,179.6,176.8,NA
2026-06-13,2026-05-26,28,186.4,185.4,186.8,179.6,176.8,NA
2026-06-14,2026-05-26,27,186.4,185.4,186.8,179.6,176.8,NA
2026-06-15,2026-05-26,26,186.4,185.4,186.8,176.4,176.8,NA
2026-06-16,2026-05-26,25,186.4,185.4,186.8,179.6,176.8,NA
2026-06-17,2026-05-26,24,186.4,185.4,186.8,179.6,176.8,NA
2026-06-18,2026-05-26,23,186.4,185.4,186.8,179.6,176.8,NA
2026-06-19,2026-05-26,22,186.4,185.4,186.8,179.6,176.8,NA
2026-06-20,2026-05-26,21,186.5,185.4,186.8,179.6,176.8,NA
2026-06-21,2026-05-26,20,186.5,185.4,186.8,76.4,176.8,NA
2026-06-22,2026-05-26,19,186.5,185.4,186.8,76.4,176.8,NA
2026-06-23,2026-05-26,18,186.5,185.4,186.8,76.4,176.8,NA
2026-06-24,2026-05-26,17,186.5,185.4,186.8,176.4,176.8,NA
2026-06-25,2026-05-26,16,186.5,185.4,186.8,176.4,176.8,NA
2026-06-26,2026-05-26,15,186.5,185.4,186.8,176.4,176.8,NA
2026-06-27,2026-05-26,14,186.4,185.4,186.8,176.5,176.8,NA
2026-06-28,2026-05-26,13,186.4,185.4,186.8,176.5,176.8,NA
2026-06-29,2026-05-26,12,186.4,185.4,186.8,176.5,176.8,NA
2026-06-30,2026-05-26,11,186.4,185.4,186.8,176.5,176.8,NA
2026-07-01,2026-05-26,10,186.4,185.4,186.8,176.5,176.8,NA
2026-07-02,2026-05-26,9,186.4,185.4,186.8,176.4,176.8,NA
2026-07-03,2026-05-26,8,186.4,185.4,186.8,176.4,176.8,NA
2026-07-04,2026-05-26,7,186.4,185.4,186.8,176.4,176.8,NA
2026-07-05,2026-05-26,6,186.4,185.4,186.8,176.4,176.8,NA
2026-07-06,2026-05-26,5,186.4,185.4,186.8,176.4,176.8,NA
2026-07-07,2026-05-26,4,186.4,185.4,186.8,176.4,176.8,NA
2026-07-08,2026-05-26,3,186.4,185.4,186.8,176.4,176.8,NA
2026-07-09,2026-05-26,2,186.4,185.4,186.8,176.4,176.8,NA
2026-07-10,2026-05-26,1,186.4,185.4,186.8,176.4,176.7,NA
2026-05-28,2026-05-27,45,185.6,-158,14.4,153.2,288.6,NA
2026-05-29,2026-05-27,44,185.5,-158.7,-140.5,153.2,289.2,NA
2026-05-30,2026-05-27,43,185.5,-158.7,-140.5,153.2,44.9,NA
2026-05-31,2026-05-27,42,185.5,184.2,185.8,175.6,186.3,NA
2026-06-01,2026-05-27,41,185.5,184.1,185.8,105.6,116.3,NA
2026-06-02,2026-05-27,40,185.5,184.1,185.8,175.6,187.5,NA
2026-06-03,2026-05-27,39,185.5,184.1,185.8,175.6,186.3,NA
2026-06-04,2026-05-27,38,115.5,184.1,185.8,175.6,186.3,NA
2026-06-05,2026-05-27,37,186.1,183.3,186.6,175.6,186.3,NA
2026-06-06,2026-05-27,36,185.5,184.1,185.8,175.6,186.3,NA
2026-06-07,2026-05-27,35,185.5,20.1,20.9,178.4,186.3,NA
2026-06-08,2026-05-27,34,185.5,22.1,20.9,178.4,186.3,NA
2026-06-09,2026-05-27,33,185.5,20.1,185.8,178.4,186.3,NA
2026-06-10,2026-05-27,32,185.5,22.1,185.8,178.4,186.3,NA
2026-06-11,2026-05-27,31,185.5,22.1,185.8,178.4,186.3,NA
2026-06-12,2026-05-27,30,185.5,184.1,185.8,178.4,186.3,NA
2026-06-13,2026-05-27,29,185.5,184.1,185.8,178.4,186.3,NA
2026-06-14,2026-05-27,28,185.5,184.1,185.8,178.4,186.3,NA
2026-06-15,2026-05-27,27,185.5,184.1,185.8,175.6,186.3,NA
2026-06-16,2026-05-27,26,185.5,184.1,185.8,178.4,186.3,NA
2026-06-17,2026-05-27,25,185.5,184.1,185.8,178.4,186.3,NA
2026-06-18,2026-05-27,24,185.5,184.1,185.8,178.4,186.3,NA
2026-06-19,2026-05-27,23,185.5,184.1,185.8,178.4,186.3,NA
2026-06-20,2026-05-27,22,185.5,184.1,185.8,178.4,186.3,NA
2026-06-21,2026-05-27,21,185.5,184.1,185.8,75.6,186.3,NA
2026-06-22,2026-05-27,20,185.5,184.1,185.8,75.6,186.3,NA
2026-06-23,2026-05-27,19,185.5,184.1,185.8,75.6,186.3,NA
2026-06-24,2026-05-27,18,185.5,184.1,185.8,175.6,186.3,NA
2026-06-25,2026-05-27,17,185.5,184.1,185.8,175.6,186.3,NA
2026-06-26,2026-05-27,16,185.5,184.1,185.8,175.6,186.3,NA
2026-06-27,2026-05-27,15,185.5,184.1,185.8,175.6,186.3,NA
2026-06-28,2026-05-27,14,185.5,184.1,185.8,175.6,186.3,NA
2026-06-29,2026-05-27,13,185.5,184.1,185.8,175.6,186.3,NA
2026-06-30,2026-05-27,12,185.5,184.1,185.8,175.6,186.3,NA
2026-07-01,2026-05-27,11,185.5,184.1,185.8,175.6,186.2,NA
2026-07-02,2026-05-27,10,185.5,184.1,185.8,175.6,186.2,NA
2026-07-03,2026-05-27,9,185.5,184.1,185.8,175.6,186.2,NA
2026-07-04,2026-05-27,8,185.5,184.1,185.8,175.6,186.2,NA
2026-07-05,2026-05-27,7,185.5,184.1,185.8,175.6,186.2,NA
2026-07-06,2026-05-27,6,185.5,184.1,185.8,175.6,186.2,NA
2026-07-07,2026-05-27,5,185.5,184.1,185.8,175.6,186.2,NA
2026-07-08,2026-05-27,4,185.5,184.1,185.8,175.6,186.2,NA
2026-07-09,2026-05-27,3,185.5,184.1,185.8,175.6,186.2,NA
2026-07-10,2026-05-27,2,185.5,184.1,185.8,175.6,186.2,NA
2026-07-11,2026-05-27,1,185.5,184.1,185.8,175.6,186.2,NA
2026-05-29,2026-05-28,45,184.2,-168.5,-151.5,149,347.2,NA
2026-05-30,2026-05-28,44,184.1,-169.1,-152.2,148.8,-47.3,NA
2026-05-31,2026-05-28,43,184.2,183.1,184.8,173.5,180.9,NA
2026-06-01,2026-05-28,42,184.1,183.1,184.8,103.4,110.9,NA
2026-06-02,2026-05-28,41,184.1,183.1,184.7,173.4,176.9,NA
2026-06-03,2026-05-28,40,184.1,183.1,184.7,173.4,180.9,NA
2026-06-04,2026-05-28,39,114.1,183.1,184.7,173.4,180.9,NA
2026-06-05,2026-05-28,38,183.3,181.2,184.4,173.4,180.9,NA
2026-06-06,2026-05-28,37,184.1,183.1,184.7,173.4,180.9,NA
2026-06-07,2026-05-28,36,184.1,19.6,20.4,175.1,180.9,NA
2026-06-08,2026-05-28,35,184.1,21.1,20.4,175.1,180.9,NA
2026-06-09,2026-05-28,34,184.1,19.6,184.7,175.1,180.9,NA
2026-06-10,2026-05-28,33,184.1,21.1,184.7,175.1,180.9,NA
2026-06-11,2026-05-28,32,184.1,21.1,184.7,175.1,180.9,NA
2026-06-12,2026-05-28,31,184.1,183.1,184.7,175.1,180.9,NA
2026-06-13,2026-05-28,30,184.1,183.1,184.7,175.1,180.9,NA
2026-06-14,2026-05-28,29,184.1,183.1,184.7,175.1,180.9,NA
2026-06-15,2026-05-28,28,184.1,183.1,184.7,173.4,180.9,NA
2026-06-16,2026-05-28,27,184.1,183.1,184.7,175.1,180.9,NA
2026-06-17,2026-05-28,26,184.1,183.1,184.7,175.1,180.9,NA
2026-06-18,2026-05-28,25,184.1,183.1,184.7,175.1,180.9,NA
2026-06-19,2026-05-28,24,184.1,183.1,184.7,175.1,180.9,NA
2026-06-20,2026-05-28,23,184.2,183.1,184.7,175.1,180.9,NA
2026-06-21,2026-05-28,22,184.2,183.1,184.7,73.4,180.9,NA
2026-06-22,2026-05-28,21,184.2,183.1,184.7,73.4,180.9,NA
2026-06-23,2026-05-28,20,184.2,183.1,184.7,73.4,180.9,NA
2026-06-24,2026-05-28,19,184.2,183.1,184.7,173.4,180.9,NA
2026-06-25,2026-05-28,18,184.2,183.1,184.7,173.4,180.9,NA
2026-06-26,2026-05-28,17,184.2,183.1,184.7,173.4,180.9,NA
2026-06-27,2026-05-28,16,184.2,183.1,184.7,173.4,180.9,NA
2026-06-28,2026-05-28,15,184.2,183.2,184.7,173.4,180.9,NA
2026-06-29,2026-05-28,14,184.2,183.2,184.7,173.4,180.9,NA
2026-06-30,2026-05-28,13,184.2,183.2,184.7,173.4,180.9,NA
2026-07-01,2026-05-28,12,184.2,183.2,184.7,173.4,180.9,NA
2026-07-02,2026-05-28,11,184.1,183.2,184.7,173.4,180.9,NA
2026-07-03,2026-05-28,10,184.1,183.2,184.7,173.4,180.9,NA
2026-07-04,2026-05-28,9,184.1,183.2,184.7,173.4,180.9,NA
2026-07-05,2026-05-28,8,184.1,183.2,184.7,173.4,180.9,NA
2026-07-06,2026-05-28,7,184.1,183.2,184.7,173.4,180.9,NA
2026-07-07,2026-05-28,6,184.1,183.2,184.7,173.4,180.9,NA
2026-07-08,2026-05-28,5,184.1,183.2,184.7,173.4,180.9,NA
2026-07-09,2026-05-28,4,184.1,183.2,184.7,173.4,180.9,NA
2026-07-10,2026-05-28,3,184.1,183.2,184.7,173.4,180.9,NA
2026-07-11,2026-05-28,2,184.1,183.1,184.7,173.4,180.9,NA
2026-07-12,2026-05-28,1,184.1,183.1,184.7,173.4,180.9,NA
2026-05-30,2026-05-29,45,182.2,-178.9,-162.6,145.6,-136.4,NA
2026-05-31,2026-05-29,44,182.1,182.2,183.7,171.8,175.8,NA
2026-06-01,2026-05-29,43,182.1,182.2,183.7,101.7,105.7,NA
2026-06-02,2026-05-29,42,182.1,182.2,183.7,171.7,166.4,NA
2026-06-03,2026-05-29,41,182.1,182.2,183.7,171.7,175.7,NA
2026-06-04,2026-05-29,40,112.1,182.2,183.7,171.7,175.7,NA
2026-06-05,2026-05-29,39,179.2,179.4,182.5,171.7,175.7,NA
2026-06-06,2026-05-29,38,182.1,182.2,183.7,171.7,175.7,NA
2026-06-07,2026-05-29,37,182.1,19.1,19.9,172.6,175.7,NA
2026-06-08,2026-05-29,36,182.1,20.2,19.9,172.6,175.7,NA
2026-06-09,2026-05-29,35,182.1,19.1,183.7,172.6,175.7,NA
2026-06-10,2026-05-29,34,182.1,20.2,183.7,172.6,175.7,NA
2026-06-11,2026-05-29,33,182.1,20.2,183.7,172.6,175.7,NA
2026-06-12,2026-05-29,32,182.1,182.2,183.7,172.6,175.7,NA
2026-06-13,2026-05-29,31,182.1,182.2,183.7,172.6,175.7,NA
2026-06-14,2026-05-29,30,182.1,182.2,183.7,172.6,175.7,NA
2026-06-15,2026-05-29,29,182.1,182.2,183.7,171.7,175.7,NA
2026-06-16,2026-05-29,28,182.1,182.2,183.7,172.6,175.7,NA
2026-06-17,2026-05-29,27,182.1,182.2,183.7,172.6,175.7,NA
2026-06-18,2026-05-29,26,182.1,182.2,183.7,172.6,175.7,NA
2026-06-19,2026-05-29,25,182.1,182.2,183.7,172.6,175.7,NA
2026-06-20,2026-05-29,24,182.1,182.2,183.7,172.6,175.7,NA
2026-06-21,2026-05-29,23,182.1,182.2,183.7,71.7,175.7,NA
2026-06-22,2026-05-29,22,182.1,182.2,183.7,71.7,175.7,NA
2026-06-23,2026-05-29,21,182.1,182.2,183.7,71.7,175.7,NA
2026-06-24,2026-05-29,20,182.1,182.2,183.7,171.7,175.8,NA
2026-06-25,2026-05-29,19,182.1,182.2,183.7,171.7,175.8,NA
2026-06-26,2026-05-29,18,182.1,182.2,183.7,171.7,175.8,NA
2026-06-27,2026-05-29,17,182.1,182.2,183.7,171.7,175.8,NA
2026-06-28,2026-05-29,16,182.1,182.2,183.7,171.7,175.8,NA
2026-06-29,2026-05-29,15,182.1,182.2,183.7,171.7,175.8,NA
2026-06-30,2026-05-29,14,182.1,182.2,183.8,171.7,175.8,NA
2026-07-01,2026-05-29,13,182.1,182.2,183.8,171.7,175.8,NA
2026-07-02,2026-05-29,12,182.1,182.2,183.8,171.7,175.8,NA
2026-07-03,2026-05-29,11,182.1,182.2,183.8,171.7,175.8,NA
2026-07-04,2026-05-29,10,182.1,182.2,183.8,171.7,175.8,NA
2026-07-05,2026-05-29,9,182.1,182.2,183.8,171.7,175.8,NA
2026-07-06,2026-05-29,8,182.1,182.2,183.8,171.7,175.8,NA
2026-07-07,2026-05-29,7,182.1,182.2,183.8,171.7,175.8,NA
2026-07-08,2026-05-29,6,182.1,182.2,183.8,171.7,175.8,NA
2026-07-09,2026-05-29,5,182.1,182.2,183.8,171.7,175.8,NA
2026-07-10,2026-05-29,4,182.1,182.2,183.8,171.7,175.8,NA
2026-07-11,2026-05-29,3,182.1,182.2,183.8,171.7,175.8,NA
2026-07-12,2026-05-29,2,182.1,182.2,183.8,171.7,175.7,NA
2026-07-13,2026-05-29,1,182.1,182.2,183.7,171.7,175.7,NA
2026-05-31,2026-05-30,45,180.1,181.2,182.8,170.8,172.8,NA
2026-06-01,2026-05-30,44,180,181.1,182.7,100.7,102.7,NA
2026-06-02,2026-05-30,43,180,181.1,182.7,170.7,160.4,NA
2026-06-03,2026-05-30,42,180,181.1,182.7,170.7,172.7,NA
2026-06-04,2026-05-30,41,110,181.1,182.7,170.7,172.7,NA
2026-06-05,2026-05-30,40,175.1,177.3,180.5,170.7,172.7,NA
2026-06-06,2026-05-30,39,180,181.1,182.7,170.7,172.7,NA
2026-06-07,2026-05-30,38,180,18.6,19.4,171.1,172.7,NA
2026-06-08,2026-05-30,37,180,19.1,19.4,171.1,172.7,NA
2026-06-09,2026-05-30,36,180,18.6,182.7,171.1,172.7,NA
2026-06-10,2026-05-30,35,180,19.1,182.7,171.1,172.7,NA
2026-06-11,2026-05-30,34,180,19.1,182.7,171.1,172.7,NA
2026-06-12,2026-05-30,33,180,181.1,182.7,171.1,172.7,NA
2026-06-13,2026-05-30,32,180,181.1,182.7,171.1,172.7,NA
2026-06-14,2026-05-30,31,180,181.1,182.7,171.1,172.7,NA
2026-06-15,2026-05-30,30,180,181.1,182.7,170.7,172.7,NA
2026-06-16,2026-05-30,29,180,181.1,182.7,171.1,172.7,NA
2026-06-17,2026-05-30,28,180,181.1,182.7,171.1,172.7,NA
2026-06-18,2026-05-30,27,180,181.1,182.7,171.1,172.7,NA
2026-06-19,2026-05-30,26,180,181.1,182.7,171.1,172.7,NA
2026-06-20,2026-05-30,25,180,181.1,182.7,171.1,172.7,NA
2026-06-21,2026-05-30,24,180,181.1,182.7,70.7,172.7,NA
2026-06-22,2026-05-30,23,180,181.1,182.7,70.7,172.7,NA
2026-06-23,2026-05-30,22,180,181.1,182.7,70.7,172.7,NA
2026-06-24,2026-05-30,21,180,181.1,182.7,170.7,172.7,NA
2026-06-25,2026-05-30,20,180,181.1,182.7,170.7,172.7,NA
2026-06-26,2026-05-30,19,180,181.1,182.7,170.7,172.7,NA
2026-06-27,2026-05-30,18,180,181.1,182.7,170.8,172.7,NA
2026-06-28,2026-05-30,17,180,181.1,182.7,170.8,172.7,NA
2026-06-29,2026-05-30,16,180,181.1,182.7,170.8,172.7,NA
2026-06-30,2026-05-30,15,180,181.1,182.7,170.8,172.7,NA
2026-07-01,2026-05-30,14,180,181.1,182.7,170.8,172.7,NA
2026-07-02,2026-05-30,13,180,181.1,182.7,170.7,172.7,NA
2026-07-03,2026-05-30,12,180,181.1,182.7,170.7,172.7,NA
2026-07-04,2026-05-30,11,180,181.1,182.7,170.7,172.7,NA
2026-07-05,2026-05-30,10,180,181.1,182.7,170.7,172.7,NA
2026-07-06,2026-05-30,9,180,181.1,182.7,170.7,172.7,NA
2026-07-07,2026-05-30,8,180,181.1,182.7,170.7,172.7,NA
2026-07-08,2026-05-30,7,180,181.1,182.7,170.7,172.7,NA
2026-07-09,2026-05-30,6,180,181.1,182.7,170.7,172.7,NA
2026-07-10,2026-05-30,5,180,181.1,182.7,170.7,172.7,NA
2026-07-11,2026-05-30,4,180,181.1,182.7,170.7,172.7,NA
2026-07-12,2026-05-30,3,180,181.1,182.7,170.7,172.7,NA
2026-07-13,2026-05-30,2,180,181.1,182.7,170.7,172.7,NA
2026-07-14,2026-05-30,1,180,181.1,182.7,170.7,172.7,NA
2026-06-01,2026-05-31,45,179.3,180.8,182.1,100.4,101.9,NA
2026-06-02,2026-05-31,44,179.2,180.8,182.1,170.4,158.6,NA
2026-06-03,2026-05-31,43,179.2,180.8,182.1,170.4,171.8,NA
2026-06-04,2026-05-31,42,109.2,180.8,182.1,170.4,171.8,NA
2026-06-05,2026-05-31,41,173.4,176.6,179.2,170.4,171.8,NA
2026-06-06,2026-05-31,40,179.2,180.8,182.1,170.4,171.8,NA
2026-06-07,2026-05-31,39,179.2,18.4,19.1,170.6,171.8,NA
2026-06-08,2026-05-31,38,179.2,18.8,19.1,170.6,171.8,NA
2026-06-09,2026-05-31,37,179.2,18.4,182.1,170.6,171.8,NA
2026-06-10,2026-05-31,36,179.2,18.8,182.1,170.6,171.8,NA
2026-06-11,2026-05-31,35,179.2,18.8,182.1,170.6,171.8,NA
2026-06-12,2026-05-31,34,179.2,180.8,182.1,170.6,171.8,NA
2026-06-13,2026-05-31,33,179.2,180.8,182.1,170.6,171.8,NA
2026-06-14,2026-05-31,32,179.2,180.8,182.1,170.6,171.8,NA
2026-06-15,2026-05-31,31,179.2,180.8,182.1,170.4,171.8,NA
2026-06-16,2026-05-31,30,179.2,180.8,182.1,170.6,171.8,NA
2026-06-17,2026-05-31,29,179.2,180.8,182.1,170.6,171.8,NA
2026-06-18,2026-05-31,28,179.2,180.8,182.1,170.6,171.8,NA
2026-06-19,2026-05-31,27,179.2,180.8,182.1,170.6,171.8,NA
2026-06-20,2026-05-31,26,179.2,180.8,182.1,170.6,171.8,NA
2026-06-21,2026-05-31,25,179.2,180.8,182.1,70.4,171.8,NA
2026-06-22,2026-05-31,24,179.2,180.8,182.1,70.4,171.8,NA
2026-06-23,2026-05-31,23,179.2,180.8,182.1,70.4,171.8,NA
2026-06-24,2026-05-31,22,179.2,180.8,182.1,170.4,171.8,NA
2026-06-25,2026-05-31,21,179.2,180.8,182.1,170.4,171.8,NA
2026-06-26,2026-05-31,20,179.2,180.8,182.1,170.4,171.8,NA
2026-06-27,2026-05-31,19,179.2,180.8,182.1,170.4,171.8,NA
2026-06-28,2026-05-31,18,179.2,180.8,182.1,170.4,171.8,NA
2026-06-29,2026-05-31,17,179.2,180.8,182.1,170.4,171.8,NA
2026-06-30,2026-05-31,16,179.2,180.8,182.1,170.4,171.8,NA
2026-07-01,2026-05-31,15,179.2,180.8,182.1,170.4,171.8,NA
2026-07-02,2026-05-31,14,179.2,180.8,182.1,170.4,171.8,NA
2026-07-03,2026-05-31,13,179.2,180.8,182.1,170.4,171.8,NA
2026-07-04,2026-05-31,12,179.2,180.8,182.1,170.4,171.8,NA
2026-07-05,2026-05-31,11,179.2,180.8,182.1,170.4,171.8,NA
2026-07-06,2026-05-31,10,179.2,180.8,182.1,170.4,171.8,NA
2026-07-07,2026-05-31,9,179.2,180.8,182.1,170.4,171.8,NA
2026-07-08,2026-05-31,8,179.2,180.8,182.1,170.4,171.8,NA
2026-07-09,2026-05-31,7,179.2,180.8,182.1,170.4,171.8,NA
2026-07-10,2026-05-31,6,179.2,180.8,182.1,170.4,171.8,NA
2026-07-11,2026-05-31,5,179.2,180.8,182.1,170.4,171.8,NA
2026-07-12,2026-05-31,4,179.2,180.8,182.1,170.4,171.8,NA
2026-07-13,2026-05-31,3,179.2,180.8,182.1,170.4,171.8,NA
2026-07-14,2026-05-31,2,179.2,180.8,182.1,170.4,171.8,NA
2026-07-15,2026-05-31,1,179.2,180.8,182.1,170.4,171.8,NA
2026-06-02,2026-06-01,45,178.3,180,181.3,169.8,156.2,NA
2026-06-03,2026-06-01,44,178.2,179.9,181.2,169.8,170.5,NA
2026-06-04,2026-06-01,43,108.2,179.9,181.2,169.8,170.5,NA
2026-06-05,2026-06-01,42,171.4,174.8,177.4,169.8,170.5,NA
2026-06-06,2026-06-01,41,178.2,179.9,181.2,169.8,170.5,NA
2026-06-07,2026-06-01,40,178.2,18,18.6,169.8,170.5,NA
2026-06-08,2026-06-01,39,178.2,17.9,18.6,169.8,170.5,NA
2026-06-09,2026-06-01,38,178.2,18,181.2,169.8,170.5,NA
2026-06-10,2026-06-01,37,178.2,17.9,181.2,169.8,170.5,NA
2026-06-11,2026-06-01,36,178.2,17.9,181.2,169.8,170.5,NA
2026-06-12,2026-06-01,35,178.2,179.9,181.2,169.8,170.5,NA
2026-06-13,2026-06-01,34,178.2,179.9,181.2,169.8,170.5,NA
2026-06-14,2026-06-01,33,178.2,179.9,181.2,169.8,170.5,NA
2026-06-15,2026-06-01,32,178.2,179.9,181.2,169.8,170.5,NA
2026-06-16,2026-06-01,31,178.2,179.9,181.2,169.8,170.5,NA
2026-06-17,2026-06-01,30,178.2,179.9,181.2,169.8,170.5,NA
2026-06-18,2026-06-01,29,178.2,179.9,181.2,169.8,170.5,NA
2026-06-19,2026-06-01,28,178.2,179.9,181.2,169.8,170.5,NA
2026-06-20,2026-06-01,27,178.2,179.9,181.2,169.8,170.5,NA
2026-06-21,2026-06-01,26,178.2,179.9,181.2,69.8,170.5,NA
2026-06-22,2026-06-01,25,178.2,179.9,181.2,69.8,170.5,NA
2026-06-23,2026-06-01,24,178.2,179.9,181.2,69.8,170.5,NA
2026-06-24,2026-06-01,23,178.2,179.9,181.2,169.8,170.5,NA
2026-06-25,2026-06-01,22,178.2,179.9,181.2,169.8,170.5,NA
2026-06-26,2026-06-01,21,178.2,179.9,181.2,169.8,170.5,NA
2026-06-27,2026-06-01,20,178.2,179.9,181.2,169.8,170.5,NA
2026-06-28,2026-06-01,19,178.2,179.9,181.2,169.8,170.5,NA
2026-06-29,2026-06-01,18,178.2,179.9,181.2,169.8,170.5,NA
2026-06-30,2026-06-01,17,178.2,179.9,181.2,169.8,170.5,NA
2026-07-01,2026-06-01,16,178.2,179.9,181.2,169.8,170.5,NA
2026-07-02,2026-06-01,15,178.2,179.9,181.2,169.8,170.5,NA
2026-07-03,2026-06-01,14,178.2,179.9,181.2,169.8,170.5,NA
2026-07-04,2026-06-01,13,178.2,179.9,181.2,169.8,170.5,NA
2026-07-05,2026-06-01,12,178.2,179.9,181.2,169.8,170.5,NA
2026-07-06,2026-06-01,11,178.2,179.9,181.2,169.8,170.5,NA
2026-07-07,2026-06-01,10,178.2,179.9,181.2,169.8,170.5,NA
2026-07-08,2026-06-01,9,178.2,179.9,181.2,169.8,170.5,NA
2026-07-09,2026-06-01,8,178.2,179.9,181.2,169.8,170.5,NA
2026-07-10,2026-06-01,7,178.2,179.9,181.2,169.8,170.5,NA
2026-07-11,2026-06-01,6,178.2,179.9,181.2,169.8,170.5,NA
2026-07-12,2026-06-01,5,178.2,179.9,181.2,169.8,170.5,NA
2026-07-13,2026-06-01,4,178.2,179.9,181.2,169.8,170.5,NA
2026-07-14,2026-06-01,3,178.2,179.9,181.2,169.8,170.5,NA
2026-07-15,2026-06-01,2,178.2,179.9,181.2,169.8,170.5,NA
2026-07-16,2026-06-01,1,178.2,179.9,181.2,169.8,170.5,NA
2026-06-03,2026-06-02,45,175.9,177.6,178.3,168.8,166.4,NA
2026-06-04,2026-06-02,44,105.9,177.5,178.2,168.7,166.5,NA
2026-06-05,2026-06-02,43,166.8,170,171.4,168.7,166.5,NA
2026-06-06,2026-06-02,42,175.9,177.5,178.2,168.7,166.5,NA
2026-06-07,2026-06-02,41,175.9,16.8,17.1,168.1,166.4,NA
2026-06-08,2026-06-02,40,175.9,15.5,17.1,168.1,166.5,NA
2026-06-09,2026-06-02,39,175.9,16.8,178.2,168.1,166.5,NA
2026-06-10,2026-06-02,38,175.9,15.5,178.2,168.1,166.5,NA
2026-06-11,2026-06-02,37,175.9,15.5,178.2,168.1,166.5,NA
2026-06-12,2026-06-02,36,175.9,177.5,178.2,168.1,166.5,NA
2026-06-13,2026-06-02,35,175.9,177.5,178.2,168.1,166.5,NA
2026-06-14,2026-06-02,34,175.9,177.5,178.2,168.1,166.5,NA
2026-06-15,2026-06-02,33,175.9,177.5,178.2,168.7,166.5,NA
2026-06-16,2026-06-02,32,175.9,177.5,178.2,168.1,166.5,NA
2026-06-17,2026-06-02,31,175.9,177.5,178.2,168.1,166.5,NA
2026-06-18,2026-06-02,30,175.9,177.5,178.2,168.1,166.5,NA
2026-06-19,2026-06-02,29,175.9,177.5,178.2,168.1,166.5,NA
2026-06-20,2026-06-02,28,175.9,177.5,178.2,168.1,166.5,NA
2026-06-21,2026-06-02,27,175.9,177.5,178.2,68.7,166.5,NA
2026-06-22,2026-06-02,26,175.9,177.5,178.2,68.7,166.5,NA
2026-06-23,2026-06-02,25,175.9,177.5,178.2,68.7,166.5,NA
2026-06-24,2026-06-02,24,175.9,177.5,178.2,168.7,166.5,NA
2026-06-25,2026-06-02,23,175.9,177.5,178.2,168.7,166.5,NA
2026-06-26,2026-06-02,22,175.9,177.5,178.2,168.7,166.5,NA
2026-06-27,2026-06-02,21,176,177.5,178.2,168.7,166.5,NA
2026-06-28,2026-06-02,20,176,177.5,178.2,168.7,166.5,NA
2026-06-29,2026-06-02,19,176,177.5,178.2,168.7,166.5,NA
2026-06-30,2026-06-02,18,176,177.5,178.2,168.7,166.5,NA
2026-07-01,2026-06-02,17,176,177.5,178.2,168.7,166.5,NA
2026-07-02,2026-06-02,16,175.9,177.5,178.2,168.7,166.5,NA
2026-07-03,2026-06-02,15,175.9,177.5,178.2,168.7,166.5,NA
2026-07-04,2026-06-02,14,175.9,177.5,178.2,168.7,166.5,NA
2026-07-05,2026-06-02,13,175.9,177.5,178.2,168.7,166.5,NA
2026-07-06,2026-06-02,12,175.9,177.5,178.2,168.7,166.5,NA
2026-07-07,2026-06-02,11,175.9,177.5,178.2,168.7,166.5,NA
2026-07-08,2026-06-02,10,175.9,177.5,178.2,168.7,166.5,NA
2026-07-09,2026-06-02,9,175.9,177.5,178.2,168.7,166.5,NA
2026-07-10,2026-06-02,8,175.9,177.5,178.2,168.7,166.5,NA
2026-07-11,2026-06-02,7,175.9,177.5,178.2,168.7,166.5,NA
2026-07-12,2026-06-02,6,175.9,177.5,178.2,168.7,166.5,NA
2026-07-13,2026-06-02,5,175.9,177.5,178.2,168.7,166.5,NA
2026-07-14,2026-06-02,4,175.9,177.5,178.2,168.7,166.5,NA
2026-07-15,2026-06-02,3,175.9,177.5,178.2,168.7,166.5,NA
2026-07-16,2026-06-02,2,175.9,177.5,178.2,168.7,166.5,NA
2026-07-17,2026-06-02,1,175.9,177.5,178.2,168.7,166.4,NA
2026-06-04,2026-06-03,45,103.4,175.7,176.3,166.6,174.7,NA
2026-06-05,2026-06-03,44,161.7,166.3,167.4,166.5,174.7,NA
2026-06-06,2026-06-03,43,173.3,175.6,176.2,166.5,174.7,NA
2026-06-07,2026-06-03,42,173.3,15.8,16.1,164.8,174.7,NA
2026-06-08,2026-06-03,41,173.3,13.6,16.1,164.8,174.7,NA
2026-06-09,2026-06-03,40,173.3,15.8,176.2,164.8,174.7,NA
2026-06-10,2026-06-03,39,173.3,13.6,176.2,164.8,174.7,NA
2026-06-11,2026-06-03,38,173.3,13.6,176.2,164.8,174.7,NA
2026-06-12,2026-06-03,37,173.3,175.6,176.2,164.8,174.7,NA
2026-06-13,2026-06-03,36,173.3,175.6,176.2,164.8,174.7,NA
2026-06-14,2026-06-03,35,173.3,175.6,176.2,164.8,174.7,NA
2026-06-15,2026-06-03,34,173.3,175.6,176.2,166.5,174.7,NA
2026-06-16,2026-06-03,33,173.3,175.6,176.2,164.8,174.7,NA
2026-06-17,2026-06-03,32,173.3,175.6,176.2,164.8,174.7,NA
2026-06-18,2026-06-03,31,173.3,175.6,176.2,164.8,174.7,NA
2026-06-19,2026-06-03,30,173.3,175.6,176.2,164.8,174.7,NA
2026-06-20,2026-06-03,29,173.3,175.6,176.2,164.8,174.7,NA
2026-06-21,2026-06-03,28,173.3,175.6,176.2,66.5,174.7,NA
2026-06-22,2026-06-03,27,173.3,175.6,176.2,66.5,174.7,NA
2026-06-23,2026-06-03,26,173.3,175.6,176.2,66.5,174.7,NA
2026-06-24,2026-06-03,25,173.3,175.6,176.2,166.5,174.7,NA
2026-06-25,2026-06-03,24,173.3,175.6,176.2,166.5,174.7,NA
2026-06-26,2026-06-03,23,173.3,175.6,176.2,166.5,174.7,NA
2026-06-27,2026-06-03,22,173.3,175.6,176.2,166.5,174.7,NA
2026-06-28,2026-06-03,21,173.3,175.6,176.2,166.5,174.7,NA
2026-06-29,2026-06-03,20,173.3,175.6,176.2,166.5,174.7,NA
2026-06-30,2026-06-03,19,173.3,175.6,176.2,166.5,174.7,NA
2026-07-01,2026-06-03,18,173.3,175.6,176.2,166.5,174.7,NA
2026-07-02,2026-06-03,17,173.3,175.6,176.2,166.5,174.7,NA
2026-07-03,2026-06-03,16,173.3,175.6,176.2,166.5,174.7,NA
2026-07-04,2026-06-03,15,173.3,175.6,176.2,166.5,174.7,NA
2026-07-05,2026-06-03,14,173.3,175.6,176.2,166.5,174.7,NA
2026-07-06,2026-06-03,13,173.3,175.6,176.2,166.5,174.7,NA
2026-07-07,2026-06-03,12,173.3,175.6,176.2,166.5,174.7,NA
2026-07-08,2026-06-03,11,173.3,175.6,176.2,166.5,174.7,NA
2026-07-09,2026-06-03,10,173.3,175.6,176.2,166.5,174.7,NA
2026-07-10,2026-06-03,9,173.3,175.6,176.2,166.5,174.7,NA
2026-07-11,2026-06-03,8,173.3,175.6,176.2,166.5,174.7,NA
2026-07-12,2026-06-03,7,173.3,175.6,176.2,166.5,174.7,NA
2026-07-13,2026-06-03,6,173.3,175.6,176.2,166.5,174.7,NA
2026-07-14,2026-06-03,5,173.3,175.6,176.2,166.5,174.7,NA
2026-07-15,2026-06-03,4,173.3,175.6,176.2,166.5,174.7,NA
2026-07-16,2026-06-03,3,173.3,175.6,176.2,166.5,174.7,NA
2026-07-17,2026-06-03,2,173.3,175.6,176.2,166.5,174.7,NA
2026-07-18,2026-06-03,1,173.3,175.6,176.2,176.3,174.7,NA
2026-06-05,2026-06-04,45,157.3,161.5,163.3,162.1,171,NA
2026-06-06,2026-06-04,44,171.1,173.2,174.1,162.1,171,NA
2026-06-07,2026-06-04,43,171.1,14.6,15.1,158.2,171,NA
2026-06-08,2026-06-04,42,171.1,11.2,15.1,158.2,171,NA
2026-06-09,2026-06-04,41,171.1,14.6,174.1,158.2,171,NA
2026-06-10,2026-06-04,40,171.1,11.2,174.1,158.2,171,NA
2026-06-11,2026-06-04,39,171.1,11.2,174.1,158.2,171,NA
2026-06-12,2026-06-04,38,171.1,173.2,174.1,158.2,171,NA
2026-06-13,2026-06-04,37,171.1,173.2,174.1,158.2,171,NA
2026-06-14,2026-06-04,36,171.1,173.2,174.1,158.2,171,NA
2026-06-15,2026-06-04,35,171.1,173.2,174.1,162.1,171,NA
2026-06-16,2026-06-04,34,171.1,173.2,174.1,158.2,171,NA
2026-06-17,2026-06-04,33,171.1,173.2,174.1,158.2,171,NA
2026-06-18,2026-06-04,32,171.1,173.2,174.1,158.2,171,NA
2026-06-19,2026-06-04,31,171.1,173.2,174.1,158.2,171,NA
2026-06-20,2026-06-04,30,171.1,173.2,174.1,158.2,171,NA
2026-06-21,2026-06-04,29,171.1,173.2,174.1,62.1,171,NA
2026-06-22,2026-06-04,28,171.1,173.2,174.1,62.1,171,NA
2026-06-23,2026-06-04,27,171.1,173.2,174.1,62.1,171,NA
2026-06-24,2026-06-04,26,171.1,173.2,174.1,162.1,171,NA
2026-06-25,2026-06-04,25,171.1,173.2,174.1,162.1,171,NA
2026-06-26,2026-06-04,24,171.1,173.2,174.1,162.1,171,NA
2026-06-27,2026-06-04,23,171.1,173.2,174.1,162.2,171,NA
2026-06-28,2026-06-04,22,171.1,173.2,174.1,162.2,171,NA
2026-06-29,2026-06-04,21,171.1,173.2,174.1,162.2,171,NA
2026-06-30,2026-06-04,20,171.1,173.2,174.1,162.2,171,NA
2026-07-01,2026-06-04,19,171.1,173.2,174.1,162.2,171,NA
2026-07-02,2026-06-04,18,171.2,173.2,174.1,162.1,171,NA
2026-07-03,2026-06-04,17,171.2,173.2,174.1,162.1,171,NA
2026-07-04,2026-06-04,16,171.2,173.2,174.1,162.1,171,NA
2026-07-05,2026-06-04,15,171.2,173.2,174.1,162.1,171,NA
2026-07-06,2026-06-04,14,171.2,173.2,174.1,162.1,171,NA
2026-07-07,2026-06-04,13,171.2,173.2,174.1,162.1,171,NA
2026-07-08,2026-06-04,12,171.2,173.2,174.1,162.1,171,NA
2026-07-09,2026-06-04,11,171.2,173.2,174.1,162.1,171,NA
2026-07-10,2026-06-04,10,171.2,173.2,174.1,162.1,171,NA
2026-07-11,2026-06-04,9,171.2,173.2,174.1,162.1,171,NA
2026-07-12,2026-06-04,8,171.1,173.2,174.1,162.1,171,NA
2026-07-13,2026-06-04,7,171.1,173.2,174.1,162.1,171,NA
2026-07-14,2026-06-04,6,171.1,173.2,174.1,162.1,171,NA
2026-07-15,2026-06-04,5,171.1,173.2,174.1,162.1,171,NA
2026-07-16,2026-06-04,4,171.1,173.2,174.1,162.1,171,NA
2026-07-17,2026-06-04,3,171.1,173.2,174.1,162.1,171,NA
2026-07-18,2026-06-04,2,171.1,173.2,174.1,165.3,171,NA
2026-07-19,2026-06-04,1,171.1,173.2,174.1,162.1,171,NA
2026-06-06,2026-06-05,45,169.4,171.8,172.5,160.2,167.3,NA
2026-06-07,2026-06-05,44,169.3,13.9,14.3,155.2,167.3,NA
2026-06-08,2026-06-05,43,169.3,9.8,14.3,155.2,167.3,NA
2026-06-09,2026-06-05,42,169.3,13.9,172.5,155.2,167.3,NA
2026-06-10,2026-06-05,41,169.3,9.8,172.5,155.2,167.3,NA
2026-06-11,2026-06-05,40,169.3,9.8,172.5,155.2,167.3,NA
2026-06-12,2026-06-05,39,169.3,171.8,172.5,155.2,167.3,NA
2026-06-13,2026-06-05,38,169.3,171.8,172.5,155.2,167.3,NA
2026-06-14,2026-06-05,37,169.3,171.8,172.5,155.2,167.3,NA
2026-06-15,2026-06-05,36,169.3,171.8,172.5,160.1,167.3,NA
2026-06-16,2026-06-05,35,169.3,171.8,172.5,155.2,167.3,NA
2026-06-17,2026-06-05,34,169.3,171.8,172.5,155.2,167.3,NA
2026-06-18,2026-06-05,33,169.3,171.8,172.5,155.2,167.3,NA
2026-06-19,2026-06-05,32,169.3,171.8,172.5,155.2,167.3,NA
2026-06-20,2026-06-05,31,169.3,171.8,172.5,155.2,167.3,NA
2026-06-21,2026-06-05,30,169.3,171.8,172.5,60.1,167.3,NA
2026-06-22,2026-06-05,29,169.3,171.8,172.5,60.1,167.3,NA
2026-06-23,2026-06-05,28,169.3,171.8,172.5,60.1,167.3,NA
2026-06-24,2026-06-05,27,169.3,171.8,172.5,160.1,167.3,NA
2026-06-25,2026-06-05,26,169.3,171.8,172.5,160.1,167.3,NA
2026-06-26,2026-06-05,25,169.3,171.8,172.5,160.1,167.3,NA
2026-06-27,2026-06-05,24,169.4,171.8,172.5,160.1,167.3,NA
2026-06-28,2026-06-05,23,169.4,171.8,172.5,160.1,167.3,NA
2026-06-29,2026-06-05,22,169.4,171.8,172.5,160.1,167.3,NA
2026-06-30,2026-06-05,21,169.4,171.8,172.5,160.1,167.3,NA
2026-07-01,2026-06-05,20,169.4,171.8,172.5,160.1,167.3,NA
2026-07-02,2026-06-05,19,169.3,171.8,172.5,160.1,167.3,NA
2026-07-03,2026-06-05,18,169.3,171.8,172.5,160.1,167.3,NA
2026-07-04,2026-06-05,17,169.3,171.8,172.5,160.1,167.3,NA
2026-07-05,2026-06-05,16,169.3,171.8,172.5,160.1,167.3,NA
2026-07-06,2026-06-05,15,169.3,171.8,172.5,160.1,167.3,NA
2026-07-07,2026-06-05,14,169.3,171.8,172.5,160.1,167.3,NA
2026-07-08,2026-06-05,13,169.3,171.8,172.5,160.1,167.3,NA
2026-07-09,2026-06-05,12,169.3,171.8,172.5,160.1,167.3,NA
2026-07-10,2026-06-05,11,169.3,171.8,172.5,160.1,167.3,NA
2026-07-11,2026-06-05,10,169.3,171.8,172.5,160.1,167.3,NA
2026-07-12,2026-06-05,9,169.3,171.8,172.5,160.1,167.3,NA
2026-07-13,2026-06-05,8,169.3,171.8,172.5,160.1,167.3,NA
2026-07-14,2026-06-05,7,169.3,171.8,172.5,160.1,167.3,NA
2026-07-15,2026-06-05,6,169.3,171.8,172.5,160.1,167.3,NA
2026-07-16,2026-06-05,5,169.3,171.8,172.5,160.1,167.3,NA
2026-07-17,2026-06-05,4,169.3,171.8,172.5,160.1,167.3,NA
2026-07-18,2026-06-05,3,169.3,171.8,172.5,160.3,167.3,NA
2026-07-19,2026-06-05,2,169.3,171.8,172.5,160.1,167.3,NA
2026-07-20,2026-06-05,1,169.3,171.8,172.5,160.1,167.3,NA
2026-06-07,2026-06-06,45,168.4,13.6,13.6,154.2,165.3,NA
2026-06-08,2026-06-06,44,168.3,9.1,13.6,154.2,165.3,NA
2026-06-09,2026-06-06,43,168.3,13.6,171.1,154.2,165.3,NA
2026-06-10,2026-06-06,42,168.3,9.1,171.1,154.2,165.3,NA
2026-06-11,2026-06-06,41,168.3,9.1,171.1,154.2,165.3,NA
2026-06-12,2026-06-06,40,168.3,171.1,171.1,154.2,165.3,NA
2026-06-13,2026-06-06,39,168.3,171.1,171.1,154.2,165.3,NA
2026-06-14,2026-06-06,38,168.3,171.1,171.1,154.2,165.3,NA
2026-06-15,2026-06-06,37,168.3,171.1,171.1,159.4,165.3,NA
2026-06-16,2026-06-06,36,168.3,171.1,171.1,154.2,165.3,NA
2026-06-17,2026-06-06,35,168.3,171.1,171.1,154.2,165.3,NA
2026-06-18,2026-06-06,34,168.3,171.1,171.1,154.2,165.3,NA
2026-06-19,2026-06-06,33,168.3,171.1,171.1,154.2,165.3,NA
2026-06-20,2026-06-06,32,168.3,171.1,171.1,154.2,165.3,NA
2026-06-21,2026-06-06,31,168.3,171.1,171.1,59.4,165.3,NA
2026-06-22,2026-06-06,30,168.3,171.1,171.1,59.4,165.3,NA
2026-06-23,2026-06-06,29,168.3,171.1,171.1,59.4,165.3,NA
2026-06-24,2026-06-06,28,168.3,171.1,171.1,159.4,165.3,NA
2026-06-25,2026-06-06,27,168.3,171.1,171.1,159.4,165.3,NA
2026-06-26,2026-06-06,26,168.3,171.1,171.1,159.4,165.3,NA
2026-06-27,2026-06-06,25,168.3,171.1,171.1,159.4,165.3,NA
2026-06-28,2026-06-06,24,168.3,171.2,171.1,159.4,165.3,NA
2026-06-29,2026-06-06,23,168.3,171.2,171.1,159.4,165.3,NA
2026-06-30,2026-06-06,22,168.3,171.2,171.2,159.4,165.3,NA
2026-07-01,2026-06-06,21,168.3,171.2,171.2,159.4,165.3,NA
2026-07-02,2026-06-06,20,168.3,171.2,171.2,159.4,165.3,NA
2026-07-03,2026-06-06,19,168.3,171.2,171.2,159.5,165.3,NA
2026-07-04,2026-06-06,18,168.3,171.2,171.2,159.4,165.3,NA
2026-07-05,2026-06-06,17,168.3,171.2,171.2,159.4,165.3,NA
2026-07-06,2026-06-06,16,168.3,171.2,171.2,159.5,165.3,NA
2026-07-07,2026-06-06,15,168.3,171.2,171.2,159.4,165.3,NA
2026-07-08,2026-06-06,14,168.3,171.2,171.2,159.4,165.3,NA
2026-07-09,2026-06-06,13,168.3,171.2,171.2,159.5,165.3,NA
2026-07-10,2026-06-06,12,168.3,171.2,171.2,159.4,165.3,NA
2026-07-11,2026-06-06,11,168.3,171.1,171.2,159.4,165.3,NA
2026-07-12,2026-06-06,10,168.3,171.1,171.2,159.5,165.3,NA
2026-07-13,2026-06-06,9,168.3,171.1,171.1,159.5,165.3,NA
2026-07-14,2026-06-06,8,168.3,171.1,171.1,159.5,165.3,NA
2026-07-15,2026-06-06,7,168.3,171.1,171.1,159.5,165.3,NA
2026-07-16,2026-06-06,6,168.3,171.1,171.1,159.5,165.3,NA
2026-07-17,2026-06-06,5,168.3,171.1,171.1,159.5,165.3,NA
2026-07-18,2026-06-06,4,168.3,171.1,171.1,158.6,165.3,NA
2026-07-19,2026-06-06,3,168.3,171.1,171.1,159.5,165.3,NA
2026-07-20,2026-06-06,2,168.3,171.1,171.1,159.5,165.3,NA
2026-06-08,2026-06-07,45,168,8.8,13.3,154.2,165,NA
2026-06-09,2026-06-07,44,168,13.4,170.6,154.2,165,NA
2026-06-10,2026-06-07,43,168,8.8,170.6,154.2,165,NA
2026-06-11,2026-06-07,42,168,8.8,170.6,154.2,165,NA
2026-06-12,2026-06-07,41,168,170.8,170.6,154.2,165,NA
2026-06-13,2026-06-07,40,168,170.8,170.6,154.2,165,NA
2026-06-14,2026-06-07,39,168,170.8,170.6,154.2,165,NA
2026-06-15,2026-06-07,38,168,170.8,170.6,159.4,165,NA
2026-06-16,2026-06-07,37,168,170.8,170.6,154.2,165,NA
2026-06-17,2026-06-07,36,168,170.8,170.6,154.2,165,NA
2026-06-18,2026-06-07,35,168,170.8,170.6,154.2,165,NA
2026-06-19,2026-06-07,34,168,170.8,170.6,154.2,165,NA
2026-06-20,2026-06-07,33,168,170.8,170.6,154.2,165,NA
2026-06-21,2026-06-07,32,168,170.8,170.6,59.4,165,NA
2026-06-22,2026-06-07,31,168,170.8,170.6,59.4,165,NA
2026-06-23,2026-06-07,30,168,170.8,170.6,59.4,165,NA
2026-06-24,2026-06-07,29,168,170.8,170.6,159.4,165,NA
2026-06-25,2026-06-07,28,168,170.8,170.6,159.4,165,NA
2026-06-26,2026-06-07,27,168,170.8,170.6,159.4,165,NA
2026-06-27,2026-06-07,26,168,170.8,170.6,159.4,165,NA
2026-06-28,2026-06-07,25,168,170.8,170.6,159.4,165,NA
2026-06-29,2026-06-07,24,168,170.8,170.6,159.4,165,NA
2026-06-30,2026-06-07,23,168,170.8,170.6,159.4,165,NA
2026-07-01,2026-06-07,22,168,170.8,170.6,159.4,165,NA
2026-07-02,2026-06-07,21,168,170.8,170.6,159.4,165,NA
2026-07-03,2026-06-07,20,168,170.8,170.6,159.4,165,NA
2026-07-04,2026-06-07,19,168,170.8,170.6,159.4,165,NA
2026-07-05,2026-06-07,18,168,170.8,170.6,159.4,165,NA
2026-07-06,2026-06-07,17,168,170.8,170.6,159.4,165,NA
2026-07-07,2026-06-07,16,168,170.8,170.6,159.4,165,NA
2026-07-08,2026-06-07,15,168,170.8,170.6,159.4,165,NA
2026-07-09,2026-06-07,14,168,170.8,170.6,159.4,165,NA
2026-07-10,2026-06-07,13,168,170.8,170.6,159.4,165,NA
2026-07-11,2026-06-07,12,168,170.8,170.6,159.4,165,NA
2026-07-12,2026-06-07,11,168,170.8,170.6,159.4,165,NA
2026-07-13,2026-06-07,10,168,170.8,170.6,159.4,165,NA
2026-07-14,2026-06-07,9,168,170.8,170.6,159.4,165,NA
2026-07-15,2026-06-07,8,168,170.8,170.6,159.4,165,NA
2026-07-16,2026-06-07,7,168,170.8,170.6,159.4,165,NA
2026-07-17,2026-06-07,6,168,170.8,170.6,159.4,165,NA
2026-07-18,2026-06-07,5,168,170.8,170.6,158.6,165,NA
2026-07-19,2026-06-07,4,168,170.8,170.6,159.4,165,NA
2026-07-20,2026-06-07,3,168,170.8,170.6,159.4,165,NA
2026-06-09,2026-06-08,45,167.7,13.2,170.1,153.8,163.9,NA
2026-06-10,2026-06-08,44,167.7,8.4,170.1,153.8,163.8,NA
2026-06-11,2026-06-08,43,167.7,8.4,170.1,153.8,163.8,NA
2026-06-12,2026-06-08,42,167.7,170.4,170.1,153.8,163.8,NA
2026-06-13,2026-06-08,41,167.7,170.4,170.1,153.8,163.8,NA
2026-06-14,2026-06-08,40,167.7,170.4,170.1,153.8,163.8,NA
2026-06-15,2026-06-08,39,167.7,170.4,170.1,159.2,163.8,NA
2026-06-16,2026-06-08,38,167.7,170.4,170.1,153.8,163.8,NA
2026-06-17,2026-06-08,37,167.7,170.4,170.1,153.8,163.8,NA
2026-06-18,2026-06-08,36,167.7,170.4,170.1,153.8,163.8,NA
2026-06-19,2026-06-08,35,167.7,170.4,170.1,153.8,163.8,NA
2026-06-20,2026-06-08,34,167.7,170.4,170.1,153.8,163.8,NA
2026-06-21,2026-06-08,33,167.7,170.4,170.1,59.2,163.8,NA
2026-06-22,2026-06-08,32,167.7,170.4,170.1,59.2,163.8,NA
2026-06-23,2026-06-08,31,167.7,170.4,170.1,59.2,163.8,NA
2026-06-24,2026-06-08,30,167.7,170.4,170.1,159.2,163.8,NA
2026-06-25,2026-06-08,29,167.7,170.4,170.1,159.2,163.8,NA
2026-06-26,2026-06-08,28,167.7,170.4,170.1,159.2,163.8,NA
2026-06-27,2026-06-08,27,167.8,170.4,170.1,159.2,163.8,NA
2026-06-28,2026-06-08,26,167.8,170.4,170.1,159.2,163.8,NA
2026-06-29,2026-06-08,25,167.8,170.4,170.1,159.2,163.8,NA
2026-06-30,2026-06-08,24,167.8,170.4,170.1,159.2,163.8,NA
2026-07-01,2026-06-08,23,167.8,170.4,170.1,159.2,163.8,NA
2026-07-02,2026-06-08,22,167.8,170.4,170.1,159.2,163.8,NA
2026-07-03,2026-06-08,21,167.8,170.4,170.1,159.2,163.8,NA
2026-07-04,2026-06-08,20,167.8,170.4,170.1,159.2,163.8,NA
2026-07-05,2026-06-08,19,167.8,170.4,170.1,159.2,163.8,NA
2026-07-06,2026-06-08,18,167.8,170.4,170.1,159.2,163.8,NA
2026-07-07,2026-06-08,17,167.8,170.4,170.1,159.2,163.8,NA
2026-07-08,2026-06-08,16,167.8,170.4,170.1,159.2,163.8,NA
2026-07-09,2026-06-08,15,167.8,170.4,170.1,159.2,163.8,NA
2026-07-10,2026-06-08,14,167.8,170.4,170.1,159.2,163.8,NA
2026-07-11,2026-06-08,13,167.8,170.4,170.1,159.2,163.8,NA
2026-07-12,2026-06-08,12,167.7,170.4,170.1,159.2,163.8,NA
2026-07-13,2026-06-08,11,167.7,170.4,170.1,159.2,163.8,NA
2026-07-14,2026-06-08,10,167.7,170.4,170.1,159.2,163.8,NA
2026-07-15,2026-06-08,9,167.7,170.4,170.1,159.2,163.8,NA
2026-07-16,2026-06-08,8,167.7,170.4,170.1,159.2,163.8,NA
2026-07-17,2026-06-08,7,167.7,170.4,170.1,159.2,163.8,NA
2026-07-18,2026-06-08,6,167.7,170.4,170.1,158,163.8,NA
2026-07-19,2026-06-08,5,167.7,170.4,170.1,159.2,163.8,NA
2026-07-20,2026-06-08,4,167.7,170.4,170.1,159.2,163.8,NA
2026-06-10,2026-06-09,45,166.8,7.8,169.6,153.7,160.5,NA
2026-06-11,2026-06-09,44,166.7,7.8,169.6,153.7,160.6,NA
2026-06-12,2026-06-09,43,166.7,169.8,169.6,153.7,160.6,NA
2026-06-13,2026-06-09,42,166.7,169.8,169.6,153.7,160.6,NA
2026-06-14,2026-06-09,41,166.7,169.8,169.6,153.7,160.6,NA
2026-06-15,2026-06-09,40,166.7,169.8,169.6,159.1,160.6,NA
2026-06-16,2026-06-09,39,166.7,169.8,169.6,153.7,160.6,NA
2026-06-17,2026-06-09,38,166.7,169.8,169.6,153.7,160.6,NA
2026-06-18,2026-06-09,37,166.7,169.8,169.6,153.7,160.6,NA
2026-06-19,2026-06-09,36,166.7,169.8,169.6,153.7,160.6,NA
2026-06-20,2026-06-09,35,166.7,169.8,169.6,153.7,160.6,NA
2026-06-21,2026-06-09,34,166.7,169.8,169.6,59.1,160.6,NA
2026-06-22,2026-06-09,33,166.7,169.8,169.6,59.1,160.6,NA
2026-06-23,2026-06-09,32,166.7,169.8,169.6,59.1,160.6,NA
2026-06-24,2026-06-09,31,166.7,169.8,169.6,159.1,160.6,NA
2026-06-25,2026-06-09,30,166.7,169.8,169.6,159.1,160.6,NA
2026-06-26,2026-06-09,29,166.7,169.8,169.6,159.1,160.6,NA
2026-06-27,2026-06-09,28,166.7,169.8,169.6,159.1,160.6,NA
2026-06-28,2026-06-09,27,166.7,169.8,169.6,159.1,160.6,NA
2026-06-29,2026-06-09,26,166.7,169.8,169.6,159.1,160.6,NA
2026-06-30,2026-06-09,25,166.7,169.8,169.6,159.1,160.6,NA
2026-07-01,2026-06-09,24,166.7,169.8,169.6,159.1,160.6,NA
2026-07-02,2026-06-09,23,166.7,169.8,169.6,159.1,160.6,NA
2026-07-03,2026-06-09,22,166.7,169.8,169.6,159.1,160.6,NA
2026-07-04,2026-06-09,21,166.7,169.8,169.6,159.1,160.6,NA
2026-07-05,2026-06-09,20,166.7,169.8,169.6,159.1,160.6,NA
2026-07-06,2026-06-09,19,166.7,169.8,169.6,159.1,160.6,NA
2026-07-07,2026-06-09,18,166.7,169.8,169.6,159.1,160.6,NA
2026-07-08,2026-06-09,17,166.7,169.8,169.6,159.1,160.6,NA
2026-07-09,2026-06-09,16,166.7,169.8,169.6,159.1,160.6,NA
2026-07-10,2026-06-09,15,166.7,169.8,169.6,159.1,160.6,NA
2026-07-11,2026-06-09,14,166.7,169.8,169.6,159.1,160.6,NA
2026-07-12,2026-06-09,13,166.7,169.8,169.6,159.1,160.6,NA
2026-07-13,2026-06-09,12,166.7,169.8,169.6,159.1,160.6,NA
2026-07-14,2026-06-09,11,166.7,169.8,169.6,159.1,160.6,NA
2026-07-15,2026-06-09,10,166.7,169.8,169.6,159.1,160.6,NA
2026-07-16,2026-06-09,9,166.7,169.8,169.6,159.1,160.6,NA
2026-07-17,2026-06-09,8,166.7,169.8,169.6,159.1,160.6,NA
2026-07-18,2026-06-09,7,166.7,169.8,169.6,157.8,160.6,NA
2026-07-19,2026-06-09,6,166.7,169.8,169.6,159.1,160.6,NA
2026-07-20,2026-06-09,5,166.7,169.8,169.6,159.1,160.6,NA
2026-06-11,2026-06-10,45,165.1,6.5,169.3,153.2,171.3,NA
2026-06-12,2026-06-10,44,165,168.5,169.3,153.2,171.3,NA
2026-06-13,2026-06-10,43,165,168.5,169.3,153.2,171.3,NA
2026-06-14,2026-06-10,42,165,168.5,169.3,153.2,171.3,NA
2026-06-15,2026-06-10,41,165,168.5,169.3,158.8,171.3,NA
2026-06-16,2026-06-10,40,165,168.5,169.3,153.2,171.3,NA
2026-06-17,2026-06-10,39,165,168.5,169.3,153.2,171.3,NA
2026-06-18,2026-06-10,38,165,168.5,169.3,153.2,171.3,NA
2026-06-19,2026-06-10,37,165,168.5,169.3,153.2,171.3,NA
2026-06-20,2026-06-10,36,165,168.5,169.3,153.2,171.3,NA
2026-06-21,2026-06-10,35,165,168.5,169.3,58.8,171.3,NA
2026-06-22,2026-06-10,34,165,168.5,169.3,58.8,171.3,NA
2026-06-23,2026-06-10,33,165,168.5,169.3,58.8,171.3,NA
2026-06-24,2026-06-10,32,165,168.5,169.3,158.8,171.3,NA
2026-06-25,2026-06-10,31,165,168.5,169.3,158.8,171.2,NA
2026-06-26,2026-06-10,30,165,168.5,169.3,158.8,171.2,NA
2026-06-27,2026-06-10,29,165,168.5,169.3,158.8,171.3,NA
2026-06-28,2026-06-10,28,165,168.5,169.3,158.8,171.2,NA
2026-06-29,2026-06-10,27,165,168.5,169.3,158.8,171.2,NA
2026-06-30,2026-06-10,26,165,168.5,169.3,158.8,171.3,NA
2026-07-01,2026-06-10,25,165,168.5,169.3,158.8,171.3,NA
2026-07-02,2026-06-10,24,165,168.5,169.3,158.8,171.3,NA
2026-07-03,2026-06-10,23,165,168.5,169.3,158.8,171.3,NA
2026-07-04,2026-06-10,22,165,168.5,169.3,158.8,171.3,NA
2026-07-05,2026-06-10,21,165,168.5,169.3,158.8,171.3,NA
2026-07-06,2026-06-10,20,165,168.5,169.3,158.8,171.3,NA
2026-07-07,2026-06-10,19,165,168.5,169.3,158.8,171.3,NA
2026-07-08,2026-06-10,18,165,168.5,169.3,158.8,171.3,NA
2026-07-09,2026-06-10,17,165,168.5,169.3,158.8,171.3,NA
2026-07-10,2026-06-10,16,165,168.5,169.3,158.8,171.3,NA
2026-07-11,2026-06-10,15,165,168.5,169.3,158.8,171.3,NA
2026-07-12,2026-06-10,14,165,168.5,169.3,158.8,171.2,NA
2026-07-13,2026-06-10,13,165,168.5,169.3,158.8,171.3,NA
2026-07-14,2026-06-10,12,165,168.5,169.3,158.8,171.3,NA
2026-07-15,2026-06-10,11,165,168.5,169.3,158.8,171.3,NA
2026-07-16,2026-06-10,10,165,168.5,169.3,158.8,171.3,NA
2026-07-17,2026-06-10,9,165,168.5,169.3,158.8,171.3,NA
2026-07-18,2026-06-10,8,165,168.5,169.3,157.1,171.3,NA
2026-07-19,2026-06-10,7,165,168.5,169.3,158.8,171.3,NA
2026-07-20,2026-06-10,6,165,168.5,169.3,158.8,171.3,NA
2026-06-12,2026-06-11,45,163.9,167.5,168.9,152.9,168.3,NA
2026-06-13,2026-06-11,44,163.8,167.4,168.9,152.9,168.3,NA
2026-06-14,2026-06-11,43,163.8,167.4,168.9,152.9,168.3,NA
2026-06-15,2026-06-11,42,163.8,167.4,168.9,158.6,168.3,NA
2026-06-16,2026-06-11,41,163.8,167.4,168.9,152.9,168.3,NA
2026-06-17,2026-06-11,40,163.8,167.4,168.9,152.9,168.3,NA
2026-06-18,2026-06-11,39,163.8,167.4,168.9,152.9,168.3,NA
2026-06-19,2026-06-11,38,163.8,167.4,168.9,152.9,168.3,NA
2026-06-20,2026-06-11,37,163.8,167.4,168.9,152.9,168.3,NA
2026-06-21,2026-06-11,36,163.8,167.4,168.9,58.6,168.3,NA
2026-06-22,2026-06-11,35,163.8,167.4,168.9,58.6,168.3,NA
2026-06-23,2026-06-11,34,163.8,167.4,168.9,58.6,168.3,NA
2026-06-24,2026-06-11,33,163.8,167.4,168.9,158.6,168.3,NA
2026-06-25,2026-06-11,32,163.8,167.4,168.9,158.6,168.3,NA
2026-06-26,2026-06-11,31,163.8,167.4,168.9,158.6,168.3,NA
2026-06-27,2026-06-11,30,163.8,167.4,168.9,158.6,168.3,NA
2026-06-28,2026-06-11,29,163.8,167.4,168.9,158.6,168.3,NA
2026-06-29,2026-06-11,28,163.8,167.4,168.9,158.6,168.3,NA
2026-06-30,2026-06-11,27,163.8,167.4,168.9,158.6,168.3,NA
2026-07-01,2026-06-11,26,163.8,167.4,168.9,158.6,168.3,NA
2026-07-02,2026-06-11,25,163.8,167.4,168.9,158.6,168.3,NA
2026-07-03,2026-06-11,24,163.8,167.4,168.9,158.6,168.3,NA
2026-07-04,2026-06-11,23,163.8,167.4,168.9,158.6,168.3,NA
2026-07-05,2026-06-11,22,163.8,167.4,168.9,158.6,168.3,NA
2026-07-06,2026-06-11,21,163.8,167.4,168.9,158.6,168.3,NA
2026-07-07,2026-06-11,20,163.8,167.4,168.9,158.6,168.3,NA
2026-07-08,2026-06-11,19,163.8,167.4,168.9,158.6,168.3,NA
2026-07-09,2026-06-11,18,163.8,167.4,168.9,158.6,168.3,NA
2026-07-10,2026-06-11,17,163.8,167.4,168.9,158.6,168.3,NA
2026-07-11,2026-06-11,16,163.8,167.4,168.9,158.6,168.3,NA
2026-07-12,2026-06-11,15,163.8,167.4,168.9,158.6,168.3,NA
2026-07-13,2026-06-11,14,163.8,167.4,168.9,158.6,168.3,NA
2026-07-14,2026-06-11,13,163.8,167.4,168.9,158.6,168.3,NA
2026-07-15,2026-06-11,12,163.8,167.4,168.9,158.6,168.3,NA
2026-07-16,2026-06-11,11,163.8,167.4,168.9,158.6,168.3,NA
2026-07-17,2026-06-11,10,163.8,167.4,168.9,158.6,168.3,NA
2026-07-18,2026-06-11,9,163.8,167.4,168.9,156.5,168.3,NA
2026-07-19,2026-06-11,8,163.8,167.4,168.9,158.6,168.3,NA
2026-07-20,2026-06-11,7,163.8,167.4,168.9,158.6,168.3,NA
2026-06-13,2026-06-12,45,163.2,166.3,168.5,152.8,165.4,NA
2026-06-14,2026-06-12,44,163.2,166.2,168.5,152.8,165.4,NA
2026-06-15,2026-06-12,43,163.2,166.2,168.5,158.5,165.4,NA
2026-06-16,2026-06-12,42,163.2,166.2,168.5,152.8,165.4,NA
2026-06-17,2026-06-12,41,163.2,166.2,168.5,152.8,165.4,NA
2026-06-18,2026-06-12,40,163.2,166.2,168.5,152.8,165.4,NA
2026-06-19,2026-06-12,39,163.2,166.2,168.5,152.8,165.4,NA
2026-06-20,2026-06-12,38,163.2,166.2,168.5,152.8,165.4,NA
2026-06-21,2026-06-12,37,163.2,166.2,168.5,58.5,165.4,NA
2026-06-22,2026-06-12,36,163.2,166.2,168.5,58.5,165.4,NA
2026-06-23,2026-06-12,35,163.2,166.2,168.5,58.5,165.4,NA
2026-06-24,2026-06-12,34,163.2,166.2,168.5,158.5,165.5,NA
2026-06-25,2026-06-12,33,163.2,166.2,168.5,158.5,165.5,NA
2026-06-26,2026-06-12,32,163.2,166.2,168.5,158.5,165.5,NA
2026-06-27,2026-06-12,31,163.3,166.2,168.5,158.5,165.5,NA
2026-06-28,2026-06-12,30,163.3,166.2,168.5,158.5,165.5,NA
2026-06-29,2026-06-12,29,163.3,166.2,168.5,158.5,165.5,NA
2026-06-30,2026-06-12,28,163.3,166.2,168.5,158.5,165.5,NA
2026-07-01,2026-06-12,27,163.3,166.2,168.5,158.5,165.4,NA
2026-07-02,2026-06-12,26,163.2,166.2,168.5,158.5,165.4,NA
2026-07-03,2026-06-12,25,163.2,166.2,168.5,158.5,165.4,NA
2026-07-04,2026-06-12,24,163.2,166.2,168.5,158.5,165.4,NA
2026-07-05,2026-06-12,23,163.2,166.2,168.5,158.5,165.4,NA
2026-07-06,2026-06-12,22,163.2,166.2,168.5,158.5,165.4,NA
2026-07-07,2026-06-12,21,163.2,166.2,168.5,158.5,165.4,NA
2026-07-08,2026-06-12,20,163.2,166.2,168.5,158.5,165.4,NA
2026-07-09,2026-06-12,19,163.2,166.2,168.5,158.5,165.4,NA
2026-07-10,2026-06-12,18,163.2,166.2,168.5,158.5,165.4,NA
2026-07-11,2026-06-12,17,163.2,166.2,168.5,158.5,165.4,NA
2026-07-12,2026-06-12,16,163.2,166.2,168.5,158.5,165.4,NA
2026-07-13,2026-06-12,15,163.2,166.2,168.5,158.5,165.4,NA
2026-07-14,2026-06-12,14,163.2,166.2,168.5,158.5,165.4,NA
2026-07-15,2026-06-12,13,163.2,166.2,168.5,158.5,165.4,NA
2026-07-16,2026-06-12,12,163.2,166.2,168.5,158.5,165.4,NA
2026-07-17,2026-06-12,11,163.2,166.2,168.5,158.5,165.4,NA
2026-07-18,2026-06-12,10,163.2,166.2,168.5,156.3,165.4,NA
2026-07-19,2026-06-12,9,163.2,166.2,168.5,158.5,165.4,NA
2026-07-20,2026-06-12,8,163.2,166.2,168.5,158.5,165.4,NA
2026-06-14,2026-06-13,45,162.9,165.9,168,152.9,164.3,NA
2026-06-15,2026-06-13,44,162.9,165.9,168,158.6,164.2,NA
2026-06-16,2026-06-13,43,162.9,165.9,168,152.9,164.2,NA
2026-06-17,2026-06-13,42,162.9,165.9,168,152.9,164.2,NA
2026-06-18,2026-06-13,41,162.9,165.9,168,152.9,164.2,NA
2026-06-19,2026-06-13,40,162.9,165.9,168,152.9,164.2,NA
2026-06-20,2026-06-13,39,162.9,165.9,168,152.9,164.2,NA
2026-06-21,2026-06-13,38,162.9,165.9,168,58.6,164.2,NA
2026-06-22,2026-06-13,37,162.9,165.9,168,58.6,164.2,NA
2026-06-23,2026-06-13,36,162.9,165.9,168,58.6,164.2,NA
2026-06-24,2026-06-13,35,162.9,165.9,168,158.6,164.2,NA
2026-06-25,2026-06-13,34,162.9,165.9,168,158.6,164.2,NA
2026-06-26,2026-06-13,33,162.9,165.9,168,158.6,164.2,NA
2026-06-27,2026-06-13,32,162.9,165.9,168,158.6,164.2,NA
2026-06-28,2026-06-13,31,162.9,165.9,168,158.6,164.2,NA
2026-06-29,2026-06-13,30,162.9,165.9,168,158.6,164.2,NA
2026-06-30,2026-06-13,29,162.9,165.9,168,158.6,164.2,NA
2026-07-01,2026-06-13,28,162.9,165.9,168,158.6,164.2,NA
2026-07-02,2026-06-13,27,162.9,165.9,168,158.6,164.2,NA
2026-07-03,2026-06-13,26,162.9,165.9,168,158.6,164.2,NA
2026-07-04,2026-06-13,25,162.9,165.9,168,158.6,164.2,NA
2026-07-05,2026-06-13,24,162.9,165.9,168,158.6,164.2,NA
2026-07-06,2026-06-13,23,162.9,165.9,168,158.6,164.2,NA
2026-07-07,2026-06-13,22,162.9,165.9,168,158.6,164.2,NA
2026-07-08,2026-06-13,21,162.9,165.9,168,158.6,164.2,NA
2026-07-09,2026-06-13,20,162.9,165.9,168,158.6,164.2,NA
2026-07-10,2026-06-13,19,162.9,165.9,168,158.6,164.2,NA
2026-07-11,2026-06-13,18,162.9,165.9,168,158.6,164.2,NA
2026-07-12,2026-06-13,17,162.9,165.9,168,158.6,164.2,NA
2026-07-13,2026-06-13,16,162.9,165.9,168,158.6,164.2,NA
2026-07-14,2026-06-13,15,162.9,165.9,168,158.6,164.2,NA
2026-07-15,2026-06-13,14,162.9,165.9,168,158.6,164.2,NA
2026-07-16,2026-06-13,13,162.9,165.9,168,158.6,164.2,NA
2026-07-17,2026-06-13,12,162.9,165.9,168,158.6,164.2,NA
2026-07-18,2026-06-13,11,162.9,165.9,168,156.5,164.2,NA
2026-07-19,2026-06-13,10,162.9,165.9,168,158.6,164.2,NA
2026-07-20,2026-06-13,9,162.9,165.9,168,158.6,164.2,NA
2026-06-15,2026-06-14,45,162.8,165.9,167.9,158.6,164,NA
2026-06-16,2026-06-14,44,162.8,165.9,167.9,152.9,164,NA
2026-06-17,2026-06-14,43,162.8,165.9,167.9,152.9,164,NA
2026-06-18,2026-06-14,42,162.8,165.9,167.9,152.9,164,NA
2026-06-19,2026-06-14,41,162.8,165.9,167.9,152.9,164,NA
2026-06-20,2026-06-14,40,162.8,165.9,167.9,152.9,164,NA
2026-06-21,2026-06-14,39,162.8,165.9,167.9,58.6,164,NA
2026-06-22,2026-06-14,38,162.8,165.9,167.9,58.6,164,NA
2026-06-23,2026-06-14,37,162.8,165.9,167.9,58.6,164,NA
2026-06-24,2026-06-14,36,162.8,165.9,167.9,158.6,164,NA
2026-06-25,2026-06-14,35,162.8,165.9,167.9,158.6,164,NA
2026-06-26,2026-06-14,34,162.8,165.9,167.9,158.6,164,NA
2026-06-27,2026-06-14,33,162.8,165.9,167.9,158.6,164,NA
2026-06-28,2026-06-14,32,162.8,165.9,167.9,158.6,164,NA
2026-06-29,2026-06-14,31,162.8,165.9,167.9,158.6,164,NA
2026-06-30,2026-06-14,30,162.8,165.9,167.9,158.6,164,NA
2026-07-01,2026-06-14,29,162.8,165.9,167.9,158.6,164,NA
2026-07-02,2026-06-14,28,162.8,165.9,167.9,158.6,164,NA
2026-07-03,2026-06-14,27,162.8,165.9,167.9,158.6,164,NA
2026-07-04,2026-06-14,26,162.8,165.9,167.9,158.6,164,NA
2026-07-05,2026-06-14,25,162.8,165.9,167.9,158.6,164,NA
2026-07-06,2026-06-14,24,162.8,165.9,167.9,158.6,164,NA
2026-07-07,2026-06-14,23,162.8,165.9,167.9,158.6,164,NA
2026-07-08,2026-06-14,22,162.8,165.9,167.9,158.6,164,NA
2026-07-09,2026-06-14,21,162.8,165.9,167.9,158.6,164,NA
2026-07-10,2026-06-14,20,162.8,165.9,167.9,158.6,164,NA
2026-07-11,2026-06-14,19,162.8,165.9,167.9,158.6,164,NA
2026-07-12,2026-06-14,18,162.8,165.9,167.9,158.6,164,NA
2026-07-13,2026-06-14,17,162.8,165.9,167.9,158.6,164,NA
2026-07-14,2026-06-14,16,162.8,165.9,167.9,158.6,164,NA
2026-07-15,2026-06-14,15,162.8,165.9,167.9,158.6,164,NA
2026-07-16,2026-06-14,14,162.8,165.9,167.9,158.6,164,NA
2026-07-17,2026-06-14,13,162.8,165.9,167.9,158.6,164,NA
2026-07-18,2026-06-14,12,162.8,165.9,167.9,156.5,164,NA
2026-07-19,2026-06-14,11,162.8,165.9,167.9,158.6,164,NA
2026-07-20,2026-06-14,10,162.8,165.9,167.9,158.6,164,NA
2026-06-16,2026-06-15,45,162.9,165.3,167.7,153.1,163.2,NA
2026-06-17,2026-06-15,44,162.9,165.2,167.7,153.1,163.1,NA
2026-06-18,2026-06-15,43,162.9,165.2,167.7,153.1,163.1,NA
2026-06-19,2026-06-15,42,162.9,165.2,167.7,153.1,163.1,NA
2026-06-20,2026-06-15,41,162.9,165.2,167.7,153.1,163.1,NA
2026-06-21,2026-06-15,40,162.9,165.2,167.7,58.7,163.1,NA
2026-06-22,2026-06-15,39,162.9,165.2,167.7,58.7,163.1,NA
2026-06-23,2026-06-15,38,162.9,165.2,167.7,58.7,163.1,NA
2026-06-24,2026-06-15,37,162.9,165.2,167.7,158.7,163.2,NA
2026-06-25,2026-06-15,36,162.9,165.2,167.7,158.7,163.2,NA
2026-06-26,2026-06-15,35,162.9,165.2,167.7,158.7,163.2,NA
2026-06-27,2026-06-15,34,162.9,165.2,167.7,158.8,163.2,NA
2026-06-28,2026-06-15,33,162.9,165.2,167.7,158.8,163.2,NA
2026-06-29,2026-06-15,32,162.9,165.2,167.7,158.8,163.2,NA
2026-06-30,2026-06-15,31,162.9,165.2,167.8,158.8,163.2,NA
2026-07-01,2026-06-15,30,162.9,165.2,167.8,158.8,163.1,NA
2026-07-02,2026-06-15,29,162.9,165.2,167.8,158.7,163.1,NA
2026-07-03,2026-06-15,28,162.9,165.2,167.8,158.7,163.1,NA
2026-07-04,2026-06-15,27,162.9,165.2,167.8,158.7,163.1,NA
2026-07-05,2026-06-15,26,162.9,165.2,167.8,158.7,163.1,NA
2026-07-06,2026-06-15,25,162.9,165.2,167.8,158.7,163.1,NA
2026-07-07,2026-06-15,24,162.9,165.2,167.8,158.7,163.1,NA
2026-07-08,2026-06-15,23,162.9,165.2,167.8,158.7,163.1,NA
2026-07-09,2026-06-15,22,162.9,165.2,167.8,158.7,163.1,NA
2026-07-10,2026-06-15,21,162.9,165.2,167.8,158.7,163.1,NA
2026-07-11,2026-06-15,20,162.9,165.2,167.8,158.7,163.1,NA
2026-07-12,2026-06-15,19,162.9,165.2,167.8,158.7,163.1,NA
2026-07-13,2026-06-15,18,162.9,165.2,167.7,158.7,163.1,NA
2026-07-14,2026-06-15,17,162.9,165.2,167.7,158.7,163.1,NA
2026-07-15,2026-06-15,16,162.9,165.2,167.7,158.7,163.1,NA
2026-07-16,2026-06-15,15,162.9,165.2,167.7,158.7,163.1,NA
2026-07-17,2026-06-15,14,162.9,165.2,167.7,158.7,163.1,NA
2026-07-18,2026-06-15,13,162.9,165.2,167.7,156.8,163.1,NA
2026-07-19,2026-06-15,12,162.9,165.2,167.7,158.7,163.1,NA
2026-07-20,2026-06-15,11,162.9,165.2,167.7,158.7,163.1,NA
2026-06-17,2026-06-16,45,162.9,164.8,167.5,153.2,159.7,NA
2026-06-18,2026-06-16,44,162.9,164.8,167.5,153.2,159.8,NA
2026-06-19,2026-06-16,43,162.9,164.8,167.5,153.2,159.8,NA
2026-06-20,2026-06-16,42,162.9,164.8,167.5,153.2,159.8,NA
2026-06-21,2026-06-16,41,162.9,164.8,167.5,58.8,159.8,NA
2026-06-22,2026-06-16,40,162.9,164.8,167.5,58.8,159.8,NA
2026-06-23,2026-06-16,39,162.9,164.8,167.5,58.8,159.8,NA
2026-06-24,2026-06-16,38,162.9,164.8,167.5,158.8,159.8,NA
2026-06-25,2026-06-16,37,162.9,164.8,167.5,158.8,159.8,NA
2026-06-26,2026-06-16,36,162.9,164.8,167.5,158.8,159.8,NA
2026-06-27,2026-06-16,35,162.9,164.8,167.5,158.8,159.8,NA
2026-06-28,2026-06-16,34,162.9,164.8,167.5,158.8,159.8,NA
2026-06-29,2026-06-16,33,162.9,164.8,167.5,158.8,159.8,NA
2026-06-30,2026-06-16,32,162.9,164.8,167.5,158.8,159.8,NA
2026-07-01,2026-06-16,31,162.9,164.8,167.5,158.8,159.8,NA
2026-07-02,2026-06-16,30,162.9,164.8,167.5,158.8,159.8,NA
2026-07-03,2026-06-16,29,162.9,164.8,167.5,158.8,159.8,NA
2026-07-04,2026-06-16,28,162.9,164.8,167.5,158.8,159.8,NA
2026-07-05,2026-06-16,27,162.9,164.8,167.5,158.8,159.8,NA
2026-07-06,2026-06-16,26,162.9,164.8,167.5,158.8,159.8,NA
2026-07-07,2026-06-16,25,162.9,164.8,167.5,158.8,159.8,NA
2026-07-08,2026-06-16,24,162.9,164.8,167.5,158.8,159.8,NA
2026-07-09,2026-06-16,23,162.9,164.8,167.5,158.8,159.8,NA
2026-07-10,2026-06-16,22,162.9,164.8,167.5,158.8,159.8,NA
2026-07-11,2026-06-16,21,162.9,164.8,167.5,158.8,159.8,NA
2026-07-12,2026-06-16,20,162.9,164.8,167.5,158.8,159.8,NA
2026-07-13,2026-06-16,19,162.9,164.8,167.5,158.8,159.8,NA
2026-07-14,2026-06-16,18,162.9,164.8,167.5,158.8,159.8,NA
2026-07-15,2026-06-16,17,162.9,164.8,167.5,158.8,159.8,NA
2026-07-16,2026-06-16,16,162.9,164.8,167.5,158.8,159.8,NA
2026-07-17,2026-06-16,15,162.9,164.8,167.5,158.8,159.8,NA
2026-07-18,2026-06-16,14,162.9,164.8,167.5,157,159.8,NA
2026-07-19,2026-06-16,13,162.9,164.8,167.5,158.8,159.8,NA
2026-07-20,2026-06-16,12,162.9,164.8,167.5,158.8,159.8,NA
2026-06-18,2026-06-17,45,162.1,163.9,167.1,152.2,168.1,NA
2026-06-19,2026-06-17,44,162.1,163.9,167.1,152.2,168.1,NA
2026-06-20,2026-06-17,43,162.1,163.9,167.1,152.2,168.1,NA
2026-06-21,2026-06-17,42,162.1,163.9,167.1,58.1,168.1,NA
2026-06-22,2026-06-17,41,162.1,163.9,167.1,58.1,168.1,NA
2026-06-23,2026-06-17,40,162.1,163.9,167.1,58.1,168.1,NA
2026-06-24,2026-06-17,39,162.1,163.9,167.1,158.1,168.1,NA
2026-06-25,2026-06-17,38,162.1,163.9,167.1,158.1,168.1,NA
2026-06-26,2026-06-17,37,162.1,163.9,167.1,158.1,168.1,NA
2026-06-27,2026-06-17,36,162.1,163.9,167.1,158.2,168.1,NA
2026-06-28,2026-06-17,35,162.1,163.9,167.1,158.2,168.1,NA
2026-06-29,2026-06-17,34,162.1,163.9,167.1,158.2,168.1,NA
2026-06-30,2026-06-17,33,162.1,163.9,167.2,158.2,168.1,NA
2026-07-01,2026-06-17,32,162.1,163.9,167.2,158.2,168.1,NA
2026-07-02,2026-06-17,31,162.1,163.9,167.2,158.1,168.1,NA
2026-07-03,2026-06-17,30,162.1,163.9,167.2,158.1,168.1,NA
2026-07-04,2026-06-17,29,162.1,163.9,167.2,158.1,168.1,NA
2026-07-05,2026-06-17,28,162.1,163.9,167.2,158.1,168.1,NA
2026-07-06,2026-06-17,27,162.1,163.9,167.2,158.1,168.1,NA
2026-07-07,2026-06-17,26,162.1,163.9,167.2,158.1,168.1,NA
2026-07-08,2026-06-17,25,162.1,163.9,167.2,158.1,168.1,NA
2026-07-09,2026-06-17,24,162.1,163.9,167.2,158.1,168.1,NA
2026-07-10,2026-06-17,23,162.1,163.9,167.2,158.1,168.1,NA
2026-07-11,2026-06-17,22,162.1,163.9,167.2,158.1,168.1,NA
2026-07-12,2026-06-17,21,162.1,163.9,167.2,158.1,168.1,NA
2026-07-13,2026-06-17,20,162.1,163.9,167.1,158.1,168.1,NA
2026-07-14,2026-06-17,19,162.1,163.9,167.1,158.1,168.1,NA
2026-07-15,2026-06-17,18,162.1,163.9,167.1,158.1,168.1,NA
2026-07-16,2026-06-17,17,162.1,163.9,167.1,158.1,168.1,NA
2026-07-17,2026-06-17,16,162.1,163.9,167.1,158.1,168.1,NA
2026-07-18,2026-06-17,15,162.1,163.9,167.1,155.3,168.1,NA
2026-07-19,2026-06-17,14,162.1,163.9,167.1,158.1,168.1,NA
2026-07-20,2026-06-17,13,162.1,163.9,167.1,158.1,168.1,NA
2026-06-19,2026-06-18,45,161.2,162.9,166.2,150.9,164.4,NA
2026-06-20,2026-06-18,44,161.1,162.8,166.1,150.8,164.4,NA
2026-06-21,2026-06-18,43,161.1,162.8,166.1,57.2,164.4,NA
2026-06-22,2026-06-18,42,161.1,162.8,166.1,57.2,164.4,NA
2026-06-23,2026-06-18,41,161.1,162.8,166.1,57.2,164.4,NA
2026-06-24,2026-06-18,40,161.1,162.8,166.1,157.2,164.4,NA
2026-06-25,2026-06-18,39,161.1,162.8,166.1,157.2,164.4,NA
2026-06-26,2026-06-18,38,161.1,162.8,166.1,157.2,164.4,NA
2026-06-27,2026-06-18,37,161.2,162.8,166.1,157.2,164.4,NA
2026-06-28,2026-06-18,36,161.2,162.8,166.1,157.2,164.4,NA
2026-06-29,2026-06-18,35,161.2,162.8,166.1,157.2,164.4,NA
2026-06-30,2026-06-18,34,161.2,162.8,166.1,157.2,164.4,NA
2026-07-01,2026-06-18,33,161.2,162.8,166.1,157.2,164.4,NA
2026-07-02,2026-06-18,32,161.1,162.8,166.1,157.2,164.4,NA
2026-07-03,2026-06-18,31,161.1,162.8,166.1,157.2,164.4,NA
2026-07-04,2026-06-18,30,161.1,162.8,166.1,157.2,164.4,NA
2026-07-05,2026-06-18,29,161.1,162.8,166.1,157.2,164.4,NA
2026-07-06,2026-06-18,28,161.1,162.8,166.1,157.2,164.4,NA
2026-07-07,2026-06-18,27,161.1,162.8,166.1,157.2,164.4,NA
2026-07-08,2026-06-18,26,161.1,162.8,166.1,157.2,164.4,NA
2026-07-09,2026-06-18,25,161.1,162.8,166.1,157.2,164.4,NA
2026-07-10,2026-06-18,24,161.1,162.8,166.1,157.2,164.4,NA
2026-07-11,2026-06-18,23,161.1,162.8,166.1,157.2,164.4,NA
2026-07-12,2026-06-18,22,161.1,162.8,166.1,157.2,164.5,NA
2026-07-13,2026-06-18,21,161.1,162.8,166.1,157.2,164.4,NA
2026-07-14,2026-06-18,20,161.1,162.8,166.1,157.2,164.4,NA
2026-07-15,2026-06-18,19,161.1,162.8,166.1,157.2,164.4,NA
2026-07-16,2026-06-18,18,161.1,162.8,166.1,157.2,164.4,NA
2026-07-17,2026-06-18,17,161.1,162.8,166.1,157.2,164.4,NA
2026-07-18,2026-06-18,16,161.1,162.8,166.1,153,164.4,NA
2026-07-19,2026-06-18,15,161.1,162.8,166.1,157.2,164.4,NA
2026-07-20,2026-06-18,14,161.1,162.8,166.1,157.2,164.4,NA
2026-06-20,2026-06-19,45,160.2,162.3,164.8,149.5,160.4,NA
2026-06-21,2026-06-19,44,160.2,162.3,164.8,56.3,160.4,NA
2026-06-22,2026-06-19,43,160.2,162.3,164.8,56.3,160.4,NA
2026-06-23,2026-06-19,42,160.2,162.3,164.8,56.3,160.4,NA
2026-06-24,2026-06-19,41,160.2,162.3,164.8,156.3,160.4,NA
2026-06-25,2026-06-19,40,160.2,162.3,164.8,156.3,160.4,NA
2026-06-26,2026-06-19,39,160.2,162.3,164.8,156.3,160.4,NA
2026-06-27,2026-06-19,38,160.2,162.3,164.8,156.3,160.4,NA
2026-06-28,2026-06-19,37,160.2,162.3,164.8,156.3,160.4,NA
2026-06-29,2026-06-19,36,160.2,162.3,164.8,156.3,160.4,NA
2026-06-30,2026-06-19,35,160.2,162.3,164.8,156.3,160.4,NA
2026-07-01,2026-06-19,34,160.2,162.3,164.8,156.3,160.4,NA
2026-07-02,2026-06-19,33,160.2,162.3,164.8,156.3,160.4,NA
2026-07-03,2026-06-19,32,160.2,162.3,164.8,156.3,160.4,NA
2026-07-04,2026-06-19,31,160.2,162.3,164.8,156.3,160.4,NA
2026-07-05,2026-06-19,30,160.2,162.3,164.8,156.3,160.4,NA
2026-07-06,2026-06-19,29,160.2,162.3,164.8,156.3,160.4,NA
2026-07-07,2026-06-19,28,160.2,162.3,164.8,156.3,160.4,NA
2026-07-08,2026-06-19,27,160.2,162.3,164.8,156.3,160.4,NA
2026-07-09,2026-06-19,26,160.2,162.3,164.8,156.3,160.4,NA
2026-07-10,2026-06-19,25,160.2,162.3,164.8,156.3,160.4,NA
2026-07-11,2026-06-19,24,160.2,162.3,164.8,156.3,160.4,NA
2026-07-12,2026-06-19,23,160.2,162.3,164.8,156.3,160.5,NA
2026-07-13,2026-06-19,22,160.2,162.3,164.8,156.3,160.4,NA
2026-07-14,2026-06-19,21,160.2,162.3,164.8,156.3,160.4,NA
2026-07-15,2026-06-19,20,160.2,162.3,164.8,156.3,160.4,NA
2026-07-16,2026-06-19,19,160.2,162.3,164.8,156.3,160.4,NA
2026-07-17,2026-06-19,18,160.2,162.3,164.8,156.3,160.4,NA
2026-07-18,2026-06-19,17,160.2,162.3,164.8,150.8,160.4,NA
2026-07-19,2026-06-19,16,160.2,162.3,164.8,156.3,160.4,NA
2026-07-20,2026-06-19,15,160.2,162.3,164.8,156.3,160.4,NA
2026-06-21,2026-06-20,45,159.6,161.9,163.9,55.1,158.9,NA
2026-06-22,2026-06-20,44,159.6,161.9,163.8,55,158.8,NA
2026-06-23,2026-06-20,43,159.6,161.9,163.8,55,158.8,NA
2026-06-24,2026-06-20,42,159.6,161.9,163.8,155,158.8,NA
2026-06-25,2026-06-20,41,159.6,161.9,163.8,155,158.8,NA
2026-06-26,2026-06-20,40,159.6,161.9,163.8,155,158.8,NA
2026-06-27,2026-06-20,39,159.6,161.9,163.8,155,158.8,NA
2026-06-28,2026-06-20,38,159.6,161.9,163.8,155,158.8,NA
2026-06-29,2026-06-20,37,159.6,161.9,163.8,155,158.8,NA
2026-06-30,2026-06-20,36,159.6,161.9,163.8,155,158.8,NA
2026-07-01,2026-06-20,35,159.6,161.9,163.8,155,158.8,NA
2026-07-02,2026-06-20,34,159.6,161.9,163.8,155,158.8,NA
2026-07-03,2026-06-20,33,159.6,161.9,163.8,155,158.8,NA
2026-07-04,2026-06-20,32,159.6,161.9,163.8,155,158.8,NA
2026-07-05,2026-06-20,31,159.6,161.9,163.8,155,158.8,NA
2026-07-06,2026-06-20,30,159.6,161.9,163.8,155,158.8,NA
2026-07-07,2026-06-20,29,159.6,161.9,163.8,155,158.8,NA
2026-07-08,2026-06-20,28,159.6,161.9,163.8,155,158.8,NA
2026-07-09,2026-06-20,27,159.6,161.9,163.8,155,158.8,NA
2026-07-10,2026-06-20,26,159.6,161.9,163.8,155,158.8,NA
2026-07-11,2026-06-20,25,159.6,161.9,163.8,155,158.8,NA
2026-07-12,2026-06-20,24,159.6,161.9,163.8,155,158.8,NA
2026-07-13,2026-06-20,23,159.6,161.9,163.8,155,158.8,NA
2026-07-14,2026-06-20,22,159.6,161.9,163.8,155,158.8,NA
2026-07-15,2026-06-20,21,159.6,161.9,163.8,155,158.8,NA
2026-07-16,2026-06-20,20,159.6,161.9,163.8,155,158.8,NA
2026-07-17,2026-06-20,19,159.6,161.9,163.8,155,158.8,NA
2026-07-18,2026-06-20,18,159.6,161.9,163.8,147.5,158.8,NA
2026-07-19,2026-06-20,17,159.6,161.9,163.8,155,158.8,NA
2026-07-20,2026-06-20,16,159.6,161.9,163.8,155,158.8,NA
2026-06-22,2026-06-21,45,159.1,161.4,163.4,54.4,158.2,NA
2026-06-23,2026-06-21,44,159.1,161.3,163.4,54.3,158.2,NA
2026-06-24,2026-06-21,43,159.1,161.3,163.4,154.3,158.2,NA
2026-06-25,2026-06-21,42,159.1,161.3,163.4,154.3,158.2,NA
2026-06-26,2026-06-21,41,159.1,161.3,163.4,154.3,158.2,NA
2026-06-27,2026-06-21,40,159.1,161.3,163.4,154.3,158.2,NA
2026-06-28,2026-06-21,39,159.1,161.3,163.4,154.3,158.2,NA
2026-06-29,2026-06-21,38,159.1,161.3,163.4,154.3,158.2,NA
2026-06-30,2026-06-21,37,159.1,161.3,163.4,154.3,158.2,NA
2026-07-01,2026-06-21,36,159.1,161.3,163.4,154.3,158.2,NA
2026-07-02,2026-06-21,35,159.2,161.3,163.4,154.3,158.2,NA
2026-07-03,2026-06-21,34,159.2,161.3,163.4,154.3,158.3,NA
2026-07-04,2026-06-21,33,159.2,161.3,163.4,154.3,158.2,NA
2026-07-05,2026-06-21,32,159.2,161.3,163.4,154.3,158.2,NA
2026-07-06,2026-06-21,31,159.2,161.3,163.4,154.3,158.3,NA
2026-07-07,2026-06-21,30,159.2,161.3,163.4,154.3,158.2,NA
2026-07-08,2026-06-21,29,159.2,161.3,163.4,154.3,158.2,NA
2026-07-09,2026-06-21,28,159.2,161.3,163.4,154.3,158.3,NA
2026-07-10,2026-06-21,27,159.2,161.3,163.4,154.3,158.2,NA
2026-07-11,2026-06-21,26,159.2,161.3,163.4,154.3,158.2,NA
2026-07-12,2026-06-21,25,159.1,161.3,163.4,154.3,158.2,NA
2026-07-13,2026-06-21,24,159.1,161.3,163.4,154.3,158.2,NA
2026-07-14,2026-06-21,23,159.1,161.3,163.4,154.3,158.2,NA
2026-07-15,2026-06-21,22,159.1,161.3,163.4,154.3,158.2,NA
2026-07-16,2026-06-21,21,159.1,161.3,163.4,154.3,158.2,NA
2026-07-17,2026-06-21,20,159.1,161.3,163.4,154.3,158.2,NA
2026-07-18,2026-06-21,19,159.1,161.3,163.4,145.8,158.2,NA
2026-07-19,2026-06-21,18,159.1,161.3,163.4,154.3,158.2,NA
2026-07-20,2026-06-21,17,159.1,161.3,163.4,154.3,158.2,NA
2026-06-23,2026-06-22,45,158.5,160.3,162.5,53.5,156.6,NA
2026-06-24,2026-06-22,44,158.5,160.2,162.4,153.5,156.5,NA
2026-06-25,2026-06-22,43,158.5,160.2,162.4,153.5,156.5,NA
2026-06-26,2026-06-22,42,158.5,160.2,162.4,153.5,156.5,NA
2026-06-27,2026-06-22,41,158.5,160.2,162.4,153.5,156.5,NA
2026-06-28,2026-06-22,40,158.5,160.2,162.4,153.5,156.5,NA
2026-06-29,2026-06-22,39,158.5,160.2,162.4,153.5,156.5,NA
2026-06-30,2026-06-22,38,158.5,160.2,162.4,153.5,156.5,NA
2026-07-01,2026-06-22,37,158.5,160.2,162.4,153.5,156.5,NA
2026-07-02,2026-06-22,36,158.5,160.2,162.4,153.5,156.5,NA
2026-07-03,2026-06-22,35,158.5,160.2,162.4,153.5,156.5,NA
2026-07-04,2026-06-22,34,158.5,160.2,162.4,153.5,156.5,NA
2026-07-05,2026-06-22,33,158.5,160.2,162.4,153.5,156.5,NA
2026-07-06,2026-06-22,32,158.5,160.2,162.4,153.5,156.5,NA
2026-07-07,2026-06-22,31,158.5,160.2,162.4,153.5,156.5,NA
2026-07-08,2026-06-22,30,158.5,160.2,162.4,153.5,156.5,NA
2026-07-09,2026-06-22,29,158.5,160.2,162.4,153.5,156.5,NA
2026-07-10,2026-06-22,28,158.5,160.2,162.4,153.5,156.5,NA
2026-07-11,2026-06-22,27,158.5,160.2,162.4,153.5,156.5,NA
2026-07-12,2026-06-22,26,158.5,160.2,162.4,153.5,156.5,NA
2026-07-13,2026-06-22,25,158.5,160.2,162.4,153.5,156.5,NA
2026-07-14,2026-06-22,24,158.5,160.2,162.4,153.5,156.5,NA
2026-07-15,2026-06-22,23,158.5,160.2,162.4,153.5,156.5,NA
2026-07-16,2026-06-22,22,158.5,160.2,162.4,153.5,156.5,NA
2026-07-17,2026-06-22,21,158.5,160.2,162.4,153.5,156.5,NA
2026-07-18,2026-06-22,20,158.5,160.2,162.4,143.8,156.5,NA
2026-07-19,2026-06-22,19,158.5,160.2,162.4,153.5,156.5,NA
2026-07-20,2026-06-22,18,158.5,160.2,162.4,153.5,156.5,NA
2026-06-24,2026-06-23,45,157.4,159.1,160.6,152.5,152.3,NA
2026-06-25,2026-06-23,44,157.3,159,160.5,152.4,152.4,NA
2026-06-26,2026-06-23,43,157.3,159,160.5,152.4,152.4,NA
2026-06-27,2026-06-23,42,157.3,159,160.5,152.5,152.4,NA
2026-06-28,2026-06-23,41,157.3,159,160.5,152.5,152.4,NA
2026-06-29,2026-06-23,40,157.3,159,160.5,152.5,152.4,NA
2026-06-30,2026-06-23,39,157.3,159,160.5,152.5,152.4,NA
2026-07-01,2026-06-23,38,157.3,159,160.5,152.5,152.4,NA
2026-07-02,2026-06-23,37,157.3,159,160.5,152.4,152.4,NA
2026-07-03,2026-06-23,36,157.3,159,160.5,152.4,152.4,NA
2026-07-04,2026-06-23,35,157.3,159,160.5,152.4,152.4,NA
2026-07-05,2026-06-23,34,157.3,159,160.5,152.4,152.4,NA
2026-07-06,2026-06-23,33,157.3,159,160.5,152.4,152.4,NA
2026-07-07,2026-06-23,32,157.3,159,160.5,152.4,152.4,NA
2026-07-08,2026-06-23,31,157.3,159,160.5,152.4,152.4,NA
2026-07-09,2026-06-23,30,157.3,159,160.5,152.4,152.4,NA
2026-07-10,2026-06-23,29,157.3,159,160.5,152.4,152.4,NA
2026-07-11,2026-06-23,28,157.3,159,160.5,152.4,152.4,NA
2026-07-12,2026-06-23,27,157.3,159,160.5,152.4,152.4,NA
2026-07-13,2026-06-23,26,157.3,159,160.5,152.4,152.4,NA
2026-07-14,2026-06-23,25,157.3,159,160.5,152.4,152.4,NA
2026-07-15,2026-06-23,24,157.3,159,160.5,152.4,152.4,NA
2026-07-16,2026-06-23,23,157.3,159,160.5,152.4,152.4,NA
2026-07-17,2026-06-23,22,157.3,159,160.5,152.4,152.4,NA
2026-07-18,2026-06-23,21,157.3,159,160.5,141,152.4,NA
2026-07-19,2026-06-23,20,157.3,159,160.5,152.4,152.4,NA
2026-07-20,2026-06-23,19,157.3,159,160.5,152.4,152.4,NA
2026-06-25,2026-06-24,45,156.8,157.3,159.7,151.3,160.7,NA
2026-06-26,2026-06-24,44,156.8,157.3,159.6,151.2,160.7,NA
2026-06-27,2026-06-24,43,156.8,157.3,159.6,151.2,160.7,NA
2026-06-28,2026-06-24,42,156.8,157.3,159.6,151.2,160.7,NA
2026-06-29,2026-06-24,41,156.8,157.3,159.6,151.2,160.7,NA
2026-06-30,2026-06-24,40,156.8,157.3,159.6,151.2,160.7,NA
2026-07-01,2026-06-24,39,156.8,157.3,159.6,151.2,160.6,NA
2026-07-02,2026-06-24,38,156.8,157.3,159.6,151.2,160.7,NA
2026-07-03,2026-06-24,37,156.8,157.3,159.6,151.2,160.6,NA
2026-07-04,2026-06-24,36,156.8,157.3,159.6,151.2,160.6,NA
2026-07-05,2026-06-24,35,156.8,157.3,159.6,151.2,160.7,NA
2026-07-06,2026-06-24,34,156.8,157.3,159.6,151.2,160.6,NA
2026-07-07,2026-06-24,33,156.8,157.3,159.6,151.2,160.6,NA
2026-07-08,2026-06-24,32,156.8,157.3,159.6,151.2,160.7,NA
2026-07-09,2026-06-24,31,156.8,157.3,159.6,151.2,160.6,NA
2026-07-10,2026-06-24,30,156.8,157.3,159.6,151.2,160.6,NA
2026-07-11,2026-06-24,29,156.8,157.3,159.6,151.2,160.7,NA
2026-07-12,2026-06-24,28,156.8,157.3,159.6,151.2,160.7,NA
2026-07-13,2026-06-24,27,156.8,157.3,159.6,151.2,160.7,NA
2026-07-14,2026-06-24,26,156.8,157.3,159.6,151.2,160.7,NA
2026-07-15,2026-06-24,25,156.8,157.3,159.6,151.2,160.7,NA
2026-07-16,2026-06-24,24,156.8,157.3,159.6,151.2,160.7,NA
2026-07-17,2026-06-24,23,156.8,157.3,159.6,151.2,160.7,NA
2026-07-18,2026-06-24,22,156.8,157.3,159.6,138,160.7,NA
2026-07-19,2026-06-24,21,156.8,157.3,159.6,151.2,160.7,NA
2026-07-20,2026-06-24,20,156.8,157.3,159.6,151.2,160.7,NA
2026-06-26,2026-06-25,45,155.7,156.5,158.7,150.5,157.4,NA
2026-06-27,2026-06-25,44,155.6,156.4,158.6,150.4,157.3,NA
2026-06-28,2026-06-25,43,155.6,156.4,158.6,150.4,157.3,NA
2026-06-29,2026-06-25,42,155.6,156.4,158.6,150.4,157.3,NA
2026-06-30,2026-06-25,41,155.6,156.4,158.6,150.4,157.3,NA
2026-07-01,2026-06-25,40,155.6,156.4,158.6,150.4,157.3,NA
2026-07-02,2026-06-25,39,155.6,156.4,158.6,150.4,157.3,NA
2026-07-03,2026-06-25,38,155.6,156.4,158.6,150.4,157.3,NA
2026-07-04,2026-06-25,37,155.6,156.4,158.6,150.4,157.3,NA
2026-07-05,2026-06-25,36,155.6,156.4,158.6,150.4,157.3,NA
2026-07-06,2026-06-25,35,155.6,156.4,158.6,150.4,157.3,NA
2026-07-07,2026-06-25,34,155.6,156.4,158.6,150.4,157.3,NA
2026-07-08,2026-06-25,33,155.6,156.4,158.6,150.4,157.3,NA
2026-07-09,2026-06-25,32,155.6,156.4,158.6,150.4,157.3,NA
2026-07-10,2026-06-25,31,155.6,156.4,158.6,150.4,157.3,NA
2026-07-11,2026-06-25,30,155.6,156.4,158.6,150.4,157.3,NA
2026-07-12,2026-06-25,29,155.6,156.4,158.6,150.4,157.3,NA
2026-07-13,2026-06-25,28,155.6,156.4,158.6,150.4,157.3,NA
2026-07-14,2026-06-25,27,155.6,156.4,158.6,150.4,157.3,NA
2026-07-15,2026-06-25,26,155.6,156.4,158.6,150.4,157.3,NA
2026-07-16,2026-06-25,25,155.6,156.4,158.6,150.4,157.3,NA
2026-07-17,2026-06-25,24,155.6,156.4,158.6,150.4,157.3,NA
2026-07-18,2026-06-25,23,155.6,156.4,158.6,136,157.3,NA
2026-07-19,2026-06-25,22,155.6,156.4,158.6,150.4,157.3,NA
2026-07-20,2026-06-25,21,155.6,156.4,158.6,150.4,157.3,NA
2026-06-27,2026-06-26,45,154.2,155.8,157.8,149.7,153.9,NA
2026-06-28,2026-06-26,44,154.1,155.8,157.7,149.7,153.8,NA
2026-06-29,2026-06-26,43,154.1,155.8,157.7,149.7,153.8,NA
2026-06-30,2026-06-26,42,154.1,155.8,157.7,149.7,153.8,NA
2026-07-01,2026-06-26,41,154.1,155.8,157.7,149.7,153.8,NA
2026-07-02,2026-06-26,40,154.1,155.8,157.7,149.7,153.8,NA
2026-07-03,2026-06-26,39,154.1,155.8,157.7,149.7,153.8,NA
2026-07-04,2026-06-26,38,154.1,155.8,157.7,149.7,153.8,NA
2026-07-05,2026-06-26,37,154.1,155.8,157.7,149.7,153.8,NA
2026-07-06,2026-06-26,36,154.1,155.8,157.7,149.7,153.8,NA
2026-07-07,2026-06-26,35,154.1,155.8,157.7,149.7,153.8,NA
2026-07-08,2026-06-26,34,154.1,155.8,157.7,149.7,153.8,NA
2026-07-09,2026-06-26,33,154.1,155.8,157.7,149.7,153.8,NA
2026-07-10,2026-06-26,32,154.1,155.8,157.7,149.7,153.8,NA
2026-07-11,2026-06-26,31,154.1,155.8,157.7,149.7,153.8,NA
2026-07-12,2026-06-26,30,154.1,155.8,157.7,149.7,153.8,NA
2026-07-13,2026-06-26,29,154.1,155.8,157.7,149.7,153.8,NA
2026-07-14,2026-06-26,28,154.1,155.8,157.7,149.7,153.8,NA
2026-07-15,2026-06-26,27,154.1,155.8,157.7,149.7,153.8,NA
2026-07-16,2026-06-26,26,154.1,155.8,157.7,149.7,153.8,NA
2026-07-17,2026-06-26,25,154.1,155.8,157.7,149.7,153.8,NA
2026-07-18,2026-06-26,24,154.1,155.8,157.7,134.3,153.8,NA
2026-07-19,2026-06-26,23,154.1,155.8,157.7,149.7,153.8,NA
2026-07-20,2026-06-26,22,154.1,155.8,157.7,149.7,153.8,NA
2026-06-28,2026-06-27,45,153.2,154.8,156.7,148.8,152.2,NA
2026-06-29,2026-06-27,44,153.2,154.8,156.6,148.7,152.1,NA
2026-06-30,2026-06-27,43,153.2,154.7,156.6,148.7,152.1,NA
2026-07-01,2026-06-27,42,153.2,154.7,156.6,148.7,152.2,NA
2026-07-02,2026-06-27,41,153.2,154.8,156.6,148.7,152.2,NA
2026-07-03,2026-06-27,40,153.2,154.7,156.6,148.7,152.2,NA
2026-07-04,2026-06-27,39,153.2,154.7,156.6,148.7,152.2,NA
2026-07-05,2026-06-27,38,153.2,154.7,156.6,148.7,152.2,NA
2026-07-06,2026-06-27,37,153.2,154.7,156.6,148.7,152.2,NA
2026-07-07,2026-06-27,36,153.2,154.7,156.6,148.7,152.2,NA
2026-07-08,2026-06-27,35,153.2,154.7,156.6,148.7,152.2,NA
2026-07-09,2026-06-27,34,153.2,154.7,156.6,148.7,152.2,NA
2026-07-10,2026-06-27,33,153.2,154.7,156.6,148.7,152.2,NA
2026-07-11,2026-06-27,32,153.2,154.7,156.6,148.7,152.2,NA
2026-07-12,2026-06-27,31,153.2,154.7,156.6,148.7,152.1,NA
2026-07-13,2026-06-27,30,153.2,154.7,156.6,148.7,152.1,NA
2026-07-14,2026-06-27,29,153.2,154.7,156.6,148.7,152.1,NA
2026-07-15,2026-06-27,28,153.2,154.7,156.6,148.7,152.1,NA
2026-07-16,2026-06-27,27,153.2,154.7,156.6,148.7,152.1,NA
2026-07-17,2026-06-27,26,153.2,154.7,156.6,148.7,152.1,NA
2026-07-18,2026-06-27,25,153.2,154.7,156.6,131.8,152.1,NA
2026-07-19,2026-06-27,24,153.2,154.7,156.6,148.7,152.1,NA
2026-07-20,2026-06-27,23,153.2,154.7,156.6,148.7,152.1,NA
2026-06-29,2026-06-28,45,153,154.5,155.7,148.5,151.5,NA
2026-06-30,2026-06-28,44,153,154.5,155.6,148.5,151.5,NA
2026-07-01,2026-06-28,43,153,154.5,155.6,148.5,151.5,NA
2026-07-02,2026-06-28,42,152.9,154.5,155.6,148.5,151.5,NA
2026-07-03,2026-06-28,41,152.9,154.5,155.6,148.5,151.5,NA
2026-07-04,2026-06-28,40,152.9,154.5,155.6,148.5,151.5,NA
2026-07-05,2026-06-28,39,152.9,154.5,155.6,148.5,151.5,NA
2026-07-06,2026-06-28,38,152.9,154.5,155.6,148.5,151.5,NA
2026-07-07,2026-06-28,37,152.9,154.5,155.6,148.5,151.5,NA
2026-07-08,2026-06-28,36,152.9,154.5,155.6,148.5,151.5,NA
2026-07-09,2026-06-28,35,152.9,154.5,155.6,148.5,151.5,NA
2026-07-10,2026-06-28,34,152.9,154.5,155.6,148.5,151.5,NA
2026-07-11,2026-06-28,33,152.9,154.5,155.6,148.5,151.5,NA
2026-07-12,2026-06-28,32,152.9,154.5,155.6,148.5,151.5,NA
2026-07-13,2026-06-28,31,152.9,154.5,155.6,148.5,151.5,NA
2026-07-14,2026-06-28,30,152.9,154.5,155.6,148.5,151.5,NA
2026-07-15,2026-06-28,29,152.9,154.5,155.6,148.5,151.5,NA
2026-07-16,2026-06-28,28,152.9,154.5,155.6,148.5,151.5,NA
2026-07-17,2026-06-28,27,152.9,154.5,155.6,148.5,151.5,NA
2026-07-18,2026-06-28,26,152.9,154.5,155.6,131.4,151.5,NA
2026-07-19,2026-06-28,25,152.9,154.5,155.6,148.5,151.5,NA
2026-07-20,2026-06-28,24,152.9,154.5,155.6,148.5,151.5,NA
2026-06-30,2026-06-29,45,152.7,153.5,154.9,148.7,150.6,NA
2026-07-01,2026-06-29,44,152.7,153.5,154.9,148.7,150.5,NA
2026-07-02,2026-06-29,43,152.7,153.5,154.9,148.7,150.5,NA
2026-07-03,2026-06-29,42,152.7,153.5,154.9,148.7,150.5,NA
2026-07-04,2026-06-29,41,152.7,153.5,154.9,148.7,150.5,NA
2026-07-05,2026-06-29,40,152.7,153.5,154.9,148.7,150.5,NA
2026-07-06,2026-06-29,39,152.7,153.5,154.9,148.7,150.5,NA
2026-07-07,2026-06-29,38,152.7,153.5,154.9,148.7,150.5,NA
2026-07-08,2026-06-29,37,152.7,153.5,154.9,148.7,150.5,NA
2026-07-09,2026-06-29,36,152.7,153.5,154.9,148.7,150.5,NA
2026-07-10,2026-06-29,35,152.7,153.5,154.9,148.7,150.5,NA
2026-07-11,2026-06-29,34,152.7,153.5,154.9,148.7,150.5,NA
2026-07-12,2026-06-29,33,152.7,153.5,154.9,148.7,150.5,NA
2026-07-13,2026-06-29,32,152.7,153.5,154.9,148.7,150.5,NA
2026-07-14,2026-06-29,31,152.7,153.5,154.9,148.7,150.5,NA
2026-07-15,2026-06-29,30,152.7,153.5,154.9,148.7,150.5,NA
2026-07-16,2026-06-29,29,152.7,153.5,154.9,148.7,150.5,NA
2026-07-17,2026-06-29,28,152.7,153.5,154.9,148.7,150.5,NA
2026-07-18,2026-06-29,27,152.7,153.5,154.9,131.8,150.5,NA
2026-07-19,2026-06-29,26,152.7,153.5,154.9,148.7,150.5,NA
2026-07-20,2026-06-29,25,152.7,153.5,154.9,148.7,150.5,NA
2026-07-01,2026-06-30,45,152.5,153.3,154.3,148.8,148.6,NA
2026-07-02,2026-06-30,44,152.6,153.4,154.4,148.8,148.6,NA
2026-07-03,2026-06-30,43,152.6,153.4,154.4,148.8,148.6,NA
2026-07-04,2026-06-30,42,152.6,153.4,154.4,148.8,148.6,NA
2026-07-05,2026-06-30,41,152.6,153.4,154.4,148.8,148.6,NA
2026-07-06,2026-06-30,40,152.6,153.4,154.4,148.8,148.6,NA
2026-07-07,2026-06-30,39,152.6,153.4,154.4,148.8,148.6,NA
2026-07-08,2026-06-30,38,152.6,153.3,154.4,148.8,148.6,NA
2026-07-09,2026-06-30,37,152.6,153.4,154.4,148.8,148.6,NA
2026-07-10,2026-06-30,36,152.6,153.4,154.4,148.8,148.6,NA
2026-07-11,2026-06-30,35,152.6,153.3,154.4,148.8,148.6,NA
2026-07-12,2026-06-30,34,152.6,153.3,154.4,148.8,148.6,NA
2026-07-13,2026-06-30,33,152.6,153.4,154.4,148.8,148.5,NA
2026-07-14,2026-06-30,32,152.5,153.3,154.4,148.8,148.6,NA
2026-07-15,2026-06-30,31,152.5,153.3,154.4,148.8,148.6,NA
2026-07-16,2026-06-30,30,152.5,153.4,154.4,148.8,148.5,NA
2026-07-17,2026-06-30,29,152.5,153.3,154.4,148.8,148.5,NA
2026-07-18,2026-06-30,28,152.5,153.3,154.4,132.1,148.5,NA
2026-07-19,2026-06-30,27,152.5,153.3,154.4,148.8,148.5,NA
2026-07-20,2026-06-30,26,152.5,153.3,154.4,148.8,148.5,NA
2026-07-02,2026-07-01,45,157.1,156.5,157.5,154.9,164.6,NA
2026-07-03,2026-07-01,44,157.1,156.5,157.5,154.9,164.6,NA
2026-07-04,2026-07-01,43,157.1,156.5,157.5,154.9,164.6,NA
2026-07-05,2026-07-01,42,157.1,156.5,157.5,154.9,164.6,NA
2026-07-06,2026-07-01,41,157.1,156.5,157.5,154.9,164.6,NA
2026-07-07,2026-07-01,40,157.1,156.5,157.5,154.9,164.6,NA
2026-07-08,2026-07-01,39,157.1,156.5,157.5,154.9,164.6,NA
2026-07-09,2026-07-01,38,157.1,156.5,157.5,154.9,164.6,NA
2026-07-10,2026-07-01,37,157.1,156.5,157.5,154.9,164.6,NA
2026-07-11,2026-07-01,36,157.1,156.5,157.5,154.9,164.6,NA
2026-07-12,2026-07-01,35,157.1,156.5,157.5,154.9,164.6,NA
2026-07-13,2026-07-01,34,157.1,156.5,157.5,154.9,164.6,NA
2026-07-14,2026-07-01,33,157.1,156.5,157.5,154.9,164.6,NA
2026-07-15,2026-07-01,32,157.1,156.5,157.5,154.9,164.6,NA
2026-07-16,2026-07-01,31,157.1,156.5,157.5,154.9,164.6,NA
2026-07-17,2026-07-01,30,157.1,156.5,157.5,154.9,164.6,NA
2026-07-18,2026-07-01,29,157.1,156.5,157.5,147.3,164.6,NA
2026-07-19,2026-07-01,28,157.1,156.5,157.5,154.9,164.6,NA
2026-07-20,2026-07-01,27,157.1,156.5,157.5,154.9,164.6,NA
2026-07-03,2026-07-02,45,159.7,159.4,159.7,157.8,166.7,NA
2026-07-04,2026-07-02,44,159.8,159.4,159.8,157.8,166.6,NA
2026-07-05,2026-07-02,43,159.8,159.4,159.8,157.8,166.6,NA
2026-07-06,2026-07-02,42,159.8,159.4,159.8,157.8,166.6,NA
2026-07-07,2026-07-02,41,159.8,159.4,159.8,157.8,166.6,NA
2026-07-08,2026-07-02,40,159.8,159.4,159.8,157.8,166.6,NA
2026-07-09,2026-07-02,39,159.8,159.4,159.8,157.8,166.6,NA
2026-07-10,2026-07-02,38,159.8,159.4,159.8,157.8,166.6,NA
2026-07-11,2026-07-02,37,159.8,159.4,159.8,157.8,166.6,NA
2026-07-12,2026-07-02,36,159.7,159.4,159.8,157.8,166.6,NA
2026-07-13,2026-07-02,35,159.7,159.4,159.7,157.8,166.7,NA
2026-07-14,2026-07-02,34,159.7,159.4,159.7,157.8,166.7,NA
2026-07-15,2026-07-02,33,159.7,159.4,159.7,157.8,166.7,NA
2026-07-16,2026-07-02,32,159.7,159.4,159.7,157.8,166.7,NA
2026-07-17,2026-07-02,31,159.7,159.4,159.7,157.8,166.6,NA
2026-07-18,2026-07-02,30,159.7,159.4,159.7,154.5,166.7,NA
2026-07-19,2026-07-02,29,159.7,159.4,159.7,157.8,166.7,NA
2026-07-20,2026-07-02,28,159.7,159.4,159.7,157.8,166.6,NA
2026-07-04,2026-07-03,45,161.4,162.3,162.1,160.9,165,NA
2026-07-05,2026-07-03,44,161.5,162.3,162.1,160.9,165,NA
2026-07-06,2026-07-03,43,161.5,162.3,162.1,160.9,165,NA
2026-07-07,2026-07-03,42,161.5,162.3,162.1,160.9,165,NA
2026-07-08,2026-07-03,41,161.5,162.3,162.1,160.9,165,NA
2026-07-09,2026-07-03,40,161.5,162.3,162.1,160.9,165,NA
2026-07-10,2026-07-03,39,161.5,162.3,162.1,160.9,165,NA
2026-07-11,2026-07-03,38,161.5,162.3,162.1,160.9,165,NA
2026-07-12,2026-07-03,37,161.4,162.3,162.1,160.9,165,NA
2026-07-13,2026-07-03,36,161.4,162.3,162.1,160.9,165,NA
2026-07-14,2026-07-03,35,161.4,162.3,162.1,160.9,165,NA
2026-07-15,2026-07-03,34,161.4,162.3,162.1,160.9,165,NA
2026-07-16,2026-07-03,33,161.4,162.3,162.1,160.9,165,NA
2026-07-17,2026-07-03,32,161.4,162.3,162.1,160.9,165,NA
2026-07-18,2026-07-03,31,161.4,162.3,162.1,162.3,165,NA
2026-07-19,2026-07-03,30,161.4,162.3,162.1,160.9,165,NA
2026-07-20,2026-07-03,29,161.4,162.3,162.1,160.9,165,NA
2026-07-05,2026-07-04,45,163.5,166.2,165.5,165,165.8,NA
2026-07-06,2026-07-04,44,163.5,166.2,165.5,165,165.8,NA
2026-07-07,2026-07-04,43,163.5,166.2,165.5,165,165.8,NA
2026-07-08,2026-07-04,42,163.5,166.2,165.5,165,165.8,NA
2026-07-09,2026-07-04,41,163.5,166.2,165.5,165,165.8,NA
2026-07-10,2026-07-04,40,163.5,166.2,165.5,165,165.8,NA
2026-07-11,2026-07-04,39,163.5,166.2,165.5,165,165.8,NA
2026-07-12,2026-07-04,38,163.5,166.2,165.5,165,165.8,NA
2026-07-13,2026-07-04,37,163.5,166.2,165.5,165,165.8,NA
2026-07-14,2026-07-04,36,163.5,166.2,165.5,165,165.8,NA
2026-07-15,2026-07-04,35,163.5,166.2,165.5,165,165.8,NA
2026-07-16,2026-07-04,34,163.5,166.2,165.5,165,165.8,NA
2026-07-17,2026-07-04,33,163.5,166.2,165.5,165,165.8,NA
2026-07-18,2026-07-04,32,163.5,166.2,165.5,172.5,165.8,NA
2026-07-19,2026-07-04,31,163.5,166.2,165.5,165,165.8,NA
2026-07-20,2026-07-04,30,163.5,166.2,165.5,165,165.8,NA
2026-07-06,2026-07-05,45,164.2,167.4,166.5,165.7,166,NA
2026-07-07,2026-07-05,44,164.2,167.4,166.6,165.7,166,NA
2026-07-08,2026-07-05,43,164.2,167.4,166.6,165.7,166,NA
2026-07-09,2026-07-05,42,164.2,167.4,166.6,165.7,166,NA
2026-07-10,2026-07-05,41,164.2,167.4,166.6,165.7,166,NA
2026-07-11,2026-07-05,40,164.2,167.4,166.6,165.7,166,NA
2026-07-12,2026-07-05,39,164.2,167.4,166.6,165.7,166,NA
2026-07-13,2026-07-05,38,164.2,167.4,166.6,165.7,166,NA
2026-07-14,2026-07-05,37,164.2,167.4,166.6,165.7,166,NA
2026-07-15,2026-07-05,36,164.2,167.4,166.6,165.7,166,NA
2026-07-16,2026-07-05,35,164.2,167.4,166.6,165.7,166,NA
2026-07-17,2026-07-05,34,164.2,167.3,166.6,165.7,166,NA
2026-07-18,2026-07-05,33,164.2,167.4,166.6,174.2,166,NA
2026-07-19,2026-07-05,32,164.2,167.4,166.6,165.7,166,NA
2026-07-20,2026-07-05,31,164.2,167.3,166.6,165.7,166,NA
2026-07-07,2026-07-06,45,165.3,166.9,167.4,165.6,165.5,NA
2026-07-08,2026-07-06,44,165.3,166.9,167.4,165.6,165.5,NA
2026-07-09,2026-07-06,43,165.3,166.9,167.4,165.6,165.5,NA
2026-07-10,2026-07-06,42,165.3,166.9,167.4,165.6,165.5,NA
2026-07-11,2026-07-06,41,165.3,166.9,167.4,165.6,165.5,NA
2026-07-12,2026-07-06,40,165.3,166.9,167.4,165.6,165.5,NA
2026-07-13,2026-07-06,39,165.3,166.9,167.4,165.6,165.5,NA
2026-07-14,2026-07-06,38,165.3,166.9,167.4,165.6,165.5,NA
2026-07-15,2026-07-06,37,165.3,166.9,167.4,165.6,165.5,NA
2026-07-16,2026-07-06,36,165.3,166.9,167.4,165.6,165.5,NA
2026-07-17,2026-07-06,35,165.3,166.9,167.4,165.6,165.5,NA
2026-07-18,2026-07-06,34,165.3,166.9,167.4,174,165.5,NA
2026-07-19,2026-07-06,33,165.3,167,167.4,165.6,165.5,NA
2026-07-20,2026-07-06,32,165.3,166.9,167.4,165.6,165.5,NA
2026-07-08,2026-07-07,45,165.6,167,168.5,164.2,163.2,NA
2026-07-09,2026-07-07,44,165.6,167,168.5,164.1,163.2,NA
2026-07-10,2026-07-07,43,165.6,167,168.5,164.1,163.2,NA
2026-07-11,2026-07-07,42,165.6,167,168.5,164.1,163.2,NA
2026-07-12,2026-07-07,41,165.6,167,168.5,164.1,163.2,NA
2026-07-13,2026-07-07,40,165.6,167,168.5,164.1,163.2,NA
2026-07-14,2026-07-07,39,165.6,167,168.5,164.1,163.2,NA
2026-07-15,2026-07-07,38,165.6,167,168.5,164.1,163.2,NA
2026-07-16,2026-07-07,37,165.6,167,168.5,164.1,163.2,NA
2026-07-17,2026-07-07,36,165.6,167,168.5,164.1,163.2,NA
2026-07-18,2026-07-07,35,165.6,167,168.5,170.3,163.2,NA
2026-07-19,2026-07-07,34,165.6,167,168.5,164.1,163.2,NA
2026-07-20,2026-07-07,33,165.6,167,168.5,164.1,163.2,NA
2026-07-09,2026-07-08,45,165.8,166.8,168.9,163.3,173,NA
2026-07-10,2026-07-08,44,165.8,166.8,168.9,163.2,173,NA
2026-07-11,2026-07-08,43,165.8,166.8,168.9,163.2,173,NA
2026-07-12,2026-07-08,42,165.8,166.8,168.9,163.2,172.9,NA
2026-07-13,2026-07-08,41,165.8,166.8,168.9,163.2,173,NA
2026-07-14,2026-07-08,40,165.8,166.8,168.9,163.2,173,NA
2026-07-15,2026-07-08,39,165.8,166.8,168.9,163.2,173,NA
2026-07-16,2026-07-08,38,165.8,166.8,168.9,163.2,173,NA
2026-07-17,2026-07-08,37,165.8,166.8,168.9,163.2,173,NA
2026-07-18,2026-07-08,36,165.8,166.8,168.9,168,173,NA
2026-07-19,2026-07-08,35,165.8,166.8,168.9,163.2,173,NA
2026-07-20,2026-07-08,34,165.8,166.8,168.9,163.2,173,NA
2026-07-10,2026-07-09,45,165.8,166.6,169.8,162.6,170.4,NA
2026-07-11,2026-07-09,44,165.8,166.6,169.8,162.7,170.3,NA
2026-07-12,2026-07-09,43,165.8,166.6,169.8,162.7,170.3,NA
2026-07-13,2026-07-09,42,165.8,166.6,169.8,162.7,170.3,NA
2026-07-14,2026-07-09,41,165.8,166.6,169.8,162.7,170.3,NA
2026-07-15,2026-07-09,40,165.8,166.6,169.8,162.7,170.3,NA
2026-07-16,2026-07-09,39,165.8,166.6,169.8,162.7,170.3,NA
2026-07-17,2026-07-09,38,165.8,166.6,169.8,162.6,170.3,NA
2026-07-18,2026-07-09,37,165.8,166.6,169.8,166.6,170.3,NA
2026-07-19,2026-07-09,36,165.8,166.6,169.8,162.6,170.3,NA
2026-07-20,2026-07-09,35,165.8,166.6,169.8,162.6,170.3,NA
2026-07-11,2026-07-10,45,165.8,166.6,170.4,162.9,167.3,NA
2026-07-12,2026-07-10,44,165.8,166.6,170.4,162.9,167.2,NA
2026-07-13,2026-07-10,43,165.8,166.6,170.4,162.9,167.2,NA
2026-07-14,2026-07-10,42,165.8,166.6,170.4,162.9,167.2,NA
2026-07-15,2026-07-10,41,165.8,166.6,170.4,162.9,167.2,NA
2026-07-16,2026-07-10,40,165.8,166.6,170.4,162.9,167.2,NA
2026-07-17,2026-07-10,39,165.8,166.6,170.4,162.9,167.2,NA
2026-07-18,2026-07-10,38,165.8,166.6,170.4,167.3,167.2,NA
2026-07-19,2026-07-10,37,165.8,166.6,170.4,162.9,167.2,NA
2026-07-20,2026-07-10,36,165.8,166.6,170.4,162.9,167.2,NA
2026-07-12,2026-07-11,45,165.7,167.1,169.9,163.1,165.6,NA
2026-07-13,2026-07-11,44,165.7,167.1,170,163.1,165.6,NA
2026-07-14,2026-07-11,43,165.7,167.1,170,163.1,165.5,NA
2026-07-15,2026-07-11,42,165.7,167.1,170,163.1,165.5,NA
2026-07-16,2026-07-11,41,165.7,167.1,170,163.1,165.6,NA
2026-07-17,2026-07-11,40,165.7,167.1,170,163.1,165.6,NA
2026-07-18,2026-07-11,39,165.7,167.1,170,167.8,165.6,NA
2026-07-19,2026-07-11,38,165.7,167.1,170,163.1,165.6,NA
2026-07-20,2026-07-11,37,165.7,167.1,170,163.1,165.6,NA
2026-07-13,2026-07-12,45,165.7,167.2,170.1,163.3,165.5,NA
2026-07-14,2026-07-12,44,165.7,167.2,170.1,163.3,165.5,NA
2026-07-15,2026-07-12,43,165.7,167.2,170.1,163.3,165.5,NA
2026-07-16,2026-07-12,42,165.7,167.2,170.1,163.3,165.5,NA
2026-07-17,2026-07-12,41,165.7,167.2,170.1,163.3,165.5,NA
2026-07-18,2026-07-12,40,165.8,167.2,170.1,168.3,165.5,NA
2026-07-19,2026-07-12,39,165.8,167.2,170.1,163.3,165.5,NA
2026-07-20,2026-07-12,38,165.8,167.2,170.1,163.3,165.5,NA
2026-08-26,2026-07-12,1,165.7,167.3,170.1,163.4,165.5,NA
2026-07-14,2026-07-13,45,166.4,167.6,170.6,163.3,165,NA
2026-07-15,2026-07-13,44,166.4,167.6,170.6,163.3,165,NA
2026-07-16,2026-07-13,43,166.4,167.6,170.6,163.3,165,NA
2026-07-17,2026-07-13,42,166.4,167.6,170.6,163.3,165,NA
2026-07-18,2026-07-13,41,166.4,167.6,170.6,168.3,165,NA
2026-07-19,2026-07-13,40,166.4,167.6,170.6,163.3,165,NA
2026-07-20,2026-07-13,39,166.4,167.6,170.6,163.3,165,NA
2026-08-26,2026-07-13,2,166.4,167.6,170.6,163.4,164.9,NA
2026-08-27,2026-07-13,1,166.5,167.6,170.6,163.4,164.9,NA
2026-07-15,2026-07-14,45,167.9,168.3,170.7,163.4,162.5,NA
2026-07-16,2026-07-14,44,167.9,168.3,170.7,163.4,162.5,NA
2026-07-17,2026-07-14,43,167.9,168.3,170.7,163.4,162.5,NA
2026-07-18,2026-07-14,42,167.9,168.3,170.7,168.6,162.5,NA
2026-07-19,2026-07-14,41,167.9,168.3,170.7,163.4,162.5,NA
2026-07-20,2026-07-14,40,167.9,168.3,170.7,163.4,162.5,NA
2026-08-26,2026-07-14,3,167.9,168.4,170.8,163.4,162.5,NA
2026-08-27,2026-07-14,2,167.9,168.4,170.7,163.4,162.5,NA
2026-08-28,2026-07-14,1,168,168.4,170.7,163.4,162.5,NA
2026-07-16,2026-07-15,45,168.2,169.4,171.6,163.6,175.2,NA
2026-07-17,2026-07-15,44,168.2,169.4,171.6,163.6,175.2,NA
2026-07-18,2026-07-15,43,168.2,169.4,171.6,169,175.2,NA
2026-07-19,2026-07-15,42,168.2,169.4,171.6,163.6,175.2,NA
2026-07-20,2026-07-15,41,168.2,169.4,171.6,163.6,175.2,NA
2026-08-26,2026-07-15,4,168.2,169.5,171.6,163.6,175.1,NA
2026-08-27,2026-07-15,3,168.2,169.5,171.6,163.6,175.1,NA
2026-08-28,2026-07-15,2,168.2,169.5,171.6,163.6,175.1,NA
2026-08-29,2026-07-15,1,168.3,169.5,171.7,163.6,175.2,NA
2026-07-17,2026-07-16,45,169.8,171.1,173.1,164.4,174.6,NA
2026-07-18,2026-07-16,44,169.8,171.1,173.1,171,174.6,NA
2026-07-19,2026-07-16,43,169.8,171.1,173.1,164.4,174.6,NA
2026-07-20,2026-07-16,42,169.8,171.1,173.1,164.4,174.6,NA
2026-08-26,2026-07-16,5,169.8,171.2,173.2,164.5,174.6,NA
2026-08-27,2026-07-16,4,169.8,171.2,173.1,164.5,174.6,NA
2026-08-28,2026-07-16,3,169.8,171.2,173.1,164.5,174.6,NA
2026-08-29,2026-07-16,2,169.8,171.2,173.1,164.5,174.7,NA
2026-08-30,2026-07-16,1,169.9,171.2,173.2,164.5,174.6,NA
2026-07-18,2026-07-17,45,171.4,173.3,174.7,175.7,173.8,NA
2026-07-19,2026-07-17,44,171.4,173.3,174.7,166.3,173.7,NA
2026-07-20,2026-07-17,43,171.4,173.3,174.7,166.3,173.7,NA
2026-08-26,2026-07-17,6,171.4,173.4,174.7,166.3,173.7,NA
2026-08-27,2026-07-17,5,171.4,173.4,174.7,166.3,173.7,NA
2026-08-28,2026-07-17,4,171.4,173.4,174.7,166.3,173.7,NA
2026-08-29,2026-07-17,3,171.4,173.4,174.7,166.3,173.8,NA
2026-08-30,2026-07-17,2,171.4,173.3,174.7,166.3,173.8,NA
2026-08-31,2026-07-17,1,171.5,173.4,174.8,166.4,173.8,NA
2026-07-19,2026-07-18,45,172.6,174.7,175.8,168.3,173,NA
2026-07-20,2026-07-18,44,172.6,174.7,175.8,168.3,173,NA
2026-08-26,2026-07-18,7,172.6,174.7,175.8,168.4,173.1,NA
2026-08-27,2026-07-18,6,172.6,174.7,175.9,168.4,173.1,NA
2026-08-28,2026-07-18,5,172.6,174.7,175.9,168.4,173.1,NA
2026-08-29,2026-07-18,4,172.6,174.7,175.9,168.4,173,NA
2026-08-30,2026-07-18,3,172.6,174.7,175.9,168.4,173,NA
2026-08-31,2026-07-18,2,172.6,174.7,175.9,168.3,173,NA
2026-09-01,2026-07-18,1,172.6,174.8,175.9,168.4,173,NA
2026-07-20,2026-07-19,45,173.3,176.4,176.8,169.3,173,NA
2026-08-26,2026-07-19,8,173.3,176.4,176.8,169.3,173.1,NA
2026-08-27,2026-07-19,7,173.3,176.4,176.8,169.3,173.1,NA
2026-08-28,2026-07-19,6,173.3,176.4,176.8,169.3,173.1,NA
2026-08-29,2026-07-19,5,173.3,176.4,176.8,169.3,173,NA
2026-08-30,2026-07-19,4,173.3,176.4,176.8,169.3,173,NA
2026-08-31,2026-07-19,3,173.3,176.4,176.8,169.3,173,NA
2026-09-01,2026-07-19,2,173.3,176.4,176.8,169.3,173,NA
2026-09-02,2026-07-19,1,173.3,176.4,176.8,169.3,173,NA
2026-08-26,2026-07-20,9,174,177.1,177.5,170.1,172.7,NA
2026-08-27,2026-07-20,8,174,177.1,177.5,170.1,172.7,NA
2026-08-28,2026-07-20,7,174,177.1,177.5,170.1,172.6,NA
2026-08-29,2026-07-20,6,174,177.1,177.5,170.1,172.6,NA
2026-08-30,2026-07-20,5,174,177,177.5,170.1,172.6,NA
2026-08-31,2026-07-20,4,174,177,177.5,170.1,172.6,NA
2026-09-01,2026-07-20,3,174,177,177.4,170.1,172.6,NA
2026-09-02,2026-07-20,2,174,177,177.4,170.1,172.6,NA
2026-09-03,2026-07-20,1,174,177.1,177.5,170.2,172.5,NA
2026-08-26,2026-07-21,10,174.8,178.4,178.4,172.7,169.9,NA
2026-08-27,2026-07-21,9,174.8,178.4,178.4,172.7,169.9,NA
2026-08-28,2026-07-21,8,174.8,178.4,178.4,172.7,169.9,NA
2026-08-29,2026-07-21,7,174.8,178.4,178.4,172.7,169.8,NA
2026-08-30,2026-07-21,6,174.8,178.3,178.4,172.7,169.8,NA
2026-08-31,2026-07-21,5,174.8,178.3,178.4,172.7,169.8,NA
2026-09-01,2026-07-21,4,174.8,178.3,178.5,172.7,169.8,NA
2026-09-02,2026-07-21,3,174.8,178.3,178.5,172.7,169.8,NA
2026-09-03,2026-07-21,2,174.8,178.3,178.5,172.7,169.8,NA
2026-09-04,2026-07-21,1,174.9,178.4,178.5,172.8,169.7,NA
2026-08-26,2026-07-22,11,176.5,179.7,180.2,176,185,NA
2026-08-27,2026-07-22,10,176.5,179.7,180.2,176,185,NA
2026-08-28,2026-07-22,9,176.5,179.7,180.2,176,185,NA
2026-08-29,2026-07-22,8,176.5,179.7,180.2,176,184.9,NA
2026-08-30,2026-07-22,7,176.5,179.7,180.2,176,184.9,NA
2026-08-31,2026-07-22,6,176.5,179.7,180.2,175.9,184.9,NA
2026-09-01,2026-07-22,5,176.5,179.7,180.2,175.9,184.9,NA
2026-09-02,2026-07-22,4,176.5,179.7,180.2,175.9,184.9,NA
2026-09-03,2026-07-22,3,176.5,179.7,180.2,175.9,184.9,NA
2026-09-04,2026-07-22,2,176.5,179.7,180.2,175.9,184.9,NA
2026-09-05,2026-07-22,1,176.6,179.8,180.3,176,185,NA
2026-08-26,2026-07-23,12,178.6,180.5,181.8,178.9,183.8,NA
2026-08-27,2026-07-23,11,178.6,180.5,181.8,178.9,183.8,NA
2026-08-28,2026-07-23,10,178.6,180.5,181.8,178.9,183.8,NA
2026-08-29,2026-07-23,9,178.6,180.5,181.8,178.9,183.8,NA
2026-08-30,2026-07-23,8,178.6,180.5,181.8,178.9,183.8,NA
2026-08-31,2026-07-23,7,178.6,180.5,181.8,178.9,183.8,NA
2026-09-01,2026-07-23,6,178.6,180.5,181.8,178.9,183.8,NA
2026-09-02,2026-07-23,5,178.6,180.5,181.8,178.9,183.8,NA
2026-09-03,2026-07-23,4,178.6,180.5,181.8,178.9,183.8,NA
2026-09-04,2026-07-23,3,178.6,180.5,181.8,178.9,183.8,NA
2026-09-05,2026-07-23,2,178.6,180.5,181.8,178.9,183.8,NA
2026-09-06,2026-07-23,1,178.7,180.6,181.9,179,183.8,NA
2026-08-26,2026-07-24,13,181.2,182.9,184.2,181.4,183.3,NA
2026-08-27,2026-07-24,12,181.2,182.9,184.2,181.4,183.3,NA
2026-08-28,2026-07-24,11,181.2,182.9,184.2,181.4,183.3,NA
2026-08-29,2026-07-24,10,181.2,182.9,184.2,181.4,183.3,NA
2026-08-30,2026-07-24,9,181.2,182.9,184.2,181.4,183.3,NA
2026-08-31,2026-07-24,8,181.1,182.9,184.2,181.5,183.3,NA
2026-09-01,2026-07-24,7,181.1,182.9,184.2,181.5,183.3,NA
2026-09-02,2026-07-24,6,181.1,182.9,184.2,181.5,183.3,NA
2026-09-03,2026-07-24,5,181.1,182.9,184.2,181.5,183.3,NA
2026-09-04,2026-07-24,4,181.1,182.9,184.2,181.5,183.3,NA
2026-09-05,2026-07-24,3,181.1,182.9,184.2,181.4,183.3,NA
2026-09-06,2026-07-24,2,181.1,182.9,184.2,181.4,183.3,NA
2026-08-26,2026-07-25,14,182.8,185.8,186,184.5,184.7,NA
2026-08-27,2026-07-25,13,182.8,185.8,185.9,184.5,184.7,NA
2026-08-28,2026-07-25,12,182.8,185.8,185.9,184.5,184.7,NA
2026-08-29,2026-07-25,11,182.8,185.8,185.9,184.5,184.7,NA
2026-08-30,2026-07-25,10,182.8,185.7,185.9,184.5,184.7,NA
2026-08-31,2026-07-25,9,182.8,185.7,185.9,184.5,184.7,NA
2026-09-01,2026-07-25,8,182.8,185.7,185.9,184.5,184.7,NA
2026-09-02,2026-07-25,7,182.8,185.7,185.9,184.5,184.7,NA
2026-09-03,2026-07-25,6,182.8,185.7,185.9,184.5,184.7,NA
2026-09-04,2026-07-25,5,182.8,185.7,185.9,184.5,184.7,NA
2026-09-05,2026-07-25,4,182.8,185.7,185.9,184.5,184.6,NA
2026-09-06,2026-07-25,3,182.8,185.7,185.9,184.5,184.6,NA
2026-08-26,2026-07-26,15,184,187.5,187.3,186.7,185.2,NA
2026-08-27,2026-07-26,14,184,187.5,187.3,186.7,185.2,NA
2026-08-28,2026-07-26,13,184,187.5,187.3,186.7,185.2,NA
2026-08-29,2026-07-26,12,184,187.5,187.3,186.7,185.2,NA
2026-08-30,2026-07-26,11,184,187.5,187.3,186.7,185.2,NA
2026-08-31,2026-07-26,10,184,187.5,187.3,186.8,185.2,NA
2026-09-01,2026-07-26,9,184,187.5,187.2,186.8,185.2,NA
2026-09-02,2026-07-26,8,184,187.5,187.2,186.8,185.2,NA
2026-09-03,2026-07-26,7,184,187.5,187.2,186.8,185.2,NA
2026-09-04,2026-07-26,6,184,187.5,187.2,186.7,185.2,NA
2026-09-05,2026-07-26,5,184,187.5,187.2,186.7,185.2,NA
2026-09-06,2026-07-26,4,184,187.5,187.2,186.7,185.2,NA
2026-08-26,2026-07-27,16,186,188.8,189.1,188.8,185.6,NA
2026-08-27,2026-07-27,15,186,188.8,189.1,188.8,185.6,NA
2026-08-28,2026-07-27,14,186,188.8,189.1,188.8,185.6,NA
2026-08-29,2026-07-27,13,186,188.8,189.1,188.8,185.5,NA
2026-08-30,2026-07-27,12,186,188.8,189.1,188.8,185.5,NA
2026-08-31,2026-07-27,11,186,188.8,189.1,188.9,185.5,NA
2026-09-01,2026-07-27,10,186,188.8,189.1,188.9,185.5,NA
2026-09-02,2026-07-27,9,186,188.8,189.1,188.9,185.5,NA
2026-09-03,2026-07-27,8,186,188.8,189.1,188.9,185.5,NA
2026-09-04,2026-07-27,7,186,188.8,189.1,188.8,185.5,NA
2026-09-05,2026-07-27,6,186,188.8,189.1,188.8,185.6,NA
2026-09-06,2026-07-27,5,186,188.8,189.1,188.8,185.6,NA
2026-08-26,2026-07-28,17,188.9,191.5,192.1,191.4,183.9,NA
2026-08-27,2026-07-28,16,188.9,191.5,192,191.4,183.9,NA
2026-08-28,2026-07-28,15,188.9,191.5,192,191.4,183.9,NA
2026-08-29,2026-07-28,14,188.9,191.5,192,191.4,183.9,NA
2026-08-30,2026-07-28,13,188.9,191.5,192,191.4,183.9,NA
2026-08-31,2026-07-28,12,188.9,191.5,192,191.4,183.9,NA
2026-09-01,2026-07-28,11,188.9,191.5,192,191.4,183.9,NA
2026-09-02,2026-07-28,10,188.9,191.5,192,191.4,183.9,NA
2026-09-03,2026-07-28,9,188.9,191.5,192,191.4,183.9,NA
2026-09-04,2026-07-28,8,188.9,191.5,192,191.4,183.9,NA
2026-09-05,2026-07-28,7,188.9,191.5,192,191.4,183.9,NA
2026-09-06,2026-07-28,6,188.9,191.5,192,191.4,183.9,NA
2026-08-26,2026-07-29,18,191,193.6,194.5,192.5,196.6,NA
2026-08-27,2026-07-29,17,191,193.6,194.5,192.5,196.6,NA
2026-08-28,2026-07-29,16,191,193.6,194.5,192.5,196.6,NA
2026-08-29,2026-07-29,15,191,193.6,194.5,192.5,196.6,NA
2026-08-30,2026-07-29,14,191,193.5,194.5,192.5,196.6,NA
2026-08-31,2026-07-29,13,190.9,193.5,194.5,192.4,196.6,NA
2026-09-01,2026-07-29,12,190.9,193.5,194.5,192.4,196.6,NA
2026-09-02,2026-07-29,11,190.9,193.5,194.5,192.4,196.6,NA
2026-09-03,2026-07-29,10,190.9,193.5,194.5,192.4,196.6,NA
2026-09-04,2026-07-29,9,190.9,193.5,194.5,192.4,196.6,NA
2026-09-05,2026-07-29,8,190.9,193.5,194.5,192.4,196.6,NA
2026-09-06,2026-07-29,7,190.9,193.5,194.5,192.4,196.6,NA
2026-08-26,2026-07-30,19,191.8,194.5,195.4,193.2,195,NA
2026-08-27,2026-07-30,18,191.8,194.5,195.5,193.2,195,NA
2026-08-28,2026-07-30,17,191.8,194.5,195.5,193.2,195,NA
2026-08-29,2026-07-30,16,191.8,194.5,195.5,193.2,195,NA
2026-08-30,2026-07-30,15,191.8,194.4,195.5,193.2,195,NA
2026-08-31,2026-07-30,14,191.8,194.4,195.5,193.2,195,NA
2026-09-01,2026-07-30,13,191.8,194.4,195.4,193.2,195,NA
2026-09-02,2026-07-30,12,191.8,194.5,195.4,193.2,195,NA
2026-09-03,2026-07-30,11,191.8,194.5,195.4,193.2,195,NA
2026-09-04,2026-07-30,10,191.8,194.5,195.4,193.2,195,NA
2026-09-05,2026-07-30,9,191.8,194.5,195.4,193.2,195,NA
2026-09-06,2026-07-30,8,191.8,194.4,195.4,193.2,195,NA
2026-08-26,2026-07-31,20,192.6,195.2,196,194,193.5,NA
2026-08-27,2026-07-31,19,192.6,195.2,196,194,193.5,NA
2026-08-28,2026-07-31,18,192.6,195.2,196,194,193.5,NA
2026-08-29,2026-07-31,17,192.6,195.2,196,194,193.6,NA
2026-08-30,2026-07-31,16,192.6,195.2,196,194,193.6,NA
2026-08-31,2026-07-31,15,192.6,195.2,196,194,193.6,NA
2026-09-01,2026-07-31,14,192.6,195.2,195.9,194,193.6,NA
2026-09-02,2026-07-31,13,192.6,195.2,195.9,194,193.6,NA
2026-09-03,2026-07-31,12,192.6,195.2,195.9,194,193.6,NA
2026-09-04,2026-07-31,11,192.6,195.2,195.9,194,193.6,NA
2026-09-05,2026-07-31,10,192.6,195.2,195.9,194,193.5,NA
2026-09-06,2026-07-31,9,192.6,195.2,195.9,194,193.5,NA
2026-08-26,2026-08-01,21,193.4,196.5,196.7,195.6,192.5,NA
2026-08-27,2026-08-01,20,193.4,196.5,196.8,195.6,192.5,NA
2026-08-28,2026-08-01,19,193.4,196.5,196.8,195.6,192.5,NA
2026-08-29,2026-08-01,18,193.4,196.5,196.8,195.6,192.5,NA
2026-08-30,2026-08-01,17,193.4,196.5,196.8,195.6,192.5,NA
2026-08-31,2026-08-01,16,193.3,196.5,196.8,195.6,192.5,NA
2026-09-01,2026-08-01,15,193.3,196.5,196.8,195.6,192.5,NA
2026-09-02,2026-08-01,14,193.3,196.5,196.8,195.6,192.5,NA
2026-09-03,2026-08-01,13,193.3,196.5,196.8,195.6,192.5,NA
2026-09-04,2026-08-01,12,193.3,196.5,196.8,195.6,192.5,NA
2026-09-05,2026-08-01,11,193.3,196.5,196.8,195.6,192.4,NA
2026-09-06,2026-08-01,10,193.3,196.5,196.7,195.6,192.4,NA
2026-08-26,2026-08-02,22,194.2,197.1,197.3,196,192.3,NA
2026-08-27,2026-08-02,21,194.2,197.1,197.2,196,192.3,NA
2026-08-28,2026-08-02,20,194.2,197.1,197.2,196,192.3,NA
2026-08-29,2026-08-02,19,194.2,197.1,197.2,196,192.3,NA
2026-08-30,2026-08-02,18,194.2,197,197.2,196,192.3,NA
2026-08-31,2026-08-02,17,194.2,197,197.2,196,192.3,NA
2026-09-01,2026-08-02,16,194.2,197,197.2,196,192.3,NA
2026-09-02,2026-08-02,15,194.2,197,197.2,196,192.3,NA
2026-09-03,2026-08-02,14,194.2,197,197.2,196,192.3,NA
2026-09-04,2026-08-02,13,194.2,197,197.2,196,192.3,NA
2026-09-05,2026-08-02,12,194.2,197,197.2,196,192.3,NA
2026-09-06,2026-08-02,11,194.2,197,197.2,196,192.3,NA
2026-08-26,2026-08-03,23,197.5,200.5,200.5,200.5,194.9,NA
2026-08-27,2026-08-03,22,197.5,200.5,200.5,200.5,194.9,NA
2026-08-28,2026-08-03,21,197.5,200.5,200.5,200.5,194.9,NA
2026-08-29,2026-08-03,20,197.5,200.5,200.5,200.5,194.9,NA
2026-08-30,2026-08-03,19,197.5,200.5,200.5,200.5,194.9,NA
2026-08-31,2026-08-03,18,197.5,200.5,200.5,200.5,194.9,NA
2026-09-01,2026-08-03,17,197.5,200.5,200.5,200.5,194.9,NA
2026-09-02,2026-08-03,16,197.5,200.5,200.5,200.5,194.9,NA
2026-09-03,2026-08-03,15,197.5,200.5,200.5,200.5,194.9,NA
2026-09-04,2026-08-03,14,197.5,200.5,200.5,200.5,194.9,NA
2026-09-05,2026-08-03,13,197.5,200.5,200.5,200.5,194.9,NA
2026-09-06,2026-08-03,12,197.5,200.5,200.5,200.5,194.9,NA
2026-08-26,2026-08-04,24,201,204.9,204.7,205.2,195.8,NA
2026-08-27,2026-08-04,23,201,204.9,204.7,205.2,195.8,NA
2026-08-28,2026-08-04,22,201,204.9,204.7,205.2,195.8,NA
2026-08-29,2026-08-04,21,201,204.9,204.7,205.2,195.8,NA
2026-08-30,2026-08-04,20,201,204.8,204.7,205.2,195.8,NA
2026-08-31,2026-08-04,19,201,204.8,204.7,205.3,195.8,NA
2026-09-01,2026-08-04,18,201,204.8,204.8,205.3,195.8,NA
2026-09-02,2026-08-04,17,201,204.8,204.8,205.3,195.8,NA
2026-09-03,2026-08-04,16,201,204.8,204.8,205.3,195.8,NA
2026-09-04,2026-08-04,15,201,204.8,204.8,205.2,195.8,NA
2026-09-05,2026-08-04,14,201,204.8,204.8,205.2,195.8,NA
2026-09-06,2026-08-04,13,201,204.8,204.7,205.2,195.8,NA
2026-08-26,2026-08-05,25,203.7,208.6,207.5,207.8,210.2,NA
2026-08-27,2026-08-05,24,203.7,208.6,207.4,207.8,210.1,NA
2026-08-28,2026-08-05,23,203.7,208.6,207.4,207.8,210.1,NA
2026-08-29,2026-08-05,22,203.7,208.6,207.4,207.8,210.2,NA
2026-08-30,2026-08-05,21,203.7,208.5,207.4,207.8,210.3,NA
2026-08-31,2026-08-05,20,203.8,208.5,207.4,207.8,210.3,NA
2026-09-01,2026-08-05,19,203.8,208.5,207.4,207.8,210.2,NA
2026-09-02,2026-08-05,18,203.8,208.5,207.4,207.8,210.3,NA
2026-09-03,2026-08-05,17,203.8,208.5,207.4,207.8,210.3,NA
2026-09-04,2026-08-05,16,203.8,208.5,207.4,207.8,210.2,NA
2026-09-05,2026-08-05,15,203.7,208.5,207.4,207.8,210.2,NA
2026-09-06,2026-08-05,14,203.7,208.5,207.4,207.8,210.3,NA
2026-08-26,2026-08-06,26,205.6,209.8,210.1,208.8,207.9,NA
2026-08-27,2026-08-06,25,205.6,209.8,210.1,208.8,207.9,NA
2026-08-28,2026-08-06,24,205.6,209.8,210.1,208.8,207.9,NA
2026-08-29,2026-08-06,23,205.6,209.8,210.1,208.8,207.9,NA
2026-08-30,2026-08-06,22,205.6,209.8,210.1,208.8,207.9,NA
2026-08-31,2026-08-06,21,205.6,209.8,210.1,208.9,207.9,NA
2026-09-01,2026-08-06,20,205.6,209.8,210.1,208.9,207.9,NA
2026-09-02,2026-08-06,19,205.6,209.8,210.1,208.9,207.9,NA
2026-09-03,2026-08-06,18,205.6,209.8,210.1,208.9,207.9,NA
2026-09-04,2026-08-06,17,205.6,209.8,210.1,208.8,207.9,NA
2026-09-05,2026-08-06,16,205.6,209.8,210.1,208.9,207.9,NA
2026-09-06,2026-08-06,15,205.6,209.8,210.1,208.9,207.9,NA
2026-08-26,2026-08-07,27,205.3,209.5,210,208.4,204.9,NA
2026-08-27,2026-08-07,26,205.3,209.5,210,208.4,204.9,NA
2026-08-28,2026-08-07,25,205.3,209.5,210,208.4,204.9,NA
2026-08-29,2026-08-07,24,205.3,209.5,210,208.4,204.9,NA
2026-08-30,2026-08-07,23,205.3,209.5,210,208.4,204.9,NA
2026-08-31,2026-08-07,22,205.3,209.5,210,208.5,204.9,NA
2026-09-01,2026-08-07,21,205.3,209.5,210,208.5,204.9,NA
2026-09-02,2026-08-07,20,205.3,209.4,210,208.5,204.9,NA
2026-09-03,2026-08-07,19,205.3,209.4,210,208.5,204.9,NA
2026-09-04,2026-08-07,18,205.3,209.4,210,208.4,204.9,NA
2026-09-05,2026-08-07,17,205.3,209.4,210,208.4,204.8,NA
2026-09-06,2026-08-07,16,205.3,209.4,210,208.4,204.8,NA
2026-08-26,2026-08-08,28,204.1,208.8,209.1,207.8,201,NA
2026-08-27,2026-08-08,27,204.1,208.8,209.1,207.8,201,NA
2026-08-28,2026-08-08,26,204.1,208.8,209.1,207.8,201,NA
2026-08-29,2026-08-08,25,204.1,208.8,209.1,207.8,201,NA
2026-08-30,2026-08-08,24,204.1,208.7,209.1,207.8,201,NA
2026-08-31,2026-08-08,23,204.1,208.7,209.1,207.8,201,NA
2026-09-01,2026-08-08,22,204.1,208.7,209.1,207.8,201,NA
2026-09-02,2026-08-08,21,204.1,208.8,209.1,207.8,201,NA
2026-09-03,2026-08-08,20,204.1,208.8,209.1,207.8,201,NA
2026-09-04,2026-08-08,19,204.1,208.8,209.1,207.8,201,NA
2026-09-05,2026-08-08,18,204.1,208.8,209.1,207.8,201,NA
2026-09-06,2026-08-08,17,204.1,208.7,209.1,207.8,201,NA
2026-08-26,2026-08-09,29,203.5,208.3,208.8,207.1,199.9,NA
2026-08-27,2026-08-09,28,203.5,208.3,208.9,207.1,199.9,NA
2026-08-28,2026-08-09,27,203.5,208.3,208.9,207.1,199.9,NA
2026-08-29,2026-08-09,26,203.5,208.3,208.9,207.1,199.9,NA
2026-08-30,2026-08-09,25,203.5,208.3,208.9,207.1,199.9,NA
2026-08-31,2026-08-09,24,203.5,208.3,208.9,207.1,199.9,NA
2026-09-01,2026-08-09,23,203.5,208.3,208.9,207.1,199.9,NA
2026-09-02,2026-08-09,22,203.5,208.3,208.9,207.1,199.9,NA
2026-09-03,2026-08-09,21,203.5,208.3,208.9,207.1,199.9,NA
2026-09-04,2026-08-09,20,203.5,208.3,208.9,207.2,199.9,NA
2026-09-05,2026-08-09,19,203.5,208.3,208.9,207.1,199.9,NA
2026-09-06,2026-08-09,18,203.5,208.3,208.9,207.1,199.9,NA
2026-08-26,2026-08-10,30,202.5,206.6,207.3,205.1,198.6,NA
2026-08-27,2026-08-10,29,202.5,206.6,207.4,205.1,198.6,NA
2026-08-28,2026-08-10,28,202.5,206.6,207.4,205.1,198.6,NA
2026-08-29,2026-08-10,27,202.5,206.6,207.4,205.1,198.6,NA
2026-08-30,2026-08-10,26,202.5,206.6,207.4,205.1,198.6,NA
2026-08-31,2026-08-10,25,202.5,206.6,207.4,205.1,198.6,NA
2026-09-01,2026-08-10,24,202.5,206.6,207.3,205.1,198.6,NA
2026-09-02,2026-08-10,23,202.5,206.6,207.3,205.1,198.6,NA
2026-09-03,2026-08-10,22,202.5,206.6,207.3,205.1,198.6,NA
2026-09-04,2026-08-10,21,202.5,206.6,207.3,205.1,198.6,NA
2026-09-05,2026-08-10,20,202.5,206.6,207.3,205.1,198.6,NA
2026-09-06,2026-08-10,19,202.5,206.6,207.3,205.1,198.6,NA
2026-08-26,2026-08-11,31,200.6,202.5,204.5,201.9,193.5,NA
2026-08-27,2026-08-11,30,200.6,202.5,204.5,201.9,193.5,NA
2026-08-28,2026-08-11,29,200.6,202.5,204.5,201.9,193.5,NA
2026-08-29,2026-08-11,28,200.6,202.5,204.5,201.9,193.4,NA
2026-08-30,2026-08-11,27,200.6,202.4,204.5,201.9,193.4,NA
2026-08-31,2026-08-11,26,200.6,202.4,204.5,201.9,193.4,NA
2026-09-01,2026-08-11,25,200.6,202.4,204.5,201.9,193.4,NA
2026-09-02,2026-08-11,24,200.6,202.5,204.5,201.9,193.4,NA
2026-09-03,2026-08-11,23,200.6,202.5,204.5,201.9,193.4,NA
2026-09-04,2026-08-11,22,200.6,202.5,204.5,201.9,193.4,NA
2026-09-05,2026-08-11,21,200.6,202.5,204.5,201.9,193.4,NA
2026-09-06,2026-08-11,20,200.6,202.4,204.5,201.9,193.4,NA
2026-08-26,2026-08-12,32,198.4,199.5,202.3,199.9,204.4,NA
2026-08-27,2026-08-12,31,198.4,199.5,202.3,199.9,204.4,NA
2026-08-28,2026-08-12,30,198.4,199.5,202.3,199.9,204.4,NA
2026-08-29,2026-08-12,29,198.4,199.5,202.3,199.9,204.4,NA
2026-08-30,2026-08-12,28,198.4,199.5,202.3,199.9,204.3,NA
2026-08-31,2026-08-12,27,198.4,199.5,202.3,199.8,204.3,NA
2026-09-01,2026-08-12,26,198.4,199.5,202.3,199.8,204.4,NA
2026-09-02,2026-08-12,25,198.4,199.5,202.3,199.8,204.3,NA
2026-09-03,2026-08-12,24,198.4,199.5,202.3,199.8,204.3,NA
2026-09-04,2026-08-12,23,198.4,199.5,202.3,199.8,204.4,NA
2026-09-05,2026-08-12,22,198.4,199.5,202.3,199.8,204.4,NA
2026-09-06,2026-08-12,21,198.4,199.5,202.3,199.8,204.4,NA
2026-08-26,2026-08-13,33,197.1,198.2,200.5,198.2,200.8,NA
2026-08-27,2026-08-13,32,197.1,198.2,200.5,198.2,200.8,NA
2026-08-28,2026-08-13,31,197.1,198.2,200.5,198.2,200.8,NA
2026-08-29,2026-08-13,30,197.1,198.2,200.5,198.2,200.8,NA
2026-08-30,2026-08-13,29,197.1,198.2,200.5,198.2,200.8,NA
2026-08-31,2026-08-13,28,197,198.2,200.5,198.1,200.8,NA
2026-09-01,2026-08-13,27,197,198.2,200.5,198.1,200.8,NA
2026-09-02,2026-08-13,26,197,198.2,200.5,198.1,200.8,NA
2026-09-03,2026-08-13,25,197,198.2,200.5,198.1,200.8,NA
2026-09-04,2026-08-13,24,197,198.2,200.5,198.1,200.8,NA
2026-09-05,2026-08-13,23,197,198.2,200.5,198.1,200.7,NA
2026-09-06,2026-08-13,22,197,198.2,200.5,198.1,200.7,NA
2026-08-26,2026-08-14,34,196.3,197.3,199,197.2,197.2,NA
2026-08-27,2026-08-14,33,196.3,197.3,199,197.2,197.2,NA
2026-08-28,2026-08-14,32,196.3,197.3,199,197.2,197.2,NA
2026-08-29,2026-08-14,31,196.3,197.3,199,197.2,197.3,NA
2026-08-30,2026-08-14,30,196.3,197.3,199,197.2,197.3,NA
2026-08-31,2026-08-14,29,196.2,197.2,199,197.2,197.3,NA
2026-09-01,2026-08-14,28,196.2,197.3,199.1,197.2,197.3,NA
2026-09-02,2026-08-14,27,196.2,197.3,199,197.2,197.3,NA
2026-09-03,2026-08-14,26,196.2,197.3,199,197.2,197.3,NA
2026-09-04,2026-08-14,25,196.2,197.3,199.1,197.2,197.3,NA
2026-09-05,2026-08-14,24,196.2,197.3,199,197.2,197.2,NA
2026-09-06,2026-08-14,23,196.2,197.3,199,197.2,197.2,NA
2026-08-26,2026-08-15,35,195.8,197.3,198.8,197.5,194.7,NA
2026-08-27,2026-08-15,34,195.8,197.3,198.7,197.5,194.7,NA
2026-08-28,2026-08-15,33,195.8,197.3,198.7,197.5,194.7,NA
2026-08-29,2026-08-15,32,195.8,197.3,198.7,197.5,194.7,NA
2026-08-30,2026-08-15,31,195.8,197.3,198.7,197.5,194.7,NA
2026-08-31,2026-08-15,30,195.8,197.3,198.7,197.4,194.7,NA
2026-09-01,2026-08-15,29,195.8,197.3,198.7,197.4,194.7,NA
2026-09-02,2026-08-15,28,195.8,197.3,198.7,197.4,194.7,NA
2026-09-03,2026-08-15,27,195.8,197.3,198.7,197.4,194.7,NA
2026-09-04,2026-08-15,26,195.8,197.3,198.7,197.5,194.7,NA
2026-09-05,2026-08-15,25,195.8,197.3,198.7,197.4,194.6,NA
2026-09-06,2026-08-15,24,195.8,197.3,198.7,197.4,194.6,NA
2026-08-26,2026-08-16,36,195.8,197.9,198.8,197.7,194.4,NA
2026-08-27,2026-08-16,35,195.8,197.9,198.8,197.7,194.4,NA
2026-08-28,2026-08-16,34,195.8,197.9,198.8,197.7,194.4,NA
2026-08-29,2026-08-16,33,195.8,197.9,198.8,197.7,194.3,NA
2026-08-30,2026-08-16,32,195.8,197.9,198.8,197.7,194.3,NA
2026-08-31,2026-08-16,31,195.8,197.9,198.8,197.7,194.3,NA
2026-09-01,2026-08-16,30,195.8,197.9,198.8,197.7,194.3,NA
2026-09-02,2026-08-16,29,195.8,197.9,198.8,197.7,194.3,NA
2026-09-03,2026-08-16,28,195.8,197.9,198.8,197.7,194.3,NA
2026-09-04,2026-08-16,27,195.8,197.9,198.8,197.7,194.3,NA
2026-09-05,2026-08-16,26,195.8,197.9,198.8,197.7,194.3,NA
2026-09-06,2026-08-16,25,195.8,197.9,198.8,197.7,194.3,NA
2026-08-26,2026-08-17,37,196.3,197.8,198.8,198.2,193.7,NA
2026-08-27,2026-08-17,36,196.3,197.7,198.7,198.2,193.7,NA
2026-08-28,2026-08-17,35,196.3,197.7,198.7,198.2,193.7,NA
2026-08-29,2026-08-17,34,196.3,197.8,198.7,198.2,193.7,NA
2026-08-30,2026-08-17,33,196.3,197.8,198.7,198.2,193.7,NA
2026-08-31,2026-08-17,32,196.2,197.7,198.7,198.1,193.7,NA
2026-09-01,2026-08-17,31,196.2,197.7,198.7,198.1,193.7,NA
2026-09-02,2026-08-17,30,196.2,197.8,198.7,198.1,193.7,NA
2026-09-03,2026-08-17,29,196.2,197.8,198.7,198.1,193.7,NA
2026-09-04,2026-08-17,28,196.2,197.8,198.7,198.1,193.7,NA
2026-09-05,2026-08-17,27,196.2,197.8,198.7,198.1,193.7,NA
2026-09-06,2026-08-17,26,196.2,197.8,198.7,198.1,193.7,NA
2026-08-26,2026-08-18,38,196.6,196.7,198.8,199.5,191.7,NA
2026-08-27,2026-08-18,37,196.6,196.7,198.8,199.5,191.7,NA
2026-08-28,2026-08-18,36,196.6,196.7,198.8,199.5,191.7,NA
2026-08-29,2026-08-18,35,196.6,196.7,198.8,199.5,191.7,NA
2026-08-30,2026-08-18,34,196.6,196.7,198.8,199.5,191.7,NA
2026-08-31,2026-08-18,33,196.6,196.7,198.8,199.5,191.7,NA
2026-09-01,2026-08-18,32,196.6,196.7,198.8,199.5,191.7,NA
2026-09-02,2026-08-18,31,196.6,196.7,198.8,199.5,191.7,NA
2026-09-03,2026-08-18,30,196.6,196.7,198.8,199.5,191.7,NA
2026-09-04,2026-08-18,29,196.6,196.7,198.8,199.5,191.7,NA
2026-09-05,2026-08-18,28,196.6,196.7,198.8,199.5,191.7,NA
2026-09-06,2026-08-18,27,196.6,196.7,198.8,199.5,191.7,NA
2026-08-26,2026-08-19,39,197.2,200.2,199.5,199.9,206.8,NA
2026-08-27,2026-08-19,38,197.2,200.2,199.4,199.9,206.8,NA
2026-08-28,2026-08-19,37,197.2,200.2,199.4,199.9,206.8,NA
2026-08-29,2026-08-19,36,197.2,200.2,199.4,199.9,206.8,NA
2026-08-30,2026-08-19,35,197.2,200.2,199.4,199.9,206.8,NA
2026-08-31,2026-08-19,34,197.2,200.2,199.4,200,206.8,NA
2026-09-01,2026-08-19,33,197.2,200.2,199.4,200,206.8,NA
2026-09-02,2026-08-19,32,197.2,200.2,199.4,200,206.8,NA
2026-09-03,2026-08-19,31,197.2,200.2,199.4,200,206.8,NA
2026-09-04,2026-08-19,30,197.2,200.2,199.4,199.9,206.8,NA
2026-09-05,2026-08-19,29,197.2,200.2,199.4,199.9,206.9,NA
2026-09-06,2026-08-19,28,197.2,200.2,199.4,199.9,206.9,NA
2026-08-26,2026-08-20,40,198.1,201,199.7,201.4,205.2,NA
2026-08-27,2026-08-20,39,198.1,201,199.7,201.4,205.2,NA
2026-08-28,2026-08-20,38,198.1,201,199.7,201.4,205.2,NA
2026-08-29,2026-08-20,37,198.1,201,199.7,201.4,205.2,NA
2026-08-30,2026-08-20,36,198.1,200.9,199.7,201.4,205.2,NA
2026-08-31,2026-08-20,35,198.1,200.9,199.7,201.4,205.2,NA
2026-09-01,2026-08-20,34,198.1,200.9,199.7,201.4,205.2,NA
2026-09-02,2026-08-20,33,198.1,201,199.7,201.4,205.2,NA
2026-09-03,2026-08-20,32,198.1,201,199.7,201.4,205.2,NA
2026-09-04,2026-08-20,31,198.1,201,199.7,201.5,205.2,NA
2026-09-05,2026-08-20,30,198.1,201,199.7,201.4,205.2,NA
2026-09-06,2026-08-20,29,198.1,201,199.7,201.4,205.2,NA
2026-08-26,2026-08-21,41,199.8,200.6,200.4,202.6,203.3,NA
2026-08-27,2026-08-21,40,199.8,200.6,200.5,202.6,203.3,NA
2026-08-28,2026-08-21,39,199.8,200.6,200.5,202.6,203.3,NA
2026-08-29,2026-08-21,38,199.8,200.6,200.5,202.6,203.4,NA
2026-08-30,2026-08-21,37,199.8,200.6,200.5,202.6,203.4,NA
2026-08-31,2026-08-21,36,199.8,200.6,200.5,202.6,203.4,NA
2026-09-01,2026-08-21,35,199.8,200.6,200.4,202.6,203.4,NA
2026-09-02,2026-08-21,34,199.8,200.6,200.4,202.6,203.4,NA
2026-09-03,2026-08-21,33,199.8,200.6,200.4,202.6,203.4,NA
2026-09-04,2026-08-21,32,199.8,200.6,200.4,202.6,203.4,NA
2026-09-05,2026-08-21,31,199.8,200.6,200.4,202.6,203.3,NA
2026-09-06,2026-08-21,30,199.8,200.6,200.4,202.6,203.3,NA
2026-08-26,2026-08-22,42,200.8,201.5,201.2,203.4,201.5,NA
2026-08-27,2026-08-22,41,200.8,201.5,201.1,203.4,201.5,NA
2026-08-28,2026-08-22,40,200.8,201.5,201.1,203.4,201.5,NA
2026-08-29,2026-08-22,39,200.8,201.5,201.1,203.4,201.5,NA
2026-08-30,2026-08-22,38,200.8,201.5,201.1,203.4,201.5,NA
2026-08-31,2026-08-22,37,200.8,201.5,201.1,203.4,201.5,NA
2026-09-01,2026-08-22,36,200.8,201.5,201.1,203.4,201.5,NA
2026-09-02,2026-08-22,35,200.8,201.5,201.1,203.4,201.5,NA
2026-09-03,2026-08-22,34,200.8,201.5,201.1,203.4,201.5,NA
2026-09-04,2026-08-22,33,200.8,201.5,201.1,203.4,201.5,NA
2026-09-05,2026-08-22,32,200.8,201.5,201.1,203.4,201.4,NA
2026-09-06,2026-08-22,31,200.8,201.5,201.1,203.4,201.4,NA
2026-08-26,2026-08-23,43,201.3,202,201.6,203.6,201.3,NA
2026-08-27,2026-08-23,42,201.3,202.1,201.6,203.6,201.3,NA
2026-08-28,2026-08-23,41,201.3,202,201.6,203.6,201.3,NA
2026-08-29,2026-08-23,40,201.3,202,201.6,203.6,201.3,NA
2026-08-30,2026-08-23,39,201.3,202,201.6,203.6,201.3,NA
2026-08-31,2026-08-23,38,201.3,202,201.6,203.7,201.2,NA
2026-09-01,2026-08-23,37,201.3,202,201.6,203.7,201.3,NA
2026-09-02,2026-08-23,36,201.3,202,201.6,203.7,201.3,NA
2026-09-03,2026-08-23,35,201.3,202,201.6,203.7,201.2,NA
2026-09-04,2026-08-23,34,201.3,202,201.6,203.6,201.3,NA
2026-09-05,2026-08-23,33,201.3,202,201.6,203.6,201.3,NA
2026-09-06,2026-08-23,32,201.3,202,201.6,203.6,201.3,NA
2026-08-26,2026-08-24,44,202.5,201.8,202.1,203.9,200.1,NA
2026-08-27,2026-08-24,43,202.5,201.8,202.1,203.9,200.1,NA
2026-08-28,2026-08-24,42,202.5,201.8,202.1,203.9,200.1,NA
2026-08-29,2026-08-24,41,202.5,201.8,202.1,203.9,200.1,NA
2026-08-30,2026-08-24,40,202.5,201.8,202.1,203.9,200.1,NA
2026-08-31,2026-08-24,39,202.5,201.8,202.1,203.9,200.1,NA
2026-09-01,2026-08-24,38,202.5,201.8,202.1,204,200.1,NA
2026-09-02,2026-08-24,37,202.5,201.8,202.1,204,200.1,NA
2026-09-03,2026-08-24,36,202.5,201.8,202.1,203.9,200.1,NA
2026-09-04,2026-08-24,35,202.5,201.8,202.1,203.9,200.1,NA
2026-09-05,2026-08-24,34,202.5,201.8,202.1,203.9,200.1,NA
2026-09-06,2026-08-24,33,202.5,201.8,202.1,203.9,200.1,NA
2026-08-26,2026-08-25,45,203.2,201.4,202.3,203.8,197,NA
2026-08-27,2026-08-25,44,203.2,201.5,202.2,203.8,197,NA
2026-08-28,2026-08-25,43,203.2,201.5,202.2,203.8,197,NA
2026-08-29,2026-08-25,42,203.2,201.5,202.2,203.8,197,NA
2026-08-30,2026-08-25,41,203.2,201.5,202.2,203.8,197,NA
2026-08-31,2026-08-25,40,203.2,201.5,202.2,203.7,197,NA
2026-09-01,2026-08-25,39,203.2,201.5,202.2,203.7,197,NA
2026-09-02,2026-08-25,38,203.2,201.5,202.2,203.7,197,NA
2026-09-03,2026-08-25,37,203.2,201.5,202.2,203.7,197,NA
2026-09-04,2026-08-25,36,203.2,201.5,202.2,203.8,197,NA
2026-09-05,2026-08-25,35,203.1,201.5,202.2,203.7,197,NA
2026-09-06,2026-08-25,34,203.1,201.5,202.2,203.7,197,NA
2026-08-27,2026-08-26,45,203.2,206.6,202.7,203.6,211.5,NA
2026-08-28,2026-08-26,44,203.2,206.7,202.7,203.6,211.5,NA
2026-08-29,2026-08-26,43,203.2,206.7,202.7,203.6,211.4,NA
2026-08-30,2026-08-26,42,203.2,206.7,202.7,203.6,211.4,NA
2026-08-31,2026-08-26,41,203.2,206.7,202.7,203.5,211.4,NA
2026-09-01,2026-08-26,40,203.2,206.7,202.7,203.5,211.4,NA
2026-09-02,2026-08-26,39,203.2,206.7,202.7,203.5,211.4,NA
2026-09-03,2026-08-26,38,203.2,206.7,202.7,203.5,211.4,NA
2026-09-04,2026-08-26,37,203.2,206.7,202.7,203.5,211.4,NA
2026-09-05,2026-08-26,36,203.1,206.7,202.7,203.5,211.5,NA
2026-09-06,2026-08-26,35,203.1,206.7,202.7,203.5,211.5,NA
2026-08-28,2026-08-27,45,202.9,207.3,202.5,203.4,208.9,NA
2026-08-29,2026-08-27,44,202.9,207.2,202.5,203.4,208.8,NA
2026-08-30,2026-08-27,43,202.9,207.2,202.5,203.4,208.8,NA
2026-08-31,2026-08-27,42,202.9,207.2,202.5,203.3,208.8,NA
2026-09-01,2026-08-27,41,202.9,207.2,202.5,203.3,208.8,NA
2026-09-02,2026-08-27,40,202.9,207.2,202.5,203.3,208.8,NA
2026-09-03,2026-08-27,39,202.9,207.2,202.5,203.3,208.8,NA
2026-09-04,2026-08-27,38,202.9,207.2,202.5,203.3,208.8,NA
2026-09-05,2026-08-27,37,202.9,207.2,202.5,203.3,208.8,NA
2026-09-06,2026-08-27,36,202.9,207.2,202.5,203.3,208.8,NA
2026-08-29,2026-08-28,45,202.6,205.9,201.9,202.8,204.7,NA
2026-08-30,2026-08-28,44,202.6,205.8,201.9,202.8,204.7,NA
2026-08-31,2026-08-28,43,202.6,205.8,201.9,202.8,204.7,NA
2026-09-01,2026-08-28,42,202.6,205.8,201.9,202.8,204.7,NA
2026-09-02,2026-08-28,41,202.6,205.8,201.9,202.8,204.7,NA
2026-09-03,2026-08-28,40,202.6,205.8,201.9,202.8,204.7,NA
2026-09-04,2026-08-28,39,202.6,205.8,201.9,202.8,204.7,NA
2026-09-05,2026-08-28,38,202.6,205.8,201.9,202.8,204.6,NA
2026-09-06,2026-08-28,37,202.6,205.8,201.9,202.8,204.6,NA
2026-08-30,2026-08-29,45,202.4,205.1,201.8,202.3,201.4,NA
2026-08-31,2026-08-29,44,202.4,205.1,201.8,202.4,201.3,NA
2026-09-01,2026-08-29,43,202.4,205.1,201.8,202.4,201.3,NA
2026-09-02,2026-08-29,42,202.4,205.1,201.8,202.4,201.3,NA
2026-09-03,2026-08-29,41,202.4,205.1,201.8,202.4,201.3,NA
2026-09-04,2026-08-29,40,202.4,205.1,201.8,202.3,201.3,NA
2026-09-05,2026-08-29,39,202.4,205.1,201.8,202.3,201.3,NA
2026-09-06,2026-08-29,38,202.4,205.1,201.8,202.3,201.3,NA
2026-08-31,2026-08-30,45,202.3,204.7,201.8,202.4,201,NA
2026-09-01,2026-08-30,44,202.3,204.7,201.8,202.4,201,NA
2026-09-02,2026-08-30,43,202.3,204.7,201.8,202.4,201,NA
2026-09-03,2026-08-30,42,202.3,204.8,201.8,202.4,201,NA
2026-09-04,2026-08-30,41,202.3,204.7,201.8,202.3,201,NA
2026-09-05,2026-08-30,40,202.3,204.7,201.8,202.3,200.9,NA
2026-09-06,2026-08-30,39,202.3,204.7,201.8,202.3,200.9,NA
2026-09-01,2026-08-31,45,202,203.5,201.6,202.2,199.5,NA
2026-09-02,2026-08-31,44,202,203.4,201.6,202.2,199.5,NA
2026-09-03,2026-08-31,43,202,203.4,201.6,202.2,199.5,NA
2026-09-04,2026-08-31,42,202,203.4,201.6,202.2,199.5,NA
2026-09-05,2026-08-31,41,202,203.4,201.6,202.2,199.4,NA
2026-09-06,2026-08-31,40,202,203.4,201.6,202.2,199.4,NA
2026-09-02,2026-09-01,45,202.2,201.6,201.7,201.9,196.4,NA
2026-09-03,2026-09-01,44,202.2,201.6,201.7,201.9,196.4,NA
2026-09-04,2026-09-01,43,202.2,201.6,201.7,201.9,196.4,NA
2026-09-05,2026-09-01,42,202.2,201.6,201.7,201.9,196.3,NA
2026-09-06,2026-09-01,41,202.2,201.6,201.7,201.9,196.3,NA
2026-09-03,2026-09-02,45,202.7,205,202.5,201.8,210.8,NA
2026-09-04,2026-09-02,44,202.7,205,202.5,201.8,210.8,NA
2026-09-05,2026-09-02,43,202.7,205,202.5,201.8,210.8,NA
2026-09-06,2026-09-02,42,202.7,205,202.5,201.8,210.8,NA
2026-09-04,2026-09-03,45,203.4,206.5,203.5,202.2,208,NA
2026-09-05,2026-09-03,44,203.4,206.5,203.5,202.2,207.9,NA
2026-09-06,2026-09-03,43,203.4,206.5,203.5,202.2,207.9,NA
2026-09-05,2026-09-04,45,204.3,206.1,204.8,202.8,205.7,NA
2026-09-06,2026-09-04,44,204.3,206.1,204.8,202.8,205.6,NA
2026-09-06,2026-09-05,45,205,205.8,205.7,203.6,203.5,NA
